Age,Income,Debt,Credit_Utilization,Loan_Amount,Loan_Duration,Previous_Defaults,Payment_History,Employment_Length,Num_Credit_Cards,Monthly_Expenses,Existing_Loans,Credit_History_Length,Savings,Creditworthy
56,37952.26,22111.52,0.4033,30781.1,12,0,65.3,9.4,6,1481.76,2,28.4,7323.26,1
69,64507.31,17827.15,0.6367,35290.95,60,0,78.26,8.6,8,2018.19,3,39.1,12917.37,1
46,67649.08,19797.15,0.4738,21530.82,60,2,61.75,3.0,2,2854.13,3,17.6,2547.64,1
32,45516.44,25173.57,0.0308,17393.83,24,0,62.54,2.1,2,1747.16,4,4.4,5595.76,1
60,39564.56,13800.27,0.8081,5563.06,60,0,65.02,3.5,6,1865.93,3,27.4,44.6,1
25,87190.41,6076.64,0.1209,21080.69,48,0,70.43,1.3,3,3932.06,1,4.2,11096.14,1
38,59549.92,25409.04,0.4648,40749.23,24,0,89.97,0.0,3,3190.81,2,5.0,3848.82,1
56,67719.36,10761.77,0.5783,32901.93,12,0,61.92,2.2,8,2072.87,4,6.0,30802.3475,1
36,38558.48,9477.3,0.7014,21748.58,48,1,99.35,0.1,3,2140.57,2,4.2,6139.99,1
40,30614.31,630.42,0.4126,23033.78,36,1,70.95,0.2,6,990.4,1,15.5,11830.39,1
28,43611.0,19570.26,0.7308,13114.84,12,0,72.81,0.1,1,2137.96,4,2.1,1915.71,1
28,52519.57,2028.38,0.1387,16428.64,60,0,69.92,10.6,3,2185.24,1,6.5,16405.1,1
41,33715.6,8997.93,0.6504,21475.99,12,0,84.1,0.8,5,1632.58,3,7.4,151.16,1
53,54803.1,19705.89,0.8198,21506.34,60,0,60.78,1.5,4,2349.71,1,21.2,552.45,1
57,21229.9,20775.37,0.8817,30107.5,48,0,63.74,3.4,8,992.44,3,28.5,15011.83,0
41,32599.05,9786.37,0.578,29620.83,48,0,63.95,3.8,5,1632.15,0,15.0,5184.43,1
20,68418.22,13926.77,0.3166,25205.67,48,0,86.58,0.7,1,2150.89,4,1.0,552.23,1
39,67075.81,8019.24,0.1701,10008.54,24,0,73.18,12.0,1,2442.34,4,2.2,4970.76,1
19,47162.46,10612.83,0.3486,10385.85,60,0,77.5,1.3,3,2542.42,0,0.2,1754.41,1
41,34644.71,17129.72,0.5392,11121.09,12,0,98.0,14.3,5,1831.68,2,14.9,6305.6,1
61,34451.93,10986.83,0.2024,22355.2,12,0,68.0,1.5,3,1643.47,2,7.2,30802.3475,1
47,47534.64,13046.28,0.9435,2000.0,12,0,62.81,0.0,5,1672.14,3,22.7,126.42,1
55,67890.37,3282.35,0.8892,19937.25,24,0,77.66,17.9,1,2164.04,4,28.8,15091.61,1
19,73564.91,24063.65,0.0423,34086.43,24,0,66.56,3.3,1,1958.14,0,0.3,4578.61,1
38,45069.37,19080.53,0.5607,26668.26,60,0,65.79,10.5,7,2529.98,3,2.5,15343.44,1
50,31930.15,21343.24,0.7835,16492.72,24,0,76.41,6.6,5,1475.0,3,19.9,5912.61,1
29,60356.87,25323.4,0.2505,13017.45,48,0,86.79,1.0,2,2340.07,0,2.6,13904.45,1
39,38529.3,8398.3,0.5234,28057.15,12,1,69.71,9.3,9,1849.56,4,12.9,7981.91,1
61,44634.95,12132.84,0.4079,23060.55,48,0,95.04,0.3,9,1797.27,1,14.4,13663.48,1
42,81505.52,0.0,0.2026,17535.68,24,1,74.5,3.5,9,2990.38,1,8.7,7197.4,1
66,71542.31,36696.87,0.6124,14109.69,12,0,97.36,1.5,4,2983.68,1,25.0,11105.97,1
44,58159.49,13803.32,0.9838,20763.83,36,0,79.7,2.2,4,2882.0,3,5.6,6158.53,1
59,29561.62,23309.82,0.368,16969.63,48,1,89.07,7.1,9,1564.51,3,31.9,2685.82,1
45,59227.93,5094.71,0.5513,27843.8,36,0,93.96,5.8,1,1677.32,2,3.5,14157.65,1
33,76253.15,22971.11,0.3313,32411.69,60,0,81.19,2.9,8,2071.17,3,11.5,6909.56,1
32,47487.33,29860.73,0.8694,6327.5,48,1,94.01,0.2,1,1725.83,2,4.3,4968.52,1
64,82022.28,14517.75,0.8573,7741.8,12,0,75.12,0.2,7,2157.49,0,26.1,30802.3475,1
68,80854.91,6912.95,0.1852,33480.56,12,0,74.54,6.1,6,3355.0,0,39.9,548.47,1
61,88274.66,13889.63,0.8919,21658.19,36,0,91.76,14.9,8,4631.32,4,11.4,12916.75,1
69,61104.86,0.0,0.1585,8683.49,12,0,69.65,9.4,5,2235.81,4,22.1,5348.32,1
20,66747.83,14696.91,0.1035,29832.52,48,0,88.68,0.7,8,2727.37,3,0.2,4048.51,1
54,83283.75,21567.74,0.6499,23416.85,24,0,63.08,0.6,6,3676.54,4,9.0,22556.62,1
68,63947.88,14713.94,0.3882,42032.46,24,1,85.43,4.7,9,3546.27,2,9.9,14956.47,1
24,44975.32,12726.88,0.5301,17646.98,12,2,97.68,5.4,3,2513.57,0,3.8,207.29,1
38,46029.14,19220.54,0.6495,31087.04,60,1,78.26,4.8,4,2120.19,2,11.7,13311.52,1
26,59771.1,19832.2,0.0618,5511.66,48,1,76.64,10.8,7,1514.58,2,3.5,83.07,1
56,29188.77,1720.76,0.2971,33960.28,60,1,81.62,1.3,2,914.2,1,3.8,485.02,1
35,52134.82,15710.58,0.4617,29441.6,36,0,88.78,0.9,6,1653.86,4,4.1,2939.11,1
21,76930.94,34487.88,0.2713,36043.47,12,0,74.35,12.3,8,3459.21,2,1.7,30802.3475,1
42,12000.0,4319.87,0.058,31105.8,36,1,60.01,6.4,3,583.04,1,2.6,4963.9,1
31,85689.64,14316.65,0.0949,19009.52,60,0,80.08,6.2,1,2396.37,3,6.6,8421.42,1
67,77447.48,30533.97,0.7957,8288.73,48,0,76.77,2.0,5,2683.98,1,10.4,15199.87,1
26,45804.71,23833.4,0.9032,13979.47,60,0,81.31,4.9,4,1919.44,0,4.1,3037.08,1
43,65867.82,10892.83,0.1592,2388.5,24,0,88.61,6.5,3,3340.31,1,16.3,27945.18,1
19,55062.95,16649.08,0.2543,10791.01,60,0,71.34,4.6,6,2008.78,3,0.7,6189.57,1
37,79599.81,14983.11,0.6492,24258.61,60,0,80.21,6.7,5,3309.18,0,7.7,20994.5,1
45,74653.66,9015.43,0.9452,19522.47,60,0,70.14,4.5,3,3100.98,1,14.1,6023.36,1
64,26998.59,14405.98,0.3036,17764.1,60,0,78.37,20.1,2,1509.0,1,21.8,23767.02,1
24,66745.25,12760.27,0.8481,12068.97,48,0,73.78,3.4,3,3549.13,2,2.9,19694.06,1
61,50887.44,15901.99,0.5059,2276.01,12,1,74.76,0.1,4,2727.37,2,15.9,4212.87,1
25,56656.65,9012.93,0.9474,21820.83,48,0,83.17,0.9,9,1731.06,2,4.6,914.61,1
64,40436.56,4787.05,0.1435,23791.6,36,0,87.58,16.6,6,2225.12,4,15.5,651.74,1
52,89962.74,14669.75,0.9642,10084.36,24,0,60.51,3.2,6,3429.79,2,17.5,6297.15,1
31,75801.24,28720.95,0.4422,14665.6,12,0,95.07,0.6,1,3271.45,2,5.4,415.87,1
34,40204.58,15657.62,0.9439,35421.33,24,0,74.57,0.8,4,1828.39,3,5.4,9725.48,0
53,28307.79,12347.25,0.4595,31594.98,24,0,85.74,0.1,3,1113.61,2,12.4,16509.3,1
67,47286.55,21032.69,0.5295,5155.75,12,0,64.9,1.3,4,1723.19,1,19.8,20174.29,1
57,63690.05,13733.44,0.7987,19153.64,12,1,82.86,21.6,2,2118.79,2,15.0,29103.53,1
21,59804.12,29944.26,0.7182,34549.56,36,1,87.14,2.0,9,2518.85,0,1.8,878.01,0
19,80062.66,14968.7,0.6172,17835.79,48,0,66.3,1.4,6,4237.0,0,0.5,20893.08,1
23,70798.39,20603.98,0.4186,17310.57,12,0,96.49,5.5,1,3575.85,2,2.3,1057.33,1
59,74391.38,8963.16,0.7866,30927.38,36,1,90.3,5.6,4,3124.19,1,9.0,30802.3475,1
21,54915.35,19024.71,0.9393,29870.69,60,0,81.36,17.2,5,2241.61,4,1.3,1152.37,1
46,27214.03,17200.75,0.0196,29353.03,12,0,66.64,6.5,2,691.89,2,12.3,30802.3475,1
35,54915.35,14547.95,0.5861,17380.15,48,0,94.62,0.6,7,1630.84,0,10.1,5298.5,1
43,76201.79,10985.94,0.8587,26628.88,60,0,62.75,21.2,4,2379.56,1,10.2,13469.8,1
61,53969.54,9895.76,0.6501,34947.46,60,0,64.61,6.9,5,2407.67,4,19.9,1927.96,1
51,65061.81,17258.82,0.7948,19501.26,60,1,87.93,1.5,8,3623.42,2,12.6,861.45,1
27,54915.35,20031.51,0.8872,15965.9,60,0,70.15,1.5,7,1728.18,4,7.1,11159.9,1
53,34403.76,13982.7,0.7459,32300.73,24,0,78.37,16.1,3,1769.67,3,24.5,8055.52,1
31,52533.12,17298.14,0.7127,40454.4,48,0,81.56,1.1,5,1890.73,3,1.7,23855.39,1
48,61180.95,14696.68,0.9555,41150.05,36,2,78.33,1.3,8,3495.8,1,21.0,11418.23,0
65,41886.25,15788.21,0.8564,16254.89,12,0,63.36,2.2,4,1319.19,4,16.7,10125.89,1
32,50285.78,13396.44,0.8091,17259.6,36,0,89.5,5.7,7,1939.17,3,4.7,10573.68,1
25,36210.74,15143.78,0.0947,9708.38,24,0,69.6,2.8,9,1085.55,2,1.2,5122.35,1
31,77384.9,36584.32,0.2442,21180.52,60,1,89.54,1.9,2,2518.16,2,9.5,12791.47,1
40,49110.88,17493.07,0.5556,9258.81,12,1,94.61,1.6,5,1401.24,4,15.7,22466.61,1
57,84055.11,20162.38,0.7054,14733.67,48,1,81.45,0.7,1,2408.22,3,29.4,11763.77,1
38,85574.96,18504.19,0.3072,27011.3,12,0,88.26,4.0,6,3932.16,1,12.8,1198.7,1
33,53379.08,12897.47,0.1015,23899.77,12,0,61.48,1.6,7,2729.19,2,2.6,6017.98,1
62,34831.03,25351.91,0.3149,2000.0,36,0,61.47,2.0,6,964.85,4,5.2,5170.07,1
35,13282.04,12670.69,0.7656,35702.92,60,0,67.89,0.0,6,430.03,3,12.5,6625.09,0
64,25559.26,23440.44,0.8699,9130.04,48,0,74.34,3.8,6,912.54,1,22.3,3446.17,0
41,27523.3,12326.34,0.9046,10390.66,12,0,67.31,6.0,8,1547.51,2,6.1,8171.31,1
43,82569.39,7320.22,0.3813,7610.78,24,0,85.4,13.1,9,3710.24,4,4.0,16314.25,1
42,57316.49,17923.17,0.3751,13387.17,24,1,71.08,1.1,4,1637.86,0,4.8,4084.61,1
62,62792.09,6162.65,0.4086,11031.94,60,1,93.83,12.6,3,2343.7,4,9.2,25349.04,1
58,12000.0,19285.12,0.3783,11275.67,12,0,82.42,2.2,7,586.07,4,21.9,3231.99,1
46,31040.67,5446.73,0.6629,2000.0,60,3,75.12,8.1,8,1788.19,4,7.8,6960.0,0
32,72741.6,12447.94,0.3612,21299.27,12,0,95.72,11.4,3,3608.88,2,4.4,10636.18,1
62,60735.48,3546.16,0.0299,22320.65,48,0,93.13,16.3,6,1885.19,2,22.8,17119.75,1
18,52055.89,36696.87,0.4402,42444.07,24,0,92.8,2.0,7,2722.85,2,0.0,11016.2,1
42,66296.85,1768.32,0.2297,24863.41,36,2,89.13,3.4,7,1664.79,4,9.1,21303.14,1
24,87715.96,15078.51,0.0382,15034.11,60,0,84.57,2.9,2,3603.35,4,0.8,17787.45,1
26,50579.15,24146.43,0.4714,7992.85,48,0,74.67,4.0,8,1846.26,3,4.5,2280.68,1
41,56387.4,23291.09,0.2118,19037.24,24,1,76.9,5.9,6,3188.38,3,13.3,4632.39,1
18,58851.94,21810.74,0.4537,24487.23,48,0,85.88,5.9,6,1561.38,1,0.0,295.94,1
61,102842.19,12462.17,0.2822,14966.51,36,1,66.91,0.6,3,3447.16,0,4.3,3388.31,1
25,13012.87,25808.71,0.6016,20610.16,12,0,93.11,4.7,6,438.04,2,3.5,151.4,1
41,68664.46,22307.13,0.9811,38973.54,12,1,97.55,0.9,9,2685.65,0,14.8,11609.39,1
28,52703.96,16698.4,0.5463,16158.9,48,0,63.92,6.2,6,2939.73,2,2.5,12379.98,1
68,66335.43,16924.65,0.644,2000.0,48,0,60.9,18.8,4,3101.45,3,22.9,15250.9,1
34,41852.55,12568.62,0.9109,28734.87,60,1,65.71,7.4,9,1215.72,1,9.4,1534.06,0
25,54020.7,7722.78,0.3765,23143.21,48,0,90.4,5.9,6,2835.84,0,3.6,3922.2,1
52,69228.21,24897.21,0.1732,2910.08,12,1,64.31,0.4,6,3184.12,4,21.8,9898.97,1
52,108025.5475,25497.66,0.2871,24276.44,48,0,74.89,1.0,8,2994.6,3,13.1,19190.84,1
50,71160.72,7927.13,0.4047,10021.36,24,1,62.52,2.2,2,3957.89,1,22.7,18914.03,1
22,38038.69,13769.72,0.6421,24413.22,24,0,77.3,13.6,2,1011.11,2,1.3,5166.22,1
59,46524.81,13852.61,0.0145,39072.64,12,0,84.15,2.0,5,2109.04,2,8.5,4012.91,1
56,45931.72,14738.75,0.8463,18230.31,48,0,85.14,8.4,9,2068.21,1,24.7,6239.71,1
58,19087.14,15514.36,0.0846,30832.71,48,1,80.76,0.5,1,864.52,2,4.3,1739.33,1
45,48398.2,22574.89,0.8926,7715.13,48,0,97.52,5.4,1,2578.45,2,20.7,2617.95,1
24,69656.58,9022.26,0.9404,4805.81,24,1,81.25,7.6,2,2028.49,4,0.9,182.97,1
26,29515.36,8229.22,0.9803,40173.7,12,0,94.37,3.9,4,1263.92,2,5.2,13766.17,1
25,75969.65,24892.96,0.8033,23078.15,60,0,99.72,7.3,7,3351.79,0,1.3,30802.3475,1
29,64755.5,11298.84,0.149,26366.7,24,0,69.19,6.4,3,2477.26,1,3.3,806.9,1
51,40315.33,4895.72,0.702,31520.22,12,1,70.62,3.2,3,1717.53,1,17.2,1629.56,1
50,52169.41,11118.96,0.2093,14721.85,12,0,80.87,10.0,6,2175.37,4,6.3,2285.04,1
65,86966.44,12359.58,0.8892,28251.16,60,1,67.3,2.1,3,4374.34,3,7.9,7865.53,1
40,69670.96,27439.7,0.3203,26735.44,36,0,82.57,2.8,7,2080.59,3,16.5,4901.04,1
41,55175.67,22398.61,0.3303,7051.95,60,1,87.38,3.9,7,1433.81,2,13.9,822.54,1
54,50246.33,24180.16,0.9093,35129.85,60,0,62.42,0.7,4,2816.29,1,6.6,48.79,0
52,56532.18,21559.79,0.023,33068.61,12,1,87.26,3.6,5,2004.34,0,15.8,4127.04,1
61,44764.73,22569.95,0.2001,7162.83,36,0,66.38,2.0,5,2300.51,0,29.4,5830.17,1
57,12905.01,9495.34,0.4235,22002.86,36,0,71.97,1.5,1,460.17,2,6.3,11699.68,1
39,95843.56,13411.18,0.6967,17689.2,48,0,89.55,4.3,3,2408.69,3,14.0,30802.3475,1
44,54915.35,7080.68,0.6446,34183.07,60,0,66.54,2.0,5,1870.24,2,17.9,5335.45,1
52,62962.95,13316.1,0.666,5893.88,60,2,81.27,9.7,5,1795.37,3,11.5,7353.02,1
18,53841.85,20472.84,0.8724,47423.698749999996,36,1,83.57,2.6,6,2822.64,4,0.0,13199.2,0
52,40297.66,16076.67,0.1286,18255.16,36,0,66.57,2.7,1,1236.86,4,12.7,5401.28,1
54,51281.51,25491.85,0.5217,27384.45,36,0,70.99,20.1,6,2980.62,4,26.3,9098.67,1
64,23012.1,5868.67,0.721,33874.98,12,1,84.26,2.1,5,1045.29,1,33.5,4593.56,0
31,100541.73,19001.91,0.6334,18040.01,12,1,78.45,0.7,9,3595.77,3,7.8,30802.3475,1
20,54915.35,5013.58,0.4493,18850.58,12,0,86.4,10.5,4,1267.72,3,0.2,2514.59,1
18,34360.67,15753.41,0.0268,14971.69,60,1,94.19,12.4,6,1960.52,1,0.0,13815.29,1
22,46194.82,20922.67,0.0692,11145.34,36,0,65.4,1.3,7,2134.43,4,0.7,954.58,1
43,80761.51,13283.98,0.1266,22718.59,12,1,62.83,10.7,2,4047.82,1,3.1,3164.08,1
31,55290.18,19409.01,0.3464,18647.33,48,0,86.67,3.4,6,2292.22,2,2.9,11996.11,1
56,30277.28,7322.14,0.1253,14906.26,36,0,90.83,0.2,5,1294.6,4,17.4,3661.24,1
44,80086.77,1690.48,0.4276,15490.36,36,0,77.97,4.0,8,4628.8,3,11.0,3668.48,1
26,69620.01,19456.24,0.1851,25762.33,36,2,75.76,9.4,6,3143.29,2,3.0,2311.94,1
32,65768.7,28952.08,0.7736,12024.36,12,0,83.87,2.5,4,2832.27,2,6.6,883.21,1
32,69314.68,7031.64,0.8641,17530.35,24,0,82.06,4.0,1,3750.92,4,4.0,4384.21,1
43,102887.24,24777.55,0.3919,28986.67,48,0,79.61,0.8,3,4112.76,1,8.0,1000.71,1
59,98701.9,15347.39,0.5111,22472.25,48,0,92.75,9.2,3,4025.8,3,10.1,30802.3475,1
30,41265.69,4314.47,0.9444,9504.41,24,2,66.94,0.6,9,2008.55,4,5.0,3593.45,0
68,87477.7,5947.96,0.5348,19761.29,48,1,87.25,0.5,6,2652.95,2,30.0,7562.19,1
49,62663.36,15126.28,0.9852,24370.22,12,0,89.65,13.6,7,1838.56,2,14.2,3191.2,1
56,64981.92,11764.3,0.1493,29892.72,36,1,96.05,10.3,7,2963.9,2,26.4,2614.07,1
66,21154.58,4496.7,0.855,12446.21,24,0,97.8,4.3,2,658.23,2,21.3,12678.37,1
69,51592.28,1447.69,0.4973,14414.7,36,1,80.31,0.6,2,2038.8,1,12.3,4497.11,1
49,38743.53,8226.25,0.0323,13048.4,48,1,77.35,3.9,5,2007.49,3,14.2,1807.42,1
21,71561.18,16550.47,0.9628,13544.8,60,0,80.16,12.7,2,2528.39,1,1.1,2236.97,1
47,76421.61,14948.79,0.9557,24050.05,48,0,89.3,4.7,4,3801.44,4,12.9,20980.69,1
54,13510.27,10990.1,0.3856,25944.89,48,2,60.69,1.1,1,485.4,1,6.1,8330.24,0
40,54559.3,16615.1,0.9451,30509.03,24,1,66.97,11.8,9,1436.3,4,14.2,10815.99,0
56,77437.23,23320.21,0.1482,19088.25,36,0,96.31,10.0,8,2172.5,0,13.0,913.09,1
62,51266.42,18153.01,0.6765,5946.77,24,0,67.82,4.0,2,2023.09,0,4.9,8637.11,1
32,69581.27,14029.53,0.1981,26694.7,12,0,69.14,9.6,9,2476.83,4,6.9,2060.48,1
60,62023.31,22424.58,0.2517,21591.44,36,0,97.58,0.3,7,2520.11,1,24.3,1295.81,1
46,61833.2,7321.2,0.7738,20599.69,12,1,71.77,3.1,9,2623.95,4,4.2,6641.33,1
53,49573.7,13200.64,0.3798,7165.97,12,0,71.62,1.0,4,2797.1,2,12.7,9040.3,1
30,30668.38,13391.3,0.017,18041.64,24,0,96.95,9.1,4,1249.39,1,5.2,4506.9,1
49,32569.4,5104.37,0.416,8063.45,48,0,75.0,17.7,2,1745.15,0,14.0,11694.44,1
24,69187.05,11641.01,0.2335,24819.65,60,0,79.76,13.3,5,3691.59,3,0.7,17585.81,1
68,55389.17,0.0,0.6797,15701.06,48,0,82.42,3.5,2,3023.22,0,27.1,9607.92,1
39,52229.76,30297.42,0.2006,14804.66,48,0,94.73,3.6,7,2242.28,3,3.5,15270.79,1
45,46522.2,7500.69,0.8354,4628.45,36,1,63.1,11.9,4,1606.84,4,9.3,18862.13,1
19,48896.22,27688.91,0.2718,30270.96,24,1,70.43,6.4,9,2503.9,4,0.5,30802.3475,1
59,75938.24,15304.68,0.3952,17414.35,36,0,83.48,0.4,7,2715.25,2,25.6,8732.3,1
62,48295.12,19518.91,0.3021,20869.81,60,1,77.38,0.7,2,2649.44,0,15.7,1180.2,1
23,28178.71,11089.6,0.641,12645.1,24,1,71.13,15.2,8,802.95,0,3.4,5330.22,1
45,69873.04,16663.44,0.1091,3494.25,48,0,76.39,2.3,9,3326.32,4,17.3,13672.0,1
45,50902.47,20203.92,0.4785,14683.74,12,0,98.65,1.0,6,2089.18,4,10.4,20496.89,1
61,55627.92,20316.42,0.3378,16284.59,48,0,60.84,6.7,4,2516.38,2,30.7,2353.55,1
61,87151.57,21198.19,0.8765,22927.6,48,0,65.88,10.6,6,2501.9,1,33.3,9221.7,1
37,54588.79,12053.34,0.0819,16449.68,24,1,60.75,1.2,3,3132.11,4,5.5,13097.1,1
47,60783.67,11157.12,0.8231,12816.51,48,0,83.74,1.4,4,2967.14,2,19.6,30802.3475,1
28,31421.53,2246.59,0.1743,4966.61,60,1,60.52,11.5,7,1084.13,4,3.0,4822.28,1
45,50606.61,19185.75,0.0968,20484.53,48,0,78.16,0.1,5,2765.64,1,15.7,445.46,1
42,67190.52,23659.03,0.2083,12034.4,12,3,94.37,11.9,7,2693.99,3,13.6,30802.3475,1
56,23892.53,27927.85,0.1106,33208.07,24,0,63.89,0.2,8,745.49,3,24.8,472.16,1
50,59016.9,17441.38,0.5206,21501.47,60,0,74.61,0.5,8,2322.55,4,8.1,2696.74,1
18,57015.82,8868.16,0.9785,25621.03,24,2,75.12,9.9,4,2032.27,1,0.0,8021.39,0
44,55825.75,1423.23,0.0436,17512.11,12,0,74.49,1.4,4,2713.92,2,10.4,919.29,1
69,75743.18,23333.33,0.4619,22012.8,36,0,89.1,1.3,3,1947.27,0,5.2,28653.48,1
30,61688.77,629.79,0.3883,11092.85,60,0,60.18,9.3,2,3352.14,4,7.7,8438.5,1
58,84561.44,12275.17,0.3428,8217.81,12,0,91.2,3.4,1,3332.68,0,30.1,4489.26,1
20,35128.21,13205.55,0.3352,20151.31,36,0,93.56,2.2,4,1010.45,3,1.6,4441.27,1
56,57718.49,14444.36,0.8871,25703.92,12,0,77.26,6.3,5,2920.3,4,13.4,117.38,1
23,56689.34,15286.42,0.0286,2000.0,36,1,95.49,8.3,5,3284.77,1,0.6,16620.68,1
25,33614.91,16105.18,0.7694,15008.97,36,0,75.24,9.9,4,1851.88,4,2.4,5255.52,1
44,74125.9,0.0,0.2579,38421.22,24,0,87.79,0.6,4,2260.11,3,18.7,99.66,1
26,101493.47,15117.25,0.3856,24792.28,48,0,75.55,4.4,2,3270.15,1,5.5,16007.5,1
54,54659.88,0.0,0.4217,35376.46,48,0,61.51,5.7,8,3166.07,4,13.2,24747.92,1
50,65100.42,20857.74,0.3086,13659.55,12,1,63.34,0.6,2,2067.48,1,6.6,10283.66,1
68,56690.37,10559.0,0.1017,15420.94,36,0,77.68,4.7,5,1987.36,2,27.6,30802.3475,1
59,40728.31,0.0,0.122,29667.33,48,1,99.6,0.2,9,1863.78,1,23.2,7672.63,1
61,18584.79,8486.36,0.3022,26235.2,12,1,67.1,2.1,5,645.11,0,23.3,882.73,1
41,40884.53,10439.4,0.8154,19056.15,12,0,95.82,0.9,1,1541.85,1,4.7,30802.3475,1
32,27160.83,24525.6,0.1419,7374.84,60,0,96.78,4.1,9,1350.14,0,9.5,3531.29,1
49,89082.04,16573.1,0.7378,31568.52,24,1,76.39,1.1,9,3988.83,1,3.9,12571.56,1
49,52697.81,17755.56,0.2931,45102.28,24,0,78.47,7.8,1,2740.54,2,24.1,6987.37,1
41,48081.61,24449.77,0.8758,4281.34,36,1,80.11,0.6,3,2444.92,2,16.8,1933.81,1
58,72783.08,14230.85,0.4298,34036.19,48,1,90.82,7.1,9,3758.69,0,31.8,4938.33,1
69,32564.98,21033.5,0.1783,15316.99,36,1,64.95,0.5,2,1007.15,1,26.5,5167.15,1
66,39662.72,20470.89,0.9761,16665.31,48,1,73.15,2.9,2,1331.28,2,25.1,14065.95,0
66,56361.45,4708.24,0.1831,22696.39,48,1,66.83,6.0,7,1752.03,3,17.7,3271.89,1
69,75575.38,26783.87,0.5663,7944.77,48,0,95.14,0.9,7,2198.32,2,9.1,30802.3475,1
29,65033.7,3637.59,0.5679,19628.62,48,0,62.82,7.0,4,3469.08,4,6.9,17501.25,1
56,59966.5,22338.93,0.3754,3887.46,48,0,89.91,15.3,5,1506.8,2,16.9,9698.83,1
19,54915.35,2863.42,0.9425,24760.82,60,0,77.59,2.3,9,2597.18,3,0.4,7380.37,1
20,63004.72,19809.89,0.837,42337.22,60,0,88.58,0.0,6,3408.31,2,1.4,13565.18,1
66,59033.06,29895.32,0.8232,13604.69,48,0,95.6,3.2,2,1805.42,4,4.9,30692.34,1
54,34400.55,13296.17,0.9647,18312.57,12,0,73.59,11.6,7,1928.31,1,15.7,30802.3475,1
66,55921.58,12949.15,0.458,18805.22,12,0,69.08,5.5,5,3182.82,4,26.7,20266.14,1
34,33526.23,19883.52,0.1052,29864.69,24,2,86.01,6.1,9,1487.22,0,1.6,313.03,1
66,56621.65,12364.83,0.7601,24055.72,48,0,99.9,7.9,2,2674.68,2,29.2,30802.3475,1
19,45387.04,29546.23,0.3832,29203.46,12,0,89.18,11.9,7,1417.03,4,0.2,13211.72,1
19,105787.63,16537.54,0.1965,14937.65,24,1,91.82,0.7,5,4929.34625,0,0.7,9500.4,1
45,54202.11,12438.64,0.4836,24335.69,12,1,85.19,4.5,1,2691.08,4,17.1,1961.71,1
40,26915.21,10677.72,0.9172,2000.0,24,0,74.73,11.0,1,1136.02,4,4.4,1347.31,1
54,52316.4,7536.41,0.1779,26674.63,36,1,86.19,7.5,1,2181.56,0,18.1,6126.56,1
49,65387.17,9977.96,0.8417,7822.07,12,0,65.14,1.4,5,2981.61,3,19.5,12777.25,1
50,88467.28,12194.61,0.4198,16724.06,48,0,79.55,10.4,1,2760.75,3,3.9,13713.09,1
18,43210.95,11098.89,0.1441,27452.51,48,0,82.92,1.7,9,1940.2,4,0.0,7948.21,1
36,23351.44,9734.6,0.8414,4639.1,60,1,96.27,2.6,9,638.21,0,2.4,16387.11,1
19,71336.74,31790.73,0.9602,30894.33,36,0,96.79,1.0,8,3221.56,4,0.5,8638.92,1
61,27388.03,6759.24,0.2954,18756.95,36,0,62.4,10.8,5,1209.38,2,30.9,5632.74,1
43,46276.89,16173.06,0.3075,34531.15,12,0,85.28,0.5,9,1708.52,2,9.4,4559.4,1
49,49847.59,19740.17,0.3927,10971.56,24,0,91.86,25.7,2,1396.18,2,12.6,3408.61,1
23,53607.33,20040.86,0.8078,2000.0,60,0,81.46,2.0,3,2323.23,3,3.9,17212.8,1
49,68783.29,14531.14,0.0202,19710.53,36,0,63.83,6.2,3,2722.66,1,13.0,2471.03,1
21,41327.31,13074.38,0.2295,25870.76,36,0,69.31,0.7,4,1463.52,4,0.9,22978.04,1
28,49525.41,18612.38,0.7018,26709.37,48,0,72.55,3.3,2,1944.71,1,8.0,3685.81,1
34,54714.59,17132.17,0.4075,8645.12,48,0,86.51,0.2,4,1478.98,2,9.2,5559.18,1
55,57991.96,12928.33,0.3337,3753.67,24,0,62.62,10.5,1,1614.57,2,18.8,1610.26,1
41,56956.54,2504.97,0.8648,16876.76,12,0,81.98,3.0,7,1697.93,4,12.9,1183.83,1
22,63720.12,11256.61,0.909,25164.44,24,1,64.36,6.8,5,2768.51,2,2.6,1515.82,1
69,71876.79,5827.6,0.939,24657.87,12,0,75.8,11.2,4,2475.22,1,6.4,13155.31,1
51,62852.68,9662.72,0.2771,35721.26,60,1,77.02,0.4,2,2063.9,2,7.9,11623.82,1
23,64071.71,15265.79,0.9043,16265.45,36,0,78.07,3.6,8,2948.34,1,0.6,12111.97,1
39,23355.54,17869.89,0.7322,2000.0,24,0,88.43,1.1,3,1048.53,2,6.5,18962.98,1
28,56004.55,29243.62,0.1611,31966.66,12,0,63.25,0.4,5,2031.54,2,6.3,2283.63,1
65,64590.15,10700.75,0.6081,21951.95,60,0,70.73,4.9,3,3632.52,1,18.0,2991.81,1
33,69578.82,21197.01,0.0358,22821.88,24,0,85.65,0.6,7,2662.96,1,8.8,30802.3475,1
50,41152.98,17447.68,0.7042,27670.9,36,1,97.74,3.4,4,1288.84,1,10.0,1127.35,1
26,41819.21,25367.98,0.7289,32636.44,60,0,84.83,1.1,9,2284.38,1,6.3,3278.12,1
23,43517.99,19609.83,0.7836,19769.8,48,0,95.33,1.1,1,2106.46,3,0.8,30802.3475,1
33,65728.28,6932.15,0.1791,31765.52,36,0,98.74,3.7,5,3284.0,3,7.5,7928.19,1
46,75677.62,1215.63,0.6257,25521.36,48,0,95.36,4.1,5,4033.53,3,14.6,26292.39,1
20,46850.8,17490.09,0.1853,13444.18,60,0,98.89,0.0,7,2414.67,2,1.2,16398.19,1
37,73159.25,10772.39,0.9377,17667.62,60,0,91.08,3.5,1,3896.41,4,2.1,29874.48,1
53,57469.6,7157.49,0.6715,26167.44,48,1,95.49,5.5,8,1872.86,3,9.9,13422.78,1
36,52514.28,4859.38,0.1034,12911.75,12,0,79.66,5.7,7,2390.81,2,7.4,3034.71,1
43,50772.32,16287.8,0.1933,28864.59,60,1,73.82,9.5,8,2412.87,4,11.7,14246.31,1
20,69932.23,27061.66,0.6602,21581.84,24,0,99.99,11.3,1,2430.62,0,0.3,4972.02,1
36,61511.56,11730.62,0.4771,23816.18,24,0,63.91,4.9,3,3576.45,4,12.1,1743.61,1
37,100516.51,19722.16,0.7316,34405.05,60,0,98.33,3.3,6,4929.34625,0,3.7,2844.04,1
49,37955.51,14181.87,0.2852,23565.67,48,0,77.23,1.1,7,2106.06,4,15.6,3467.33,1
24,65362.03,4684.94,0.6548,20714.12,48,0,60.9,0.7,3,1965.43,2,2.0,1086.14,1
69,44415.98,20878.49,0.1834,19174.12,36,0,92.12,4.7,9,1166.25,2,22.9,5147.07,1
58,37614.26,6242.46,0.5428,18653.43,48,0,77.77,14.6,5,976.21,0,5.3,28536.74,1
50,54782.66,15173.01,0.9486,23122.99,12,2,91.95,1.6,7,2952.25,3,22.2,2164.14,0
57,57747.05,12267.84,0.6257,33633.23,12,0,61.79,0.5,7,2495.45,1,11.5,30802.3475,1
56,108025.5475,22144.62,0.059,13882.24,24,0,98.97,2.8,5,3996.87,3,11.5,6663.5,1
35,51317.08,6534.79,0.979,13125.43,60,1,86.84,0.0,4,2660.92,2,6.8,14206.01,1
57,32396.43,18126.96,0.1637,32850.4,24,0,61.92,4.0,9,1505.42,4,11.2,1188.28,1
18,54915.35,8281.62,0.7137,14338.53,60,0,60.19,0.3,4,2759.26,4,0.0,19813.07,1
28,13507.2,10911.16,0.5319,22160.95,24,0,83.76,13.4,7,696.78,3,7.0,8628.75,1
45,53160.86,0.0,0.2985,14082.03,60,1,99.06,10.2,2,2160.43,4,11.0,1390.02,1
42,55320.51,31736.79,0.1838,3205.16,60,0,80.96,0.6,8,1681.31,2,4.3,6907.22,1
67,70892.01,19404.46,0.1841,21982.25,24,0,74.16,0.8,4,3940.69,2,35.0,11362.47,1
40,74472.44,8861.22,0.8512,31151.68,36,0,97.56,15.3,5,4009.76,3,10.2,5321.43,1
48,44928.61,6002.75,0.8655,19379.45,12,0,99.36,8.4,5,1495.57,4,23.2,3924.21,1
47,54915.35,11034.81,0.4658,5183.41,48,0,91.38,14.2,1,1869.6,1,20.6,3615.11,1
59,39677.58,20735.04,0.1115,21090.71,12,0,88.72,2.0,4,2076.65,2,29.0,7640.37,1
52,32438.75,0.0,0.8765,12440.49,48,1,60.08,0.6,7,1862.24,1,6.3,5783.53,0
24,61197.9,13867.32,0.4873,2000.0,60,1,72.55,4.8,4,3111.79,1,2.8,13524.47,1
33,29528.29,29165.13,0.44,19191.16,24,0,97.01,17.0,2,789.74,3,10.4,29722.28,1
43,46707.46,5928.43,0.4092,25176.84,24,1,74.73,0.7,5,1803.38,3,16.3,1981.25,1
65,35096.52,15643.08,0.3677,31777.05,48,0,73.38,8.5,7,1785.33,3,21.9,7106.97,1
69,65993.66,32626.48,0.5255,37568.55,24,0,81.49,2.2,4,2674.92,0,40.6,6728.43,1
66,91028.6,20057.21,0.6025,26509.36,24,1,77.91,0.6,6,4326.58,3,35.7,5119.05,1
19,28968.24,16007.39,0.4671,29335.67,24,0,94.35,3.1,4,759.31,0,0.4,13760.51,1
18,17939.63,19053.09,0.8887,7154.35,12,0,63.27,3.4,3,575.05,0,0.0,6110.54,0
65,52502.26,11793.08,0.3213,36218.26,24,0,86.35,0.0,1,2640.96,0,17.2,987.02,1
29,55313.96,25397.05,0.5767,32673.6,36,0,87.89,3.2,8,1737.89,0,3.3,6973.94,1
22,59373.19,11805.36,0.304,16328.85,48,0,95.2,5.2,6,3406.45,1,2.2,14039.42,1
54,46073.59,0.0,0.7483,26816.6,12,0,76.63,7.2,3,1715.02,3,21.4,30802.3475,1
49,50987.21,11869.58,0.1101,25810.68,12,0,71.8,0.5,1,1604.82,1,6.1,1210.23,1
26,62350.21,7266.12,0.1949,34702.14,60,0,85.06,10.5,4,1962.65,2,2.4,10050.63,1
58,75808.62,12750.45,0.7952,18488.92,60,0,89.0,0.9,4,2337.62,0,30.2,4357.37,1
52,15899.02,12927.33,0.1895,12537.67,24,0,66.84,5.4,8,581.61,0,18.6,2581.59,1
36,47621.21,24579.39,0.6232,15100.02,12,0,66.33,4.0,6,2113.76,1,10.6,9113.43,1
65,59276.18,20562.34,0.9608,28967.96,12,0,70.54,10.6,3,3226.87,3,6.3,5016.54,1
33,36640.48,17106.12,0.5224,2000.0,24,0,69.92,0.2,5,2056.16,0,5.8,753.92,1
20,89623.39,14976.44,0.1936,2000.0,48,0,90.03,1.1,6,4032.67,2,1.5,22605.98,1
37,42291.8,6529.14,0.3243,28942.49,12,1,81.23,0.7,5,1949.39,3,12.4,5674.21,1
41,54174.15,0.0,0.817,22748.05,60,1,81.91,2.0,2,2295.08,1,14.9,30802.3475,1
50,66120.44,15905.28,0.3546,20184.63,24,1,60.59,2.1,6,2395.08,3,23.3,2518.95,1
41,43174.3,21357.13,0.719,6944.53,12,0,99.77,0.5,8,1847.79,0,5.6,573.11,1
69,18068.54,14133.33,0.7718,2901.1,60,0,93.19,3.6,8,551.39,3,40.3,302.91,1
28,46426.91,10721.17,0.5012,13654.71,36,1,77.75,0.6,6,1660.22,0,4.1,9558.57,1
66,75588.81,18716.02,0.7775,23616.95,12,0,62.68,0.4,3,2392.51,3,33.1,18162.6,1
25,48262.1,14333.34,0.3206,14142.44,24,0,87.77,0.2,8,2557.61,3,2.2,10208.0,1
53,38071.31,28485.95,0.5158,29001.0,60,1,81.4,13.2,1,1158.66,1,19.4,17356.98,0
55,73513.44,24861.83,0.6828,10459.41,12,0,87.1,2.5,7,3668.17,1,5.3,7291.48,1
57,48384.5,22676.06,0.1747,14806.55,60,0,87.1,1.7,8,1316.68,4,30.1,1204.09,1
37,44796.78,21061.87,0.2781,27032.01,24,0,66.19,3.3,5,2105.03,3,3.5,16374.54,1
52,57989.12,4678.66,0.649,16230.85,12,0,73.15,0.9,4,2929.61,1,19.8,4510.98,1
65,70415.0,20303.95,0.6523,16726.5,24,3,60.71,2.6,5,1996.48,1,4.9,11800.88,0
42,102634.27,18010.61,0.4934,13565.12,48,0,99.29,1.1,1,4929.34625,2,11.0,1212.23,1
52,71544.72,19851.4,0.7897,11710.59,12,2,92.26,1.8,6,3185.95,2,11.1,3309.92,1
42,78196.8,18940.88,0.4824,23541.77,12,0,97.15,12.9,5,3743.43,0,6.3,5353.12,1
46,44880.68,18622.1,0.8737,24837.06,60,0,61.77,0.8,5,2204.04,0,16.8,30802.3475,0
35,34482.64,36606.93,0.7312,22271.48,12,1,80.01,3.2,5,1049.67,3,7.0,10149.89,0
63,56246.63,14390.51,0.3184,13838.16,48,0,89.9,5.4,9,2902.17,1,14.5,11815.74,1
35,57143.4,22490.7,0.3973,17985.08,60,1,64.15,12.5,9,2917.85,2,7.0,15035.46,1
19,33429.75,11232.08,0.6643,35959.35,60,0,91.08,12.8,8,1556.53,4,0.3,6788.76,1
52,51494.11,21325.13,0.8866,5789.17,36,0,85.9,1.4,9,2153.71,0,13.5,1689.12,1
33,62986.35,22514.56,0.1851,38858.91,12,1,99.4,14.3,5,3359.08,4,3.2,3664.09,1
58,62207.87,17915.41,0.5144,20997.2,36,2,65.63,2.0,2,3381.4,4,29.9,2834.26,0
53,65085.76,28353.98,0.1264,18198.74,48,0,85.17,11.3,2,2353.5,4,13.8,22710.05,1
50,60819.29,7925.79,0.2839,29533.78,12,0,97.89,0.5,8,2600.83,4,13.6,13033.02,1
21,44859.83,11102.23,0.6823,2000.0,36,0,89.75,1.1,3,1794.13,0,1.8,8042.98,1
50,44721.99,16699.04,0.0862,33803.2,36,0,73.45,0.4,1,1751.85,4,6.0,2791.77,1
31,31020.97,22046.45,0.6591,38577.26,60,0,64.77,1.8,2,1631.56,4,3.1,1695.06,0
38,90695.5,16435.44,0.8928,30879.73,36,0,98.55,10.4,6,4273.42,0,4.1,8947.51,1
65,55269.01,25286.07,0.96,2000.0,36,0,62.88,0.9,7,2254.79,0,20.5,1378.68,1
37,50502.94,9706.48,0.2223,27641.68,12,0,99.01,1.3,6,2589.95,0,9.7,6028.35,1
25,36424.16,5875.37,0.7439,36459.99,12,0,72.14,1.2,1,2055.67,4,4.2,8706.75,1
24,108025.5475,17465.03,0.9178,35427.49,60,0,94.41,1.6,1,4388.11,3,4.6,4399.71,1
20,33533.44,14382.56,0.0995,5919.11,12,0,82.17,0.1,6,989.69,2,0.3,26178.45,1
34,46423.04,19342.91,0.4157,30163.57,48,1,96.5,2.8,7,2583.9,2,9.1,962.54,1
50,63316.74,14780.78,0.911,37955.7,60,0,77.06,18.7,1,3603.48,4,20.1,5487.02,1
65,54915.35,12279.84,0.2087,20294.66,48,0,93.99,3.0,8,2588.84,4,26.6,22714.39,1
29,74158.64,14400.5,0.9251,5472.99,12,0,69.54,8.4,5,3456.79,1,7.7,1944.9,1
68,91152.17,15230.79,0.5266,28286.53,12,0,78.67,4.2,3,2553.69,4,23.2,9890.86,1
39,65123.15,12560.15,0.1079,30538.58,60,0,93.85,0.1,6,1728.92,1,14.1,8703.56,1
39,33879.38,13374.94,0.4509,18607.92,36,1,64.73,4.4,5,953.63,2,3.1,23482.7,1
63,49861.1,11771.25,0.3297,8092.77,24,1,89.15,14.6,6,2533.71,2,24.6,21635.93,1
47,61156.65,21853.32,0.2866,29818.72,24,0,77.47,4.0,1,2464.7,3,22.0,24607.75,1
55,96364.52,16552.17,0.5406,12311.91,12,0,80.53,3.8,6,4514.32,3,15.5,8694.17,1
55,27043.89,33054.02,0.4839,23973.47,48,0,83.16,5.5,1,1176.05,2,6.9,1969.84,1
62,79051.53,16285.64,0.4823,35581.66,60,1,71.03,10.2,5,2487.09,2,15.6,1470.9,1
68,58598.29,10593.14,0.0964,3412.02,36,0,63.85,4.2,5,3055.58,2,34.8,14715.25,1
25,71756.61,36365.4,0.7963,29077.64,12,1,60.75,2.6,6,2306.25,0,1.3,5434.85,0
44,52960.11,18309.01,0.4818,17934.18,48,0,77.24,0.2,8,1645.83,0,12.2,2848.94,1
44,38151.35,22921.0,0.8145,18193.47,12,0,70.75,0.6,7,1739.46,3,18.2,11025.03,1
51,70017.46,19736.82,0.8181,25143.16,24,0,85.32,5.2,7,3779.22,0,21.5,14912.91,1
38,68088.62,19984.09,0.3208,12286.16,12,0,88.64,4.8,8,3668.05,2,9.2,23981.68,1
47,74441.14,19285.23,0.0143,8249.81,48,0,80.15,1.4,7,2948.97,1,15.6,446.63,1
50,54733.91,6183.32,0.903,2158.05,24,0,84.76,6.3,5,2618.95,4,9.5,1125.93,1
45,43003.56,17940.23,0.7555,32317.63,12,0,82.43,1.6,9,2258.17,0,20.3,11384.55,1
64,23824.26,4401.11,0.1151,16283.28,24,1,60.18,1.8,4,767.34,0,5.6,1610.52,1
50,71387.47,13605.1,0.6977,25699.4,60,0,93.67,0.3,4,2724.5,2,11.4,1369.2,1
22,63477.79,9195.06,0.0296,15149.68,48,0,62.38,4.0,9,2927.15,2,1.5,2037.72,1
65,35684.35,17859.76,0.0372,8382.39,48,1,76.41,1.7,7,1890.62,2,30.2,3553.43,1
36,44228.53,17673.01,0.5253,26523.13,60,0,64.44,8.5,1,1601.08,2,7.8,21709.18,1
21,45664.82,18849.17,0.1041,23279.63,48,2,86.49,8.1,3,2087.31,4,2.1,16234.82,1
52,25340.31,17298.37,0.955,17631.01,48,0,73.02,0.7,6,682.97,4,10.2,4076.64,0
66,38646.35,10145.4,0.886,23018.96,12,1,62.85,0.9,6,2167.43,0,10.8,9826.74,0
34,32323.39,12911.97,0.6468,10395.15,36,0,61.81,1.9,1,1773.47,4,4.4,11664.98,1
61,46750.42,22363.17,0.0724,30606.0,12,1,69.49,4.3,9,2605.79,0,9.5,30802.3475,1
45,40226.05,23542.85,0.3283,32923.95,60,0,86.69,2.1,7,2303.99,3,9.1,845.52,1
47,22459.9,5825.74,0.3743,27593.05,60,0,88.73,2.2,6,1194.64,1,7.8,4454.33,1
46,95451.8,2752.58,0.4813,16280.14,36,1,65.14,0.8,4,3057.48,2,14.9,29191.42,1
63,80050.81,9184.88,0.1755,20593.47,12,1,65.56,2.0,1,3552.23,1,4.9,7595.92,1
23,39419.61,23361.66,0.576,35688.36,12,0,83.73,3.2,9,1221.71,4,2.3,15296.13,1
52,54915.35,24719.07,0.4371,32811.66,12,0,98.29,20.9,5,1552.47,0,12.7,2616.24,1
58,63349.3,7602.3,0.9384,39938.69,24,0,82.12,9.1,9,1886.44,4,13.3,3357.62,1
54,78821.72,17458.47,0.9275,12194.81,24,0,88.47,7.9,7,4182.25,0,5.5,22487.4,1
41,38627.9,29675.45,0.5642,11297.88,12,0,83.02,4.1,4,1923.28,0,14.0,11176.26,1
46,76842.14,18322.49,0.6415,21343.7,24,0,64.19,2.2,2,3867.39,2,9.9,18026.36,1
66,44041.89,26372.03,0.145,24068.96,12,0,97.86,9.7,8,1696.93,0,36.4,2409.08,1
63,28282.75,22989.81,0.2289,18577.11,60,0,62.88,2.1,9,732.35,2,34.4,2760.66,1
48,69482.73,7718.41,0.8927,16103.16,12,0,90.39,4.5,1,2473.06,2,15.0,3463.86,1
52,54915.35,13480.15,0.6952,32673.95,24,0,99.17,1.5,7,3246.53,4,11.8,17445.18,1
50,106758.18,15278.04,0.1956,19092.68,36,0,72.76,7.5,4,3943.24,3,12.2,2450.72,1
69,31005.49,15833.07,0.5688,7847.89,60,0,66.87,3.6,8,1293.27,1,15.4,11089.54,1
38,68978.39,22330.63,0.9261,9003.11,48,0,82.65,11.3,1,3132.28,2,11.6,3914.81,1
49,46803.98,18269.48,0.3483,22470.64,36,0,91.8,4.2,2,1354.32,2,14.7,9427.65,1
40,70667.17,0.0,0.1921,47423.698749999996,36,0,97.98,0.9,7,3905.24,4,8.7,5593.13,1
50,25590.21,4497.28,0.9332,10240.56,48,0,87.75,24.8,6,1117.46,2,14.9,2994.85,1
20,29744.6,0.0,0.462,16851.26,60,0,73.43,3.5,1,1592.46,1,0.4,10865.45,1
35,39482.5,16402.92,0.4189,44048.05,48,1,79.77,1.4,6,1611.44,4,9.6,11847.75,1
42,56579.28,16923.9,0.2722,15157.19,60,0,90.45,2.0,7,2793.77,1,11.1,14144.53,1
59,42178.37,17265.8,0.8838,24554.61,60,0,91.52,0.6,7,2312.95,0,21.7,17279.96,1
48,68181.09,7328.57,0.8387,38759.11,60,2,62.98,0.4,8,3070.61,4,8.8,3141.0,0
20,75537.89,20393.15,0.4049,10485.21,36,1,84.55,3.0,6,2917.64,1,1.2,4912.16,1
57,66991.55,20730.1,0.04,16907.4,60,0,98.69,15.2,2,2960.61,3,17.0,10550.49,1
63,54915.35,4958.81,0.4477,15156.34,48,0,91.41,0.7,7,2670.49,1,7.6,11272.16,1
41,63316.53,3271.69,0.1872,4821.05,36,0,60.29,11.7,1,3065.46,4,13.1,30802.3475,1
67,30662.07,14998.95,0.1499,35693.66,60,0,69.0,8.0,1,804.79,3,8.8,2324.95,1
49,82267.53,29334.26,0.3952,14145.96,24,0,77.8,8.2,6,3297.47,3,4.4,8679.68,1
64,42896.88,28597.94,0.1071,11237.54,24,2,88.25,6.2,6,1853.08,4,28.6,1253.74,1
39,73208.37,19507.23,0.9483,15555.66,60,0,82.21,4.5,1,2812.74,1,9.0,1341.47,1
40,86474.68,9160.03,0.0566,29288.31,24,0,63.09,0.6,8,3553.69,2,2.6,5600.45,1
19,64133.76,22094.74,0.4033,21128.94,12,0,89.53,4.3,9,1978.99,2,0.5,8148.36,1
44,25076.82,11380.61,0.1694,12083.34,36,1,93.55,2.2,8,692.26,1,18.9,2324.05,1
59,36635.76,8859.94,0.685,24091.5,12,0,68.23,0.6,1,1457.07,4,6.8,572.66,1
19,54915.35,0.0,0.0872,28125.95,36,1,62.7,8.1,8,4571.69,3,0.3,4170.9,1
43,51617.55,15819.06,0.5459,19762.35,48,0,91.64,4.0,5,1599.79,0,17.0,2474.83,1
34,56591.47,9961.06,0.7676,17652.39,24,2,85.62,6.8,6,1948.93,3,4.4,928.8,1
57,70176.49,15771.44,0.9411,30158.76,24,0,92.14,3.3,3,3810.68,0,6.9,17447.56,1
50,68926.46,0.0,0.6946,18208.15,24,0,82.66,4.0,7,2337.74,1,13.1,8790.37,1
26,60576.0,16358.61,0.1075,36081.92,60,0,77.14,6.2,9,2293.22,0,5.6,12813.91,1
60,50826.63,0.0,0.0968,12423.65,36,0,98.52,1.4,3,1443.11,4,13.8,14338.59,1
65,48746.63,23703.52,0.727,12190.87,60,0,91.2,9.4,3,1294.45,4,32.2,1630.53,1
56,72157.98,19175.13,0.221,10962.03,24,0,76.48,2.7,8,3392.42,3,6.8,3136.83,1
46,66071.39,12770.68,0.4483,17611.54,48,0,96.3,6.2,1,1979.58,4,10.8,571.09,1
59,49854.0,19501.76,0.9671,20025.04,24,0,99.74,2.0,1,2174.59,2,18.1,21944.9,1
43,76642.25,7175.41,0.8135,6743.64,60,0,72.33,6.1,2,3015.18,3,9.4,15635.11,1
52,52419.32,15579.0,0.8397,20967.57,24,0,95.7,0.2,1,1475.34,3,24.5,3238.0,1
67,37966.76,21358.19,0.8536,25653.54,12,0,61.82,13.2,6,1491.98,2,15.6,3713.42,0
42,39820.59,0.0,0.6172,5345.08,12,1,68.57,7.7,9,1324.96,2,16.9,8797.94,1
41,35425.18,11422.21,0.7391,14788.29,60,0,66.44,5.5,8,1899.34,1,15.7,9075.2,1
30,49551.8,14818.85,0.3618,25674.86,12,1,74.26,2.0,3,1673.02,1,7.7,20439.18,1
24,79674.49,13429.65,0.9885,9105.81,36,0,82.5,9.2,1,3847.25,1,1.7,300.1,1
53,38898.1,26656.81,0.284,16840.21,36,1,88.8,7.3,6,1860.17,0,12.4,25758.06,1
62,58769.52,6008.79,0.5882,30881.84,60,1,96.11,3.0,7,1847.65,3,21.7,20295.29,1
37,41866.21,10030.73,0.2864,37951.83,12,0,66.34,1.1,2,1822.15,4,3.9,7074.02,1
18,49793.82,0.0,0.1198,24399.15,36,0,83.13,1.0,9,2641.38,3,0.0,1229.3,1
25,24799.18,27082.29,0.5662,18307.47,12,1,82.19,3.3,4,702.96,2,0.7,9687.36,0
63,50589.24,13029.68,0.3563,14986.02,24,0,78.34,7.6,7,2294.29,4,11.4,9684.73,1
33,51125.89,11492.73,0.5816,29107.54,12,1,87.78,6.3,2,1567.12,0,10.6,935.37,1
31,65805.76,14580.14,0.5575,31334.06,12,0,80.53,3.4,2,2173.32,4,1.4,26959.66,1
29,59465.62,20089.89,0.5414,8435.64,60,0,82.01,1.1,6,2771.7,4,4.0,9879.69,1
68,31032.16,17778.91,0.1308,29104.27,24,1,96.13,1.4,2,1435.9,4,37.5,7821.08,1
40,76683.96,36183.07,0.4414,13929.54,36,0,94.41,0.3,3,3615.94,3,14.4,8634.45,1
32,59206.06,18631.49,0.8058,11404.44,36,1,83.09,1.0,9,2551.0,3,2.9,7517.12,1
45,58967.87,11278.04,0.3188,18463.56,12,1,66.25,0.1,7,3015.03,1,8.5,962.99,1
51,54816.35,10509.15,0.445,29916.13,48,0,98.35,5.6,5,2555.19,4,20.1,14582.55,1
19,44644.85,11857.93,0.494,23094.05,48,0,84.91,4.4,8,1433.61,3,0.5,44.69,1
49,59356.05,2985.3,0.8555,22823.32,36,0,92.3,22.1,4,1684.47,0,20.4,17396.72,1
40,64511.77,15318.91,0.6525,23524.42,12,0,62.2,7.2,7,1634.75,3,4.8,1564.76,1
39,20062.09,21267.74,0.1082,24676.58,12,0,95.87,1.4,7,506.23,2,7.5,3693.7,1
68,44224.78,10093.09,0.8579,18858.49,24,0,87.74,6.2,9,1262.38,4,31.5,4587.46,1
42,49901.06,8540.96,0.8254,26318.89,60,0,87.42,0.1,7,1969.81,1,9.3,5794.31,1
39,60123.41,27127.56,0.7486,13403.18,48,0,64.4,21.4,2,1514.83,4,11.9,6295.52,1
39,78866.22,3588.13,0.4667,26510.08,12,0,88.51,4.8,3,2977.63,2,5.0,10061.3,1
66,39565.18,0.0,0.7524,28569.85,36,0,63.07,0.6,9,2014.24,2,26.7,6042.07,1
69,45040.76,5776.78,0.4792,26991.37,48,1,62.23,3.5,4,1318.95,3,11.3,14011.16,1
59,44749.32,2676.54,0.7319,27510.29,60,2,73.01,14.1,4,2294.03,2,26.0,1193.22,1
23,38969.45,18089.81,0.8725,24648.66,12,0,60.93,9.5,9,1221.06,4,2.4,3753.71,0
32,48056.27,12114.36,0.8827,31734.43,48,0,66.39,1.8,6,1566.79,0,5.6,2827.2,1
60,70416.04,13242.5,0.4555,2000.0,12,4,89.05,2.5,9,2333.17,1,6.3,3752.86,1
54,33923.29,24223.47,0.8522,28537.46,60,0,93.4,9.6,9,1214.21,0,20.4,2234.11,1
50,63556.29,9469.32,0.1094,39754.58,24,1,67.18,11.5,3,2650.51,0,7.5,20462.34,1
25,20961.96,21200.72,0.1098,13781.05,48,0,92.93,12.3,6,999.63,2,1.3,6760.29,1
61,43773.24,27090.58,0.5473,12662.7,60,0,79.22,14.8,6,2226.67,3,9.0,9769.9,1
61,48410.21,11354.7,0.6488,32863.19,24,0,98.32,3.5,4,1245.12,0,9.9,14002.26,1
22,88497.19,20896.18,0.1599,10732.61,24,0,65.57,9.9,1,2641.63,2,2.3,3644.9,1
56,49503.95,13065.46,0.4727,13332.76,60,0,62.14,2.1,3,2472.42,0,16.8,20663.97,1
21,12000.0,22392.79,0.1025,21699.49,36,0,93.8,9.1,7,608.97,0,1.3,5965.9,1
23,15022.22,2428.09,0.6001,12010.49,60,0,74.48,2.1,7,848.43,4,2.1,10166.64,1
62,55680.59,1835.9,0.848,28750.25,12,0,78.29,4.7,7,1932.37,4,17.1,270.03,1
49,67275.42,11869.86,0.7329,12091.98,36,1,80.47,3.2,9,2187.33,4,14.3,5483.83,1
69,62509.12,7888.6,0.3807,23606.33,24,0,93.01,11.2,1,2758.23,0,10.8,3474.01,1
47,58351.4,10866.33,0.9839,22844.82,48,0,63.04,0.3,2,1612.02,3,8.7,356.99,1
64,78245.19,13243.79,0.6597,36638.88,24,0,82.04,14.9,3,3847.68,1,7.8,4321.17,1
52,44208.18,20760.11,0.8089,31653.02,48,0,77.22,3.1,2,1809.88,2,23.3,18228.37,1
57,72898.21,11738.72,0.6663,14704.72,48,0,73.61,3.3,2,3547.82,3,31.2,22296.99,1
69,22359.7,8409.11,0.9796,7355.08,60,0,73.93,8.8,3,677.22,1,30.2,8442.86,1
33,36901.04,12187.89,0.8149,28379.69,60,0,97.21,5.5,7,1494.28,3,2.0,30802.3475,1
30,18859.17,8846.84,0.519,13466.09,24,0,70.72,15.4,5,688.5,1,5.2,25703.88,1
67,49503.09,7527.96,0.3695,16643.23,60,1,78.18,4.0,9,2015.38,4,5.1,11079.59,1
59,54074.78,2095.87,0.6785,9401.72,24,0,79.71,4.1,8,2357.59,2,12.0,2242.74,1
47,57282.03,15555.82,0.5884,26790.12,60,0,88.79,17.8,2,2739.28,3,4.5,1289.52,1
36,56237.67,10450.35,0.6268,13535.07,60,0,80.76,13.0,5,3030.81,3,7.1,10790.73,1
34,36448.93,22730.23,0.3462,19649.58,48,0,84.85,1.2,1,1194.3,1,6.4,5230.37,1
36,51195.18,3420.83,0.4302,19804.97,36,0,75.95,1.8,3,2008.34,2,4.0,501.23,1
45,25051.07,10663.33,0.5569,21835.61,60,0,88.74,4.9,5,720.74,0,18.4,23196.41,1
43,82264.58,29503.26,0.8325,26616.39,60,0,78.63,14.0,9,2973.0,1,15.9,524.35,1
54,48927.48,7483.12,0.7577,17571.8,24,0,68.91,4.1,9,1842.83,1,24.4,15671.42,1
43,45222.28,13107.73,0.1263,12585.72,48,0,92.68,6.6,3,1795.8,3,12.1,7838.81,1
40,86778.81,5273.25,0.2506,2000.0,48,0,90.62,0.5,6,4850.51,1,2.3,5540.56,1
26,30155.07,4212.58,0.0361,21026.3,36,1,85.1,3.7,6,1668.5,4,6.0,11366.89,1
29,32488.26,27378.49,0.0178,18430.01,36,0,80.88,0.8,9,887.02,2,8.2,6609.35,1
18,33075.59,16368.32,0.2299,12895.27,36,1,68.34,1.5,6,1283.17,1,0.0,8953.2,1
18,53642.57,16069.43,0.7933,20625.52,60,1,94.73,0.9,3,1913.35,1,0.0,8658.79,1
64,63632.63,1429.47,0.8967,28559.83,24,0,63.89,0.9,7,2356.73,4,13.2,9194.08,1
51,69793.51,17869.93,0.3939,31118.88,12,0,75.33,24.0,1,3491.03,1,15.2,30802.3475,1
49,106439.91,24259.38,0.5619,4648.63,24,0,94.1,1.8,3,3360.72,4,18.1,3468.55,1
65,12000.0,24195.82,0.7019,16391.39,48,0,83.82,4.2,3,602.33,1,21.2,3673.94,0
42,67174.71,20346.67,0.9439,29610.25,36,0,77.54,0.1,1,3732.85,3,16.7,4495.45,1
57,43857.39,5964.12,0.9047,35960.41,12,0,91.65,8.2,1,2110.66,1,18.7,23267.53,1
62,43271.7,17504.99,0.066,11827.36,48,0,99.58,5.7,8,1675.33,3,9.6,8063.8,1
18,42604.56,20340.68,0.2532,33783.23,36,1,67.55,1.3,8,1154.07,4,0.0,26334.98,1
33,36824.61,644.45,0.0582,6499.04,12,0,62.03,0.2,9,1048.39,1,8.9,14168.68,1
56,88690.5,6029.76,0.6142,31482.85,24,0,78.52,1.6,6,4330.69,2,17.4,2893.55,1
22,71845.95,22105.26,0.7063,17182.44,48,1,71.5,5.0,8,2068.07,1,1.8,8456.64,1
39,55463.92,22008.37,0.3121,35628.23,60,0,86.67,0.1,4,2152.49,3,12.3,842.61,1
46,82020.32,2611.34,0.8468,15359.69,12,0,79.77,0.4,5,4433.31,1,15.8,8180.74,1
20,24749.42,21360.17,0.4538,16901.09,12,0,79.96,2.6,8,1061.03,1,0.6,2118.07,1
29,28385.9,15762.43,0.9884,18666.07,24,0,74.2,1.0,2,1028.3,3,6.9,5298.43,0
43,12000.0,21248.07,0.0104,4629.5,24,0,68.43,3.4,4,392.37,0,17.5,8588.81,1
33,41011.71,9923.83,0.1173,2375.27,48,0,68.54,1.0,1,1763.55,1,4.0,2136.54,1
68,58233.97,20161.47,0.3058,25101.54,60,0,75.48,25.3,8,2116.1,2,20.7,13956.73,1
54,57057.17,21750.63,0.035,29884.62,36,1,87.27,2.9,2,3250.22,1,11.3,6525.4,1
39,57986.84,12189.32,0.7767,26075.78,12,0,73.49,0.8,2,1475.81,4,4.7,20685.64,1
46,26778.86,15142.02,0.0617,7460.24,12,0,73.04,0.4,5,1513.23,0,4.6,3710.28,1
31,71063.09,9811.83,0.744,24801.89,48,0,77.0,2.7,1,2277.13,2,8.8,14524.94,1
45,59792.55,28213.11,0.0615,10097.96,36,0,99.63,8.3,6,2639.28,4,7.0,245.84,1
22,69661.09,14037.82,0.2577,24076.53,36,0,63.65,2.9,8,2353.88,2,2.2,8040.38,1
64,17144.76,7623.81,0.8345,31312.99,36,0,71.79,0.8,7,895.82,0,18.7,18713.97,0
66,61229.82,9273.39,0.9421,23674.67,48,1,71.68,3.4,6,2957.54,0,21.8,17776.95,1
47,31244.7,16014.16,0.4162,34685.34,12,1,98.98,2.1,1,1025.19,2,13.8,8344.66,1
63,47053.53,21026.65,0.9605,18500.13,24,1,76.29,3.5,9,2062.38,2,24.0,9701.97,0
69,65687.3,4313.39,0.6243,17833.51,12,0,82.68,2.5,7,3631.62,3,33.5,14549.86,1
22,56821.87,29781.28,0.4175,20673.51,24,2,67.93,5.2,3,1844.87,4,0.9,7823.64,0
29,37969.2,17469.4,0.7967,6573.59,24,0,60.51,8.1,4,1979.25,2,3.5,16167.86,1
33,55125.46,18731.65,0.2994,15970.49,48,0,73.57,10.9,3,2835.23,4,2.7,9207.57,1
43,24369.29,14222.48,0.2705,16848.67,36,1,85.56,6.8,4,920.23,0,14.7,1637.96,1
43,78005.35,15154.07,0.6534,17160.0,48,0,87.66,2.2,1,2049.84,0,8.0,14568.99,1
65,50894.32,13813.73,0.3927,22682.91,24,1,90.16,3.0,3,1555.55,2,30.8,4431.14,1
38,77371.0,23142.37,0.1432,5196.71,12,0,94.43,5.1,5,3156.85,4,12.2,21554.36,1
56,44469.37,14936.57,0.0756,8543.86,24,0,64.62,1.2,5,1809.33,0,4.9,4862.47,1
53,44528.48,21136.4,0.7821,31320.7,48,1,63.31,6.0,9,1270.23,3,6.0,2784.8,0
50,39716.26,11529.22,0.6724,2000.0,12,1,91.51,5.2,5,1372.62,4,16.7,3608.86,1
47,72523.48,16565.12,0.4136,26163.71,36,0,77.43,5.3,1,2726.52,4,17.1,2014.26,1
54,40811.38,8568.64,0.8883,16264.4,48,0,97.88,2.0,5,2131.27,4,12.9,5950.35,1
40,67891.91,24732.23,0.4126,21601.22,60,2,97.74,4.6,7,3730.26,4,5.3,13790.53,1
27,47350.95,8330.02,0.7061,35580.99,24,1,65.67,1.1,4,2136.38,4,1.9,10793.29,0
22,15480.73,12400.16,0.9009,18688.17,36,0,87.65,1.1,7,528.25,3,1.1,20518.74,1
53,43593.72,12480.32,0.8339,26253.88,36,1,62.68,7.3,2,2086.19,0,7.6,207.54,0
51,31417.84,12168.39,0.5109,20585.67,12,1,76.14,2.4,2,1774.76,4,10.7,14263.86,1
69,55678.05,20779.97,0.677,18906.24,48,0,93.67,3.9,7,1596.27,4,22.6,9377.84,1
48,31191.85,12466.74,0.4154,17668.25,24,0,78.44,1.7,3,1071.78,4,17.2,30802.3475,1
27,73519.5,26151.4,0.6443,27010.58,60,0,61.34,1.3,7,3178.03,0,6.4,17784.28,1
36,53178.48,8452.2,0.2624,12683.98,24,0,69.61,7.6,3,1934.03,2,10.9,3294.47,1
49,51448.08,16355.02,0.436,8679.77,48,0,63.45,7.9,6,2768.6,0,17.3,19963.6,1
18,68117.84,8793.71,0.2154,20744.75,36,0,76.33,9.0,7,2296.51,4,0.0,20827.72,1
22,74278.14,18367.78,0.0474,21927.84,60,0,87.87,9.6,5,4042.92,0,2.9,17411.63,1
62,54598.02,14872.4,0.5868,2000.0,12,0,86.41,2.6,7,2880.17,1,11.5,7458.22,1
21,39575.99,13759.5,0.8571,19895.13,48,0,88.76,8.3,4,1211.12,2,1.6,18933.65,1
33,19520.61,24507.8,0.0351,7731.23,24,2,75.35,2.1,1,549.21,3,1.9,3787.64,1
41,41279.0,9765.27,0.2021,26268.43,48,0,70.61,0.3,8,1963.42,1,18.3,4288.31,1
33,42655.76,19692.12,0.461,2000.0,12,2,62.28,5.8,2,1634.12,4,10.5,10445.39,0
19,57141.15,8848.32,0.6626,39250.76,24,0,97.66,1.1,9,1871.01,3,0.4,276.9,1
66,48097.06,15901.48,0.1778,16618.02,60,1,64.73,3.0,6,2669.34,3,25.5,10528.83,1
45,68758.66,5435.4,0.0656,11350.38,24,0,67.13,0.9,5,1922.18,2,13.0,3863.67,1
49,42740.33,9699.86,0.5187,17170.28,24,0,61.0,2.5,6,2252.46,0,21.4,22616.42,1
44,53859.18,14342.86,0.8123,25562.71,12,0,72.69,10.8,1,2354.16,0,11.3,5328.74,1
37,78679.75,29517.19,0.0445,28904.7,24,1,92.75,4.7,4,2286.85,0,3.6,13806.57,1
41,61836.5,15806.43,0.3524,17256.89,48,0,73.29,0.8,6,2319.06,0,10.0,3183.21,1
29,53799.25,28237.35,0.6602,5613.1,36,0,86.64,6.5,6,2303.26,1,2.0,3993.62,1
67,42961.11,16762.59,0.1381,7877.03,12,1,98.62,9.4,6,1320.76,4,32.6,2051.64,1
52,42335.37,11903.33,0.2412,22863.88,12,0,95.7,0.9,7,1238.59,3,7.4,2758.54,1
50,37987.73,27314.85,0.5348,29873.27,12,0,67.2,6.8,9,1295.29,4,11.5,1143.06,1
50,44179.86,18496.14,0.9442,31174.75,48,1,74.37,4.0,9,1930.81,4,5.6,9596.25,0
68,70113.32,9858.23,0.2916,21680.93,48,1,90.05,4.6,3,3557.09,2,18.3,18339.76,1
60,50562.23,18764.57,0.4878,29673.0,48,0,99.11,14.0,4,2884.9,2,32.5,3339.01,1
54,28004.54,12659.24,0.4019,39123.49,48,0,88.64,0.2,1,838.62,2,27.0,3595.16,1
29,90363.39,0.0,0.8894,31903.48,24,0,70.09,5.1,1,2284.87,2,5.4,23974.78,1
20,61399.3,22487.79,0.0805,29220.38,12,0,65.31,0.4,4,3544.54,0,1.1,952.32,1
18,26861.13,23759.47,0.5648,11934.43,12,1,79.81,7.8,6,794.28,3,0.0,961.32,1
50,46163.02,29703.54,0.8392,29626.2,60,0,67.72,11.3,3,2311.2,0,7.9,14724.07,0
57,57217.73,18377.15,0.9784,24612.32,36,0,69.1,0.5,5,2905.95,4,11.5,2886.23,1
27,89091.84,13010.21,0.6948,26506.46,24,0,85.38,0.1,9,2477.89,0,1.4,7572.98,1
60,32837.75,21679.92,0.3823,32611.06,36,0,80.59,15.6,1,1708.96,3,17.3,6122.15,1
61,74520.81,21798.56,0.4136,23585.58,24,0,64.83,13.1,1,2482.91,3,6.9,8098.65,1
46,82989.73,28106.25,0.3546,18974.54,24,0,66.15,12.9,2,4269.38,4,10.1,892.95,1
30,42426.91,14642.98,0.6015,9301.34,24,0,60.78,14.0,6,1511.14,1,8.3,4774.54,1
29,49449.73,13675.37,0.7346,17034.84,12,0,68.79,3.5,9,2473.38,4,4.1,10225.13,1
48,34273.82,9275.64,0.8131,22128.52,36,1,95.49,18.8,8,1816.56,4,12.1,2533.63,1
63,50930.78,19299.7,0.4183,22776.19,36,2,91.72,11.1,5,1280.76,0,21.1,1628.3,1
19,54268.2,2613.91,0.7124,22438.76,48,0,76.59,0.5,8,2303.23,2,0.3,5780.33,1
68,68193.0,21208.7,0.9079,29595.1,36,0,89.68,8.4,5,2482.05,1,7.9,28762.12,1
67,76803.67,19702.68,0.9124,28653.65,48,1,76.28,6.2,3,4080.54,2,31.0,29653.79,1
52,40038.08,19680.56,0.6999,19379.12,60,1,91.68,0.7,7,1645.24,4,9.1,18969.31,1
40,15653.5,16105.8,0.6342,11527.38,48,0,67.28,6.7,6,590.82,1,4.4,2979.26,1
34,54575.1,27263.83,0.5309,23833.58,24,1,66.1,3.3,7,1633.13,0,2.6,11832.38,0
43,60870.75,21975.95,0.1895,42463.38,12,0,63.12,9.6,5,2096.26,4,14.4,30802.3475,1
25,59988.35,10143.38,0.1312,23212.43,24,1,69.67,8.5,8,3487.38,4,0.8,11380.51,1
46,48466.54,10286.57,0.486,17040.76,60,0,65.85,14.3,8,2595.66,3,14.4,9447.08,1
43,57495.04,7962.61,0.1663,25358.36,12,0,91.95,0.4,5,2024.79,0,8.6,1247.27,1
27,85308.9,19410.27,0.5755,25957.36,60,0,69.6,6.2,7,3890.15,0,4.1,13791.52,1
43,62634.68,6998.89,0.6428,25846.51,24,0,80.65,2.4,4,3649.28,4,18.4,14592.35,1
51,47532.63,23667.14,0.5251,33728.8,12,1,90.25,7.5,7,2280.25,1,3.3,1877.66,1
68,44996.04,25583.79,0.0457,23860.93,60,0,87.08,4.6,6,1633.21,1,27.2,5083.76,1
58,51602.95,7967.87,0.0666,33254.12,48,0,68.18,3.4,2,1359.82,2,29.0,8390.06,1
24,87734.8,13515.61,0.1211,22302.34,36,0,63.08,0.0,2,4530.84,3,1.6,2846.83,1
21,51333.99,15132.97,0.1606,35124.98,24,0,96.47,4.7,7,1771.9,3,0.5,30802.3475,1
67,54604.11,22071.87,0.9801,32067.35,48,0,84.88,2.7,7,1626.64,2,18.3,1822.92,1
62,45353.73,27874.75,0.3476,29217.99,60,0,88.26,2.0,3,1308.2,2,33.7,30802.3475,1
28,76979.67,1516.06,0.2961,27891.86,60,0,75.44,22.4,3,2199.41,2,5.1,1806.29,1
46,94196.75,12454.55,0.0612,43015.18,12,0,69.66,6.0,2,2712.72,0,21.4,6831.0,1
53,64012.26,12871.87,0.6326,30766.18,48,0,81.22,3.9,6,2701.19,2,10.1,30802.3475,1
42,56655.46,3794.64,0.6491,11506.83,60,1,63.12,10.2,6,2858.4,0,14.5,2169.98,1
38,55735.66,11119.12,0.1819,22459.01,12,0,92.0,1.3,9,3051.92,0,5.9,13378.55,1
53,12000.0,18422.15,0.9109,17352.83,36,0,86.18,4.8,6,574.43,4,16.1,7140.32,0
27,69903.02,12770.57,0.7945,40644.76,36,0,90.47,9.9,8,1970.48,3,6.6,5482.24,1
54,57683.33,2643.03,0.2357,32514.38,12,0,82.77,0.7,5,3263.14,1,5.8,5388.83,1
26,63566.84,36696.87,0.4861,40319.51,48,0,83.12,1.3,8,1601.32,0,2.5,8153.61,1
41,40770.76,17129.42,0.4592,12400.05,12,0,84.02,3.4,2,2041.7,3,8.0,14561.93,1
52,47310.86,15893.55,0.3516,31016.75,12,1,91.37,24.4,9,2731.97,3,4.8,3945.98,1
66,46779.5,6216.59,0.8113,6354.71,48,0,69.02,4.3,6,2564.06,3,12.8,30802.3475,1
52,75432.46,17085.65,0.1171,4078.68,36,0,87.26,3.4,5,3686.4,2,4.9,23739.95,1
65,47424.8,13686.29,0.417,16030.44,60,0,82.11,2.1,2,2015.39,0,14.4,6764.57,1
53,96653.21,0.0,0.4295,35123.75,36,0,79.8,3.0,1,4929.34625,2,4.2,7651.17,1
35,63617.25,6437.96,0.4694,10073.85,48,0,81.64,7.5,3,2916.24,2,2.2,12876.19,1
66,29486.35,21359.41,0.8541,19831.88,24,0,70.89,12.4,8,1553.54,4,12.7,3489.9,0
56,52429.07,30552.14,0.2238,31888.43,48,1,61.48,0.6,7,1628.13,2,13.9,6908.22,1
49,41966.5,17937.32,0.1109,28464.13,36,0,90.37,1.8,9,1944.32,3,11.7,4214.63,1
41,12000.0,23824.67,0.6155,42161.87,36,0,96.65,1.0,7,305.34,1,7.9,5534.99,0
40,86989.42,13753.96,0.1804,20033.72,48,0,79.23,2.9,5,4518.43,2,10.1,16197.9,1
49,69062.85,14307.63,0.0834,15583.7,48,0,93.52,3.8,1,2676.74,3,22.9,7066.84,1
54,65664.15,23727.83,0.4281,9055.19,48,1,82.21,6.4,4,2206.2,2,15.1,17999.54,1
29,58308.07,28302.22,0.2253,16320.0,36,0,97.21,10.4,5,1960.87,2,1.9,2139.43,1
66,27359.65,25408.77,0.364,8964.01,12,0,80.34,3.9,9,1577.56,2,27.7,10889.73,1
30,45327.66,6469.1,0.2645,2035.55,24,0,68.19,3.4,5,2441.81,2,9.2,19795.26,1
40,71835.62,14464.33,0.1008,39633.93,12,0,94.8,4.3,9,3684.45,1,5.2,2067.22,1
42,33975.6,17220.2,0.5591,20489.07,36,1,92.01,11.0,5,1421.62,1,5.7,6531.05,1
52,12000.0,12922.58,0.0365,45914.67,12,1,75.92,5.2,9,459.64,4,9.4,23595.26,1
58,50457.88,18102.86,0.957,11607.12,48,0,93.68,7.7,6,2255.38,2,5.4,30285.76,1
47,52164.85,21564.61,0.3445,15711.91,60,0,60.36,6.4,1,2252.34,3,19.3,14458.77,1
34,57711.27,23022.48,0.6913,12246.31,48,0,91.99,12.9,4,3148.98,0,5.9,10735.19,1
66,69570.37,28486.96,0.8042,13592.44,24,0,87.52,8.5,3,3995.87,4,30.8,1907.12,1
37,67752.12,12364.47,0.2835,28736.04,48,0,75.19,2.1,9,3796.43,3,10.2,30802.3475,1
65,60175.4,4087.73,0.7438,25663.24,60,0,91.66,9.6,1,3044.96,4,8.4,158.33,1
42,78910.63,17865.88,0.8258,28754.09,36,0,65.07,3.2,7,3039.22,0,11.6,7759.51,1
39,24620.6,30070.49,0.2465,33422.72,12,0,68.13,9.4,1,1240.34,0,12.6,2063.76,1
30,65091.64,11184.19,0.9826,31073.55,48,0,81.34,11.8,6,3319.4,0,1.6,29169.43,1
36,67530.77,20494.78,0.0303,9915.1,12,1,95.24,3.4,2,2070.89,3,7.1,10825.76,1
66,30208.75,20565.97,0.2227,14761.81,24,0,65.2,6.3,7,1579.9,4,32.0,21060.96,1
53,24942.59,16531.54,0.7744,21214.83,12,0,82.57,0.8,2,1381.98,0,27.6,5670.74,1
29,40081.16,15055.4,0.2002,47423.698749999996,24,1,90.13,2.0,3,2005.8,3,6.5,13393.52,1
58,41769.17,7612.57,0.6943,27724.0,24,1,89.73,4.1,5,1992.33,2,12.7,12185.08,1
36,70068.39,0.0,0.8484,21066.89,48,0,85.12,0.0,5,2259.89,2,5.3,19792.4,1
29,42709.22,6105.19,0.95,26732.75,60,0,97.64,9.4,6,1975.65,3,5.6,447.7,1
26,37873.03,11877.57,0.4748,13968.86,12,1,79.29,2.3,7,1743.34,2,6.0,7714.44,1
24,42767.33,23779.38,0.9617,22624.26,24,1,95.21,6.4,7,1603.93,2,1.6,14043.53,0
45,77372.65,14174.98,0.4134,29546.62,24,0,84.78,7.3,1,2225.34,0,7.1,30802.3475,1
31,55260.87,10847.79,0.2238,19710.04,24,0,89.5,4.0,6,2180.87,4,6.0,12275.86,1
48,51414.98,7872.12,0.5136,12434.47,36,0,78.59,7.8,1,2863.39,3,15.1,9110.96,1
69,52799.89,20254.45,0.6468,19221.26,12,0,66.7,5.7,6,2695.07,0,38.5,7230.95,1
36,80841.21,25866.86,0.4588,16804.23,12,2,64.36,2.2,9,2975.63,1,5.9,3815.54,1
64,40016.57,23507.49,0.5656,6428.73,24,0,87.29,8.5,4,1261.92,4,18.4,1462.42,1
33,81310.17,19849.2,0.4181,14284.48,12,0,75.06,5.1,2,3281.1,1,5.2,25573.49,1
22,59209.93,3195.1,0.5243,6071.87,12,1,82.7,0.9,4,2976.38,0,2.5,2042.41,1
52,51791.61,12186.61,0.9435,7632.05,36,0,89.84,7.4,7,2477.78,4,11.9,12679.63,1
29,105018.01,30578.43,0.4998,8590.56,24,0,91.46,5.6,3,4929.34625,4,4.5,15573.03,1
42,33887.21,23975.6,0.2581,29534.51,12,0,80.39,1.7,6,1199.06,0,8.5,19550.15,1
69,47926.28,2699.97,0.7536,34891.65,60,0,72.58,9.2,2,1988.05,4,6.1,3845.34,1
38,30351.38,14555.28,0.3408,4639.2,24,0,91.04,2.3,2,1019.07,3,9.6,21691.36,1
53,74049.24,17904.79,0.8099,35801.84,12,1,76.61,4.0,1,3760.1,3,13.2,7063.24,1
40,88783.78,8902.73,0.0657,8734.06,36,0,97.47,2.1,2,3462.72,0,4.2,1940.23,1
33,88398.46,0.0,0.3355,27468.8,60,0,92.98,6.4,7,3472.02,4,7.8,1087.33,1
56,79478.98,15790.59,0.1025,22585.59,48,0,89.88,4.4,5,4145.43,0,22.1,964.97,1
62,51047.59,8697.93,0.0936,26358.52,48,0,69.65,3.2,4,2518.14,4,20.2,10532.46,1
59,47695.18,8729.27,0.6552,8342.57,60,0,74.51,0.1,7,1942.46,4,11.2,12823.01,1
56,21576.6,12162.56,0.3876,2000.0,48,1,93.96,4.7,9,810.27,4,18.0,6166.72,1
31,95717.47,13930.59,0.864,11970.92,60,0,60.93,4.9,8,4589.27,4,3.8,1975.37,1
48,64379.56,14927.34,0.5161,24268.69,12,0,91.26,1.0,2,3631.87,3,6.2,29753.93,1
22,45160.86,7928.08,0.2994,39569.04,48,0,76.17,2.0,1,1768.19,4,0.7,5390.85,1
52,81561.14,13238.32,0.7165,9702.76,48,0,91.97,10.6,9,2144.94,4,7.4,800.5,1
40,35544.71,940.61,0.6215,19011.63,60,1,82.1,4.0,3,1929.85,4,16.7,2777.32,1
46,63132.44,17488.31,0.7936,12509.21,12,1,81.07,2.9,9,1928.49,2,8.5,9250.12,1
60,51547.42,0.0,0.6407,19827.74,12,0,88.06,13.7,7,2837.67,3,23.1,6445.84,1
28,67773.54,12684.08,0.1737,2000.0,24,0,92.25,8.4,6,3568.38,3,6.3,7005.91,1
35,53728.53,22353.49,0.6669,34980.43,24,0,87.74,0.5,3,2524.68,0,8.4,3179.74,1
64,25981.44,6525.27,0.3937,20240.36,12,0,78.03,9.8,3,1382.14,3,20.9,17.57,1
29,56511.53,20731.44,0.4639,29171.66,60,1,72.83,0.8,1,1902.15,2,3.8,1524.16,1
26,75977.28,24245.86,0.9131,17677.98,36,0,93.83,1.0,5,4066.89,3,1.9,27987.3,1
27,54415.67,0.0,0.3628,21906.28,36,1,80.83,0.4,5,2379.11,2,6.6,8870.45,1
61,70502.3,13789.1,0.6097,31288.72,24,0,91.34,3.3,1,2178.89,3,22.3,1803.23,1
34,34089.41,0.0,0.3662,21317.17,48,0,99.83,5.2,7,1141.49,2,3.2,2073.18,1
55,54474.78,14054.33,0.1028,21677.06,36,0,85.76,7.0,8,2796.1,3,23.0,24810.52,1
24,42509.79,14942.63,0.4545,12060.59,48,0,71.13,0.1,2,2256.88,0,1.0,2418.93,1
63,69939.62,0.0,0.5951,14655.76,48,0,94.62,1.0,8,3787.86,0,20.9,901.89,1
30,55629.83,30398.71,0.4094,9871.84,12,1,70.95,4.9,1,1732.66,2,1.7,28175.8,1
57,68801.47,17288.13,0.3929,12619.82,36,0,70.42,3.7,1,3788.72,4,16.9,2788.16,1
59,76754.21,8207.81,0.814,32512.29,36,0,62.96,0.3,5,3182.27,3,19.6,20385.85,1
26,68832.37,26723.04,0.0391,38086.09,48,2,63.14,13.7,8,3999.64,3,3.6,15194.13,1
67,60462.37,635.09,0.2997,7527.25,48,1,94.49,7.1,9,2471.82,0,20.0,3995.52,1
44,35035.75,5166.63,0.8055,23951.72,12,0,69.23,2.2,7,1170.35,0,7.0,30802.3475,1
19,54944.28,0.0,0.9121,16823.09,60,0,64.35,3.8,8,1483.08,2,0.2,27229.48,1
22,44338.19,29408.36,0.4141,33969.69,36,0,74.1,2.3,5,2091.25,1,2.2,3644.52,1
46,48118.72,17658.77,0.881,21348.6,36,1,88.54,3.0,6,1210.97,4,5.8,2514.34,1
54,54915.35,20275.21,0.205,19925.24,12,0,73.59,4.5,7,2511.67,2,13.2,525.24,1
55,35401.49,17408.01,0.227,12552.31,12,0,72.37,3.4,9,1251.77,4,22.8,25327.63,1
36,15853.23,19590.14,0.8393,4682.2,60,3,79.52,4.8,3,748.2,2,9.4,21320.89,0
25,41637.14,15624.62,0.8952,27609.38,48,0,60.85,3.1,7,1734.5,3,5.0,11531.83,0
65,58867.59,17167.37,0.2283,23529.79,36,0,79.64,5.4,1,2761.33,2,27.1,24726.21,1
62,28036.46,15860.83,0.0681,23774.44,48,0,99.6,1.5,9,750.61,4,33.3,3401.56,1
18,55313.64,10131.27,0.0985,14006.73,36,0,91.97,0.9,6,1745.65,1,0.0,1110.43,1
39,93005.37,14627.0,0.2662,18542.32,12,0,62.82,0.1,3,4929.34625,3,2.7,15167.3,1
69,75461.13,17188.76,0.7562,27910.71,12,0,86.19,4.6,2,2936.79,4,7.9,30802.3475,1
34,87870.83,15884.39,0.5098,29821.13,12,0,78.44,19.8,5,3852.7,1,3.9,2935.35,1
24,62822.56,3177.82,0.4565,8215.28,60,0,93.05,2.7,3,2527.7,3,0.8,2506.0,1
42,78350.2,4240.11,0.5825,13666.52,36,2,63.94,1.2,2,4337.51,0,6.9,28069.82,1
62,40520.71,23662.73,0.8824,6101.17,12,1,69.31,0.1,2,1282.44,4,30.7,12714.73,0
21,42113.19,12544.05,0.0986,22012.64,60,0,91.65,3.6,2,2230.47,3,0.9,3325.52,1
53,12000.0,19677.8,0.6908,28843.38,48,0,93.97,24.6,5,324.03,1,23.5,8225.45,1
23,78722.91,6263.04,0.9183,17212.84,60,0,81.17,20.6,3,4217.73,3,1.6,6493.19,1
48,85806.48,3214.83,0.2191,13371.43,60,1,60.79,0.5,6,4727.72,0,12.2,13243.25,1
36,43936.46,8251.23,0.831,16646.98,24,2,95.75,8.5,3,2255.13,3,12.5,5518.79,1
61,49920.97,13219.48,0.6941,43063.13,48,0,75.31,1.0,5,1709.17,0,19.1,5217.82,1
56,39922.76,9678.88,0.0242,31919.28,24,1,61.59,8.3,8,1149.93,4,7.1,19028.96,1
44,62653.07,25351.47,0.237,27309.97,36,0,92.75,9.6,8,2612.34,3,9.1,12280.27,1
27,77498.65,16436.19,0.6037,23200.68,60,0,76.72,0.0,4,3657.48,2,6.0,12709.38,1
43,20144.56,29791.51,0.5024,19872.59,60,0,67.6,1.4,7,1053.69,1,3.7,3172.62,0
36,63188.77,18235.27,0.5274,10933.68,60,0,92.06,0.3,1,2645.34,2,11.1,6080.72,1
56,49466.56,0.0,0.2373,9383.1,60,0,78.31,3.5,2,2138.04,2,23.4,9027.27,1
20,57267.89,23448.33,0.6715,14320.89,24,2,84.31,0.1,1,3218.57,3,0.8,3000.66,0
62,64179.88,2923.59,0.2711,10462.2,36,1,92.92,4.9,4,1706.71,1,5.0,30802.3475,1
30,51235.95,16844.27,0.3916,13921.87,24,0,80.9,4.1,6,1825.61,4,3.3,5950.84,1
67,52928.26,8802.53,0.3715,18981.04,60,0,64.42,2.4,2,2096.25,1,14.3,4606.55,1
45,50722.5,32141.69,0.6686,19746.98,36,2,98.55,3.1,2,2349.32,0,17.1,19063.56,0
37,74406.32,26516.78,0.0984,13796.19,48,0,71.46,23.1,7,2095.89,3,9.1,2845.19,1
45,63375.2,9065.43,0.2114,24952.1,24,0,99.77,0.9,8,3432.52,2,9.0,16213.07,1
25,59411.67,13981.14,0.2065,18109.94,12,0,60.24,6.6,2,2111.9,4,3.7,28632.67,1
58,29580.97,16956.78,0.1163,22146.99,48,0,79.35,5.2,8,922.01,3,6.9,12744.52,1
56,47428.41,21907.31,0.2134,12554.1,48,1,88.2,5.4,4,2120.87,4,30.3,6886.15,1
18,72973.38,15233.22,0.6049,26928.73,60,0,96.25,2.1,6,2166.22,4,0.0,1323.84,1
20,55753.93,6800.84,0.7275,14651.54,60,0,91.21,1.2,2,2007.25,0,1.4,12058.53,1
30,68190.63,9259.53,0.6571,36085.54,48,0,70.23,5.3,9,3663.8,1,4.9,18009.61,1
45,90330.24,14964.15,0.4757,17750.09,24,0,69.73,12.2,8,4635.0,3,19.5,5356.46,1
66,75772.12,24875.66,0.0614,19053.16,36,0,74.26,18.6,4,2604.14,4,11.5,14495.46,1
42,56863.17,18422.7,0.9498,25935.88,24,0,64.42,3.3,3,2217.13,1,11.7,7767.07,1
50,44780.22,8812.68,0.1747,28118.5,24,0,86.78,2.8,1,1877.32,2,16.5,14966.57,1
55,12000.0,20186.98,0.6651,29195.94,48,0,97.65,2.1,5,526.81,0,15.7,3122.4,1
23,51632.3,11904.12,0.9046,37755.88,24,1,85.68,8.3,3,1807.84,0,1.5,54.07,1
61,48479.75,22123.26,0.6938,26618.86,36,0,81.33,1.5,4,2075.1,1,28.7,30802.3475,1
62,62807.32,35216.08,0.2237,19330.14,48,0,80.13,3.6,2,3189.04,2,10.8,1834.71,1
49,51921.9,12129.39,0.3195,14703.54,24,1,83.7,2.1,9,2485.3,1,8.8,21111.6,1
62,48592.3,21412.84,0.0396,18661.72,60,0,88.42,10.4,4,2755.09,0,17.1,929.6,1
64,19412.02,9036.85,0.6105,34840.16,24,1,91.8,1.7,4,639.72,4,31.3,10566.84,1
38,36200.64,14101.89,0.6107,6130.34,48,0,87.93,5.8,5,1723.44,2,2.1,577.7,1
33,64533.02,15236.5,0.721,11809.92,48,0,88.2,4.4,8,3656.21,4,10.9,11104.95,1
38,89318.15,13450.53,0.0208,17810.13,60,2,98.07,2.0,8,2519.1,4,9.6,1123.75,1
28,53049.49,34704.11,0.8115,11676.85,48,1,95.97,1.5,5,2319.89,3,1.7,9277.8,1
54,61556.22,12547.26,0.7339,15912.28,12,0,92.96,8.1,4,3558.75,4,9.2,4488.66,1
53,74049.56,19694.81,0.1481,38062.35,48,0,61.73,3.6,7,2002.87,0,5.3,7451.88,1
52,38782.12,0.0,0.3507,17019.07,24,0,86.75,4.7,3,1438.75,0,14.1,512.93,1
36,62336.28,18455.97,0.6358,24116.49,36,0,78.2,16.4,1,1735.03,2,2.0,4360.13,1
37,40190.2,24136.44,0.4959,3418.03,24,0,84.7,2.5,3,1789.52,3,10.9,15150.29,1
35,72296.49,10779.22,0.1228,8975.63,48,0,87.45,8.4,7,3862.38,1,3.1,14934.4,1
64,58028.06,0.0,0.0956,29326.84,12,0,88.59,5.1,6,1918.68,4,11.2,10817.27,1
58,54915.35,14690.79,0.7758,36680.28,24,0,94.78,4.5,1,1939.31,4,4.4,30007.19,1
66,39348.03,15137.47,0.1628,22214.11,36,0,96.4,0.3,2,1678.96,3,12.7,10876.51,1
31,69140.65,20792.6,0.1787,16939.84,24,0,84.27,12.2,3,2547.56,2,1.6,4234.55,1
32,96694.26,31087.22,0.8243,24961.62,60,0,95.77,1.3,5,4929.34625,2,2.3,11240.13,1
48,34841.77,11959.57,0.6099,2000.0,12,1,90.58,3.2,9,1026.63,3,23.2,4402.37,1
18,48204.82,8149.7,0.6026,22291.21,48,1,68.11,7.0,8,2674.51,0,0.0,9278.31,1
20,59632.15,5664.66,0.4798,9538.89,24,0,61.41,3.7,1,3102.34,2,1.3,11065.65,1
33,70728.12,16584.63,0.5676,27940.93,24,1,60.4,0.0,8,1803.83,2,8.3,6079.78,1
40,43809.07,18834.83,0.5997,2000.0,24,0,83.46,14.9,4,1501.85,4,6.7,30802.3475,1
28,12000.0,10634.76,0.9585,13716.24,24,0,80.86,0.1,5,665.44,0,7.0,1039.48,0
29,82183.79,21229.46,0.2285,19590.24,36,1,87.85,0.5,5,4397.39,0,4.8,7069.58,1
27,70210.12,18723.07,0.2203,12382.09,60,1,93.71,1.3,3,2909.08,3,2.8,22621.87,1
49,20141.05,15345.85,0.0661,16245.16,60,1,66.58,4.6,8,870.98,2,20.4,5791.66,1
33,42848.62,7780.68,0.655,29044.34,12,0,94.26,3.4,3,1186.64,3,8.8,9494.75,1
25,86363.65,11145.09,0.5481,19755.04,12,0,63.92,12.8,1,4461.57,4,1.1,5285.81,1
55,83955.93,0.0,0.119,10694.19,36,0,95.33,5.3,5,2312.57,1,12.2,30802.3475,1
29,73772.8,16886.3,0.3672,29404.0,60,0,94.02,6.8,8,3427.73,3,6.2,30802.3475,1
41,51477.75,15210.73,0.1851,22509.81,12,0,87.88,6.2,6,1482.38,0,6.4,2081.93,1
45,56659.75,16507.83,0.3349,22924.87,48,1,72.0,5.8,5,2235.58,3,14.3,27119.36,1
25,52381.48,19034.55,0.9422,11074.89,60,0,63.74,8.4,1,1938.2,3,2.2,7202.75,1
45,77564.8,18086.57,0.6797,2000.0,24,0,91.12,2.1,3,3011.63,0,6.6,8533.98,1
53,37483.15,14116.93,0.0174,10938.69,60,2,68.72,1.2,3,1658.56,2,12.2,28755.29,1
43,38884.01,15389.34,0.2575,9921.31,48,0,77.64,2.1,9,1154.06,4,8.8,13336.26,1
25,75205.49,3765.47,0.0202,13867.03,24,0,81.23,0.2,8,2439.32,2,3.9,9938.37,1
67,54112.77,10330.23,0.7106,11581.44,60,0,87.42,17.1,9,1543.07,0,25.2,21057.08,1
45,82569.35,15403.77,0.47,21126.99,24,0,79.5,6.7,2,3861.4,0,10.9,10733.28,1
45,41569.76,9113.17,0.9841,28808.77,24,0,87.78,1.2,9,1112.64,0,16.8,793.51,1
54,53904.43,21881.21,0.7289,30761.61,36,1,92.56,1.5,8,2530.62,4,25.4,11906.53,1
58,36551.74,9730.94,0.5176,28372.12,48,0,88.52,24.5,3,2099.28,2,6.3,28562.97,1
53,55147.25,16730.44,0.7986,11023.75,36,0,71.98,7.3,8,3013.25,2,19.1,7598.0,1
44,25429.06,15932.53,0.7007,20589.01,60,0,95.77,2.8,5,912.24,2,15.6,7737.6,1
34,45247.33,20970.22,0.2489,35651.66,24,0,82.02,1.2,9,1455.07,0,6.5,3255.64,1
26,26274.92,22206.33,0.5297,4152.66,60,0,78.61,0.2,2,1497.96,1,1.1,8267.41,1
50,68878.46,20552.26,0.5549,33482.3,60,0,83.0,5.5,1,2740.92,3,13.0,27773.29,1
37,69331.79,0.0,0.4522,10038.97,36,0,79.33,7.6,2,2547.72,3,13.5,3330.11,1
30,20394.75,24553.19,0.1856,22937.65,60,1,90.2,0.6,2,595.56,0,2.6,30802.3475,1
45,81677.71,27218.47,0.2289,24127.85,48,0,76.83,0.0,6,2495.43,0,9.6,12338.12,1
65,104948.3,11143.01,0.2854,21899.13,24,0,91.07,2.2,9,4929.34625,0,29.1,2467.06,1
46,55920.13,16893.18,0.0201,42284.73,12,0,90.41,5.5,9,1773.42,1,19.9,12190.89,1
30,42177.71,7873.35,0.9086,16991.68,48,0,71.07,12.9,6,1306.13,4,8.9,5508.22,1
63,108025.5475,0.0,0.6824,3605.12,12,0,63.84,10.6,3,3984.66,4,29.0,8833.82,1
52,28620.63,9090.28,0.6858,23564.47,12,1,94.04,5.8,4,1586.86,0,17.5,19744.35,1
23,55402.13,10678.89,0.5709,18299.6,36,0,66.76,8.4,5,2473.46,0,1.7,2422.76,1
35,58592.45,12161.19,0.6855,25548.01,12,0,61.25,2.2,2,2978.51,1,7.5,5942.14,1
68,81902.95,7328.69,0.9722,28820.95,24,0,76.09,1.4,9,4010.24,1,5.3,5766.12,1
22,62194.78,9132.6,0.3875,19663.1,36,0,70.17,0.7,1,3524.13,3,1.4,11703.6,1
64,45027.32,14911.95,0.7083,24363.1,48,0,68.81,1.0,1,2161.92,1,27.9,707.15,1
42,35976.31,8838.18,0.3623,21442.38,48,0,66.89,16.5,5,1049.58,0,13.4,2064.97,1
19,48163.56,19348.19,0.8472,37918.87,48,1,89.97,13.3,4,1528.54,4,0.1,5807.51,1
27,34861.45,20453.29,0.8509,16294.38,60,0,91.34,0.2,6,1688.28,2,4.3,7866.69,1
47,55956.51,34043.1,0.8942,13129.3,36,0,61.86,3.2,9,1799.96,1,3.0,443.42,0
67,43716.08,24005.44,0.0154,28807.31,36,0,81.87,2.3,1,2297.53,2,17.4,5858.74,1
62,25119.24,16944.82,0.3022,10708.2,36,0,65.41,5.3,1,1364.53,0,34.9,9696.62,1
22,80102.92,10037.89,0.1412,23921.58,24,0,79.98,2.0,7,3109.04,3,1.5,1458.99,1
50,45046.55,17349.98,0.4549,18304.11,36,0,73.92,1.6,3,1700.25,0,23.2,5828.61,1
18,29637.26,17612.77,0.4955,18986.79,24,0,68.07,8.3,3,860.25,1,0.0,13444.88,1
35,51634.82,10893.5,0.2608,44373.05,48,0,97.92,14.7,9,2905.01,3,10.3,939.21,1
49,56367.43,21269.85,0.719,32340.87,60,0,98.27,1.1,5,2324.4,3,13.0,9675.8,1
64,20070.67,3815.22,0.2744,30215.8,12,0,82.56,1.3,7,975.47,4,22.2,4833.75,1
66,61632.95,13044.8,0.8468,25305.71,60,0,67.52,2.7,6,1864.77,0,38.2,5991.11,1
28,34056.85,19446.87,0.1841,13084.86,60,0,83.33,6.1,1,1463.93,0,3.1,4469.7,1
38,89220.58,12699.33,0.3699,22614.82,60,0,97.14,0.9,4,4541.84,2,14.1,878.49,1
43,65479.21,13345.96,0.6198,25833.24,12,0,75.11,3.2,8,2941.99,4,18.5,9120.2,1
42,47002.0,13897.71,0.6032,21989.85,24,1,65.51,9.2,7,1770.18,2,7.4,5533.51,1
39,40096.64,8315.19,0.0865,20947.5,48,0,87.75,1.3,5,1824.3,1,2.8,18330.56,1
44,52900.65,24391.21,0.8393,16025.51,12,0,86.25,0.2,5,3078.04,2,16.9,13181.41,1
66,67255.81,6855.7,0.5961,22734.59,48,1,60.06,11.9,9,3211.85,2,36.2,8668.25,1
30,54490.12,17545.27,0.8625,14744.29,24,0,94.14,7.7,9,2276.09,3,5.2,2703.48,1
50,50656.82,18309.18,0.8603,27034.23,48,0,86.43,6.0,6,2710.78,2,22.8,6643.88,1
51,56167.41,7411.02,0.545,2000.0,24,1,67.83,0.5,9,2285.74,3,8.4,15038.26,1
58,42922.82,15584.83,0.9026,33587.44,12,1,60.13,11.5,7,1720.02,1,25.2,1249.34,0
52,54915.35,7722.94,0.8414,6883.34,12,0,98.89,1.8,6,2097.9,2,20.1,1263.11,1
18,13284.15,26128.34,0.949,9327.45,48,0,90.19,1.2,2,473.96,4,0.0,2473.91,0
38,74474.52,5889.74,0.8435,24088.54,48,0,74.6,3.3,3,2039.27,1,6.5,21746.27,1
65,60975.96,9768.82,0.8148,25399.42,60,0,77.31,12.8,9,2290.79,3,12.9,7111.18,1
23,39530.88,5206.2,0.47,40782.78,60,0,81.55,26.1,1,1950.68,4,3.0,30802.3475,1
45,92974.7,4138.41,0.2178,22962.85,48,0,88.75,4.8,7,3835.4,1,13.5,21692.45,1
34,56740.33,27729.72,0.9025,19595.45,60,2,66.92,15.6,1,3034.97,0,11.3,2621.2,0
22,34277.13,19342.2,0.7181,21912.99,48,0,67.83,3.0,7,1065.08,0,2.7,30802.3475,1
48,72134.75,16122.35,0.2861,35904.88,36,0,61.93,0.2,8,2337.31,1,6.7,6739.43,1
22,62960.96,9747.38,0.3442,44244.0,60,0,99.43,1.6,3,2926.24,1,1.0,20426.78,1
55,62891.6,22260.89,0.6824,18152.0,48,0,95.02,1.8,2,3288.11,2,28.1,6458.78,1
20,54915.35,8406.22,0.4783,25427.72,36,1,82.12,7.6,5,2239.81,2,0.7,29218.62,1
40,64009.91,21349.11,0.0899,19256.11,60,2,77.21,0.7,3,2547.61,1,10.6,13609.29,1
54,49764.83,8019.91,0.1486,19057.34,12,0,69.5,1.0,7,2709.28,4,14.3,7503.3,1
54,66118.83,9843.94,0.7407,38790.51,48,0,83.8,4.8,2,3141.73,3,17.8,12034.83,1
27,16901.11,21066.26,0.332,10742.68,12,0,87.62,0.7,7,892.84,1,5.2,2571.97,1
27,46322.53,21910.62,0.5075,2000.0,60,1,87.57,3.4,2,2553.7,0,3.2,19305.08,1
36,89443.1,19779.78,0.7613,23174.44,36,0,60.26,0.2,7,3816.05,2,6.0,3190.42,1
34,39658.65,6602.61,0.7462,32010.07,48,1,88.08,5.5,7,1769.23,2,11.1,9004.26,1
38,42923.23,11426.19,0.1737,22198.97,36,0,94.65,12.0,4,2027.25,0,10.6,30802.3475,1
31,46040.77,16255.19,0.1064,25022.04,12,0,64.6,10.4,3,2643.2,4,9.1,544.06,1
26,30703.88,8205.75,0.5893,27523.93,48,0,90.22,0.4,9,1592.5,1,5.7,1896.55,1
63,12000.0,25967.7,0.7368,21109.11,12,0,92.93,4.5,1,313.97,4,9.6,11611.03,0
18,50388.27,0.0,0.1561,25563.08,12,0,71.05,0.5,4,1980.6,4,0.0,10128.37,1
68,57717.19,8770.08,0.3745,25396.12,36,1,88.48,0.3,4,3114.22,1,36.5,12881.93,1
62,53949.9,10923.47,0.8629,2000.0,60,1,63.87,4.7,8,1414.16,4,17.9,196.85,1
30,52102.43,0.0,0.9353,21138.67,12,1,85.97,4.2,4,2397.11,0,5.4,11474.41,1
21,55860.82,3830.17,0.455,4272.17,12,0,80.41,0.5,5,3156.15,1,1.1,28353.95,1
18,75456.83,20002.32,0.0879,19618.28,24,1,93.99,2.2,4,2670.9,2,0.0,5124.03,1
66,51191.08,15242.27,0.2625,15047.19,36,0,78.08,1.9,1,2512.04,1,22.7,6736.91,1
57,43518.35,27585.09,0.2383,30340.11,12,1,77.12,2.1,8,1539.86,2,14.8,12054.52,1
49,49377.49,27361.81,0.2442,22444.13,24,1,97.35,2.0,2,2287.9,3,21.0,21241.18,1
51,66586.94,18464.37,0.494,24731.93,36,1,97.37,8.7,5,3743.25,1,14.5,14003.44,1
45,83240.54,17505.91,0.5816,18085.49,48,0,61.43,2.2,2,3104.74,2,20.8,30802.3475,1
48,42437.13,15527.45,0.1301,30521.81,60,0,79.42,2.0,5,2419.14,4,18.5,13442.39,1
25,56978.68,0.0,0.8816,4026.75,36,0,66.44,0.2,4,2150.36,3,1.8,3376.74,1
56,61767.15,3843.52,0.6176,11044.98,12,0,70.95,7.8,6,2350.97,1,14.5,22596.29,1
43,35148.44,15805.4,0.5953,32863.07,24,0,86.65,5.4,3,1774.06,2,13.2,7096.37,1
51,55408.34,19928.21,0.9775,15643.52,24,0,65.17,2.1,6,2051.65,4,6.4,25053.32,1
20,25686.52,17317.36,0.6256,2000.0,48,0,60.45,3.0,2,922.87,2,0.9,679.58,1
67,19618.99,7860.28,0.9204,34526.41,24,0,89.08,7.9,3,611.85,1,34.7,10420.62,1
29,62334.93,22499.25,0.2905,30769.36,12,0,85.65,2.1,2,1743.25,0,2.4,135.52,1
18,47322.51,26859.55,0.2453,27109.69,36,0,96.11,3.2,5,2504.41,0,0.0,1622.2,1
61,59045.61,22503.92,0.5162,20944.06,48,0,81.69,0.1,5,2412.89,1,19.3,3609.82,1
22,54642.1,22916.79,0.5084,36607.47,60,1,97.81,12.5,8,2551.84,4,2.9,13447.25,1
47,35472.0,10526.19,0.232,32586.18,60,0,84.37,2.3,6,1452.01,3,17.2,5437.52,1
47,54094.91,23607.47,0.6957,35478.56,12,0,75.49,1.8,7,2027.29,2,14.6,5854.87,1
34,30337.97,16166.07,0.039,26955.0,48,0,84.34,4.7,9,1171.67,4,3.6,3501.39,1
65,82819.45,19092.44,0.6868,21227.96,48,1,89.97,3.7,4,2289.7,2,29.1,18537.73,1
64,27880.59,17923.45,0.458,16008.35,12,1,73.9,2.6,6,1323.32,0,26.3,30802.3475,1
40,51084.29,14028.1,0.6852,7310.76,48,0,74.9,12.8,7,2149.41,3,17.0,30802.3475,1
32,34154.57,8119.98,0.4775,25020.46,24,0,85.2,2.3,3,929.26,1,2.6,7377.54,1
54,66408.42,14342.91,0.9678,25853.57,24,1,78.22,32.1,8,3051.55,1,11.9,451.37,1
38,48371.37,22894.09,0.338,16502.19,12,0,81.08,7.8,4,1547.28,0,8.8,1033.17,1
31,44626.67,11468.19,0.9729,26136.81,12,0,99.28,11.7,4,1321.62,1,7.1,20597.6,1
19,72064.03,22146.78,0.0737,16678.22,24,0,61.75,1.7,2,4148.61,3,0.4,9085.73,1
28,55588.61,20896.57,0.6801,28674.28,36,1,85.92,0.4,9,1536.2,3,3.7,1992.14,1
68,65332.89,12608.5,0.4551,11178.93,12,2,96.92,2.7,9,3222.84,1,17.9,7696.41,1
56,35373.48,26110.4,0.8157,9448.88,24,1,69.45,1.9,5,1706.19,4,6.4,9553.31,0
55,26903.66,12155.63,0.7838,17594.21,36,0,68.48,0.3,8,1140.47,1,14.3,19469.54,1
51,57144.16,27076.37,0.7942,28287.85,36,0,74.52,0.4,8,1591.35,3,9.1,10794.91,1
55,48623.07,18473.02,0.1028,8412.15,24,0,62.96,1.0,1,1689.19,0,11.2,6610.82,1
67,67528.69,14873.07,0.8159,30496.87,24,1,82.41,2.4,3,2051.26,1,5.0,9238.75,1
51,53401.83,7897.59,0.2198,3574.12,48,0,85.82,13.7,2,3085.68,4,4.1,1437.18,1
35,59101.51,14293.92,0.0352,17532.54,36,2,92.8,5.4,5,1672.67,1,5.1,2802.3,1
47,22532.35,13369.92,0.2234,5869.24,60,1,62.65,2.5,3,572.77,2,6.8,7537.1,1
32,92768.74,4933.63,0.4797,2000.0,48,0,77.45,8.0,7,2995.95,1,6.9,2405.7,1
44,51715.16,13259.08,0.7373,23664.52,48,0,91.37,4.2,2,2645.58,3,11.9,30802.3475,1
68,68951.74,8569.57,0.2243,18221.89,36,0,90.73,3.4,3,3663.46,1,34.9,7956.27,1
51,38278.17,19687.93,0.1207,6029.01,36,0,62.95,0.8,7,1852.07,1,4.7,1544.02,1
69,61160.2,25450.24,0.643,14833.86,36,1,60.46,13.1,3,2412.31,0,29.6,25611.85,1
55,28943.1,5184.67,0.9742,24418.25,12,0,91.33,4.9,3,1486.78,2,27.3,12360.51,1
50,64041.36,28698.46,0.5989,16318.5,24,0,65.52,2.9,5,3046.46,0,17.1,396.57,1
41,47880.52,13971.59,0.6872,18013.19,24,1,83.11,2.9,1,2782.93,3,16.0,4516.21,1
32,55583.81,7199.83,0.5599,16015.43,24,0,63.77,7.2,3,2203.31,4,7.0,5548.6,1
47,68959.48,21062.04,0.7767,14176.98,36,0,71.82,1.0,2,2155.52,0,18.7,7536.9,1
59,30349.19,11428.36,0.9663,14046.63,48,2,66.32,2.7,2,825.9,3,6.0,3797.83,0
68,41310.17,14346.11,0.5432,13753.03,36,0,89.46,0.3,3,1892.1,2,10.8,12792.17,1
34,64146.49,11765.77,0.4185,12468.57,36,1,86.91,0.4,2,3601.95,1,2.6,7899.42,1
22,96964.43,8466.1,0.8531,9827.05,48,1,65.41,3.7,3,4929.34625,0,3.0,482.26,1
46,52238.35,20791.98,0.9603,16202.88,60,1,62.37,2.4,5,2581.08,1,14.0,819.79,0
21,66822.72,12709.59,0.1366,13600.72,12,0,78.65,6.4,7,2823.48,2,1.0,3989.18,1
27,52860.57,3506.79,0.5766,9283.01,60,0,67.82,21.6,4,1639.13,4,4.3,10534.96,1
34,93844.91,19408.48,0.7866,27660.15,36,0,60.33,9.8,7,3204.14,1,1.7,10446.67,1
27,20055.57,5355.34,0.5327,32326.36,24,1,70.57,2.9,5,689.99,4,5.3,2067.01,0
34,56892.42,5773.92,0.411,19998.97,24,0,68.61,2.4,9,2683.47,2,4.5,22320.64,1
37,22489.12,24540.85,0.6521,20664.73,48,0,87.4,4.4,4,1204.18,2,5.2,7217.44,1
41,12000.0,5429.28,0.2747,13074.36,36,1,94.43,0.5,3,354.75,4,6.2,8685.47,1
22,60949.24,0.0,0.3522,30670.31,48,0,69.51,22.0,2,1591.39,0,1.3,15575.68,1
51,57789.96,19982.89,0.9824,37381.81,48,0,68.92,19.8,4,2430.06,2,18.6,1221.63,1
23,49303.26,12569.09,0.6337,18362.06,12,1,75.51,12.8,2,2708.05,2,2.7,7422.66,1
19,52876.12,13258.76,0.8655,14785.53,48,0,66.9,5.4,4,3016.04,4,0.5,11888.02,1
30,108025.5475,12484.0,0.8016,23414.75,36,0,97.87,3.5,3,4789.32,1,3.8,2286.18,1
60,49836.5,16853.36,0.6492,21289.31,12,2,69.74,6.1,9,1660.82,4,26.2,1902.56,0
60,65202.49,8978.25,0.8339,14998.45,24,0,63.73,1.9,5,3296.84,3,33.1,27522.23,1
65,42012.7,26808.92,0.2914,24711.96,12,0,82.28,9.6,3,1287.46,1,25.4,15117.02,1
28,60904.65,3190.16,0.6344,29381.58,36,1,81.5,0.7,7,3195.48,1,4.7,269.86,1
68,50235.33,18559.0,0.5888,12141.82,60,0,85.28,3.4,2,2711.42,2,11.1,5151.81,1
64,46789.63,20136.97,0.62,45420.34,12,0,98.67,10.1,6,1655.14,1,7.1,2028.29,1
40,91377.97,8922.79,0.1753,4670.58,60,1,72.94,0.9,1,2843.09,0,5.7,3805.31,1
33,78543.7,6810.12,0.2817,11483.09,12,0,74.38,3.3,8,2254.99,0,6.6,3384.1,1
48,57734.93,23137.39,0.2909,22339.68,12,1,73.48,11.1,6,2617.06,0,9.0,30802.3475,1
28,12000.0,7073.11,0.5999,42468.73,48,1,85.15,16.0,8,692.75,3,7.9,30802.3475,0
33,47779.82,10146.69,0.9631,14374.09,60,0,84.16,8.3,4,1906.71,2,8.0,934.72,1
25,108025.5475,22098.47,0.945,9342.54,60,1,81.15,14.1,3,3684.82,4,2.4,2753.79,1
21,50386.77,15277.93,0.2326,25492.41,12,0,74.57,13.8,4,2649.68,3,1.8,15127.79,1
57,77064.35,622.85,0.3087,17514.06,36,0,77.11,19.5,7,3759.04,3,9.9,10027.72,1
21,83838.85,28976.47,0.0453,26652.56,36,1,91.7,2.7,6,2302.42,0,2.2,815.58,1
42,54915.35,10759.91,0.4008,19292.19,60,0,84.37,1.7,9,2000.11,1,10.6,510.99,1
20,38163.57,11777.94,0.828,11428.33,48,0,88.65,5.0,7,1428.77,4,0.9,1800.9,1
49,12000.0,17046.27,0.9074,43488.76,48,0,71.07,1.0,3,386.62,2,8.0,5675.57,0
20,68683.26,20000.61,0.2418,2000.0,36,0,96.46,4.1,5,3738.44,1,0.2,20036.55,1
44,38704.88,30688.83,0.2705,38202.39,48,0,61.41,4.3,8,1208.9,1,20.6,4656.47,1
46,58523.01,1719.45,0.2264,29332.62,12,0,83.83,8.2,5,3010.16,3,17.5,3340.09,1
49,30003.59,21607.62,0.3531,12544.11,12,1,92.49,2.2,5,1491.59,3,20.1,3562.22,1
67,49695.25,20944.08,0.7987,38724.2,60,0,94.65,4.6,3,1262.48,0,16.2,9889.5,1
68,55674.38,13902.68,0.6439,6285.81,24,0,72.78,11.7,4,1909.75,2,25.9,4609.9,1
36,54915.35,21298.19,0.7802,30081.11,36,0,78.39,2.7,9,2537.02,2,6.6,6088.9,1
38,32703.56,22474.19,0.5814,2000.0,36,0,61.4,4.2,9,1056.53,3,2.2,5239.33,1
22,78938.22,3944.3,0.2626,8541.22,24,0,91.59,7.7,3,4125.74,3,2.6,4850.92,1
35,43062.1,28998.13,0.2334,8516.38,48,0,64.98,1.4,5,1269.65,0,1.8,1796.04,1
45,21510.61,2529.9,0.0188,12493.43,12,0,77.12,0.5,8,657.23,1,12.9,25964.84,1
59,52819.53,5917.47,0.7754,20115.81,12,0,99.63,5.7,5,2356.51,4,19.1,1458.61,1
39,55687.51,12905.7,0.8402,11740.24,36,0,96.71,2.3,7,1435.85,0,7.3,8949.45,1
38,58211.79,30399.52,0.7629,2000.0,36,0,73.2,2.4,3,3382.25,2,2.2,613.39,1
23,82242.65,12533.95,0.0829,24634.51,48,0,68.96,13.3,2,3509.87,2,2.7,1999.03,1
18,50271.02,14744.53,0.757,20489.51,48,0,70.07,2.6,2,2348.68,1,0.0,3965.16,1
22,52607.61,26456.63,0.0549,24089.27,36,1,87.39,15.4,9,1758.4,1,0.4,2187.01,1
58,32936.31,12597.45,0.1135,21719.18,48,1,89.03,0.6,1,1871.46,4,13.1,4840.75,1
29,71411.07,5572.51,0.4417,29542.35,24,0,68.66,2.1,1,2581.16,2,5.2,11830.05,1
43,58686.18,11662.12,0.4766,19245.18,12,0,69.6,5.9,2,1717.23,3,19.5,10429.44,1
63,46599.45,25966.33,0.8098,30125.21,36,0,72.94,0.7,6,1871.62,3,21.9,7975.1,0
51,16906.51,15566.92,0.6759,12243.03,24,0,77.33,2.4,6,494.4,0,22.4,3615.43,1
66,83888.24,30445.27,0.1603,12813.3,24,0,96.7,9.5,6,4787.65,3,19.5,18652.13,1
31,30446.4,20903.48,0.2316,33760.39,60,1,61.06,7.2,6,1273.66,4,1.6,19571.01,0
43,43174.44,9841.53,0.29,33556.69,36,0,85.53,1.7,6,1943.18,4,8.2,2481.45,1
62,54915.35,15408.61,0.1312,25737.42,60,0,94.47,2.2,8,2557.98,2,17.8,30802.3475,1
44,31068.84,8174.26,0.2919,11108.92,24,0,88.93,3.5,6,1017.69,3,11.8,1792.53,1
26,25129.8,9652.54,0.724,10303.68,36,0,68.67,6.6,9,770.91,1,2.3,2992.08,1
43,12521.05,36696.87,0.2466,33280.64,60,0,79.07,0.8,5,715.98,2,10.2,12996.13,0
64,69419.94,23149.0,0.8287,32726.65,12,0,96.41,3.8,4,2469.8,0,17.2,12829.21,1
39,44096.28,21888.78,0.4701,19364.21,36,0,64.63,0.4,1,1188.12,1,4.3,2693.98,1
64,108025.5475,10014.56,0.3265,43418.85,60,0,99.5,2.5,2,4748.8,3,27.7,7317.24,1
47,54915.35,27556.67,0.4142,24589.0,48,0,65.74,1.1,4,1163.47,4,9.6,271.84,1
60,36570.98,23795.32,0.7053,8928.01,36,0,65.7,1.8,9,1775.42,3,13.4,8559.81,1
65,43692.14,30052.97,0.5165,17243.69,48,0,92.51,2.0,4,1642.74,4,7.2,25874.3,1
34,59862.69,29664.91,0.0171,20054.71,36,0,93.13,7.4,8,3359.06,0,11.9,1943.42,1
43,45595.93,3167.29,0.9139,20863.99,60,0,61.52,1.5,2,1801.93,2,14.2,146.17,1
53,67246.64,6121.28,0.0747,32500.03,60,0,66.73,5.4,1,3197.25,3,21.7,15159.66,1
18,35428.23,6969.7,0.9298,10437.11,36,0,97.94,3.8,9,1888.63,1,0.0,28844.55,1
25,27368.17,7448.47,0.0376,6684.88,24,0,71.17,8.2,6,1471.99,3,1.5,3226.55,1
66,19035.71,17587.62,0.7656,26023.24,60,0,60.49,1.9,5,827.27,3,9.1,21919.78,0
52,12000.0,10465.57,0.534,14930.15,36,0,70.16,26.2,3,621.42,0,25.9,6077.88,1
69,44638.62,31580.79,0.5056,44235.06,36,0,89.42,1.8,9,1484.72,4,5.7,15677.32,1
32,48980.39,30237.44,0.0813,29432.2,12,0,96.66,4.3,2,2207.97,2,10.1,3589.74,1
64,42371.26,14948.31,0.244,14746.04,48,0,66.21,5.0,8,1106.2,2,34.1,26479.58,1
39,79868.12,30642.61,0.772,32128.54,12,0,68.98,3.9,4,2885.48,4,10.2,748.49,1
31,79560.6,26905.08,0.8834,27304.11,48,0,77.66,9.8,7,2906.1,1,4.7,21037.89,1
43,48303.94,11394.35,0.5285,26336.97,48,1,89.93,3.4,8,2614.41,3,12.9,4082.24,1
45,19121.58,0.0,0.3563,18777.56,12,0,86.35,4.5,1,779.91,0,13.0,44.28,1
40,43665.9,13256.25,0.0687,24204.51,24,0,73.1,3.5,1,2169.67,1,17.2,3529.06,1
31,43003.57,9843.02,0.6785,2000.0,36,0,62.65,2.7,9,1750.43,0,4.5,16670.8,1
41,41857.3,16652.05,0.2829,33170.89,60,0,70.12,2.1,9,1484.45,0,11.9,1007.82,1
19,41045.62,15713.83,0.0639,2000.0,36,0,68.78,0.8,1,2311.53,3,0.5,10911.59,1
62,54915.35,15504.14,0.6625,15578.77,12,0,60.84,5.2,5,1921.29,3,9.7,19250.6,1
43,47269.17,19189.48,0.486,4042.89,24,0,99.0,0.6,4,2191.78,2,17.8,3696.42,1
31,42289.18,5299.82,0.0217,14991.49,60,2,70.21,8.8,4,1749.63,2,3.2,5768.9,1
68,59166.45,18290.88,0.1187,19258.83,60,1,93.46,3.0,2,1845.46,3,26.2,123.04,1
24,62207.37,11483.07,0.6952,8032.06,24,0,79.39,4.6,5,3286.46,0,2.1,2449.27,1
20,36787.1,16599.86,0.0724,2000.0,60,0,98.89,0.4,2,1825.2,0,1.4,2209.57,1
64,80421.31,22659.28,0.8586,22070.66,60,1,65.98,0.5,3,3033.87,2,31.9,18094.17,1
40,35398.75,5204.8,0.3151,40864.4,24,0,64.43,1.3,8,1990.5,4,4.4,22270.49,1
63,22643.99,12749.65,0.0969,16487.2,12,1,60.1,7.6,9,825.68,3,34.5,7726.1,1
60,62615.56,14051.73,0.7546,29593.31,12,0,88.74,3.3,9,1646.72,3,8.5,8725.81,1
64,38651.84,10885.85,0.5239,35043.85,60,1,72.26,1.9,7,1302.45,3,19.2,690.49,1
62,61425.83,22198.64,0.3105,2000.0,12,0,94.81,9.5,4,2290.44,2,25.9,8102.66,1
35,54915.35,9236.89,0.408,15427.25,12,0,85.35,1.1,9,628.08,3,6.5,2961.36,1
55,82849.12,10556.8,0.031,7236.14,60,0,83.1,1.5,1,4246.38,1,18.1,4809.84,1
52,68445.87,9320.65,0.6594,11937.23,60,1,79.48,7.5,2,2697.78,2,27.1,6320.51,1
68,24990.47,23736.44,0.3685,37020.12,12,0,70.33,0.1,5,1208.61,2,14.0,8768.99,1
32,25424.46,11060.45,0.7098,22236.79,48,0,62.59,1.2,5,829.13,3,8.9,7207.6,1
42,88445.32,18680.36,0.6256,27888.24,24,0,77.74,3.7,5,4836.86,2,13.5,1324.24,1
54,40252.4,30805.64,0.6482,19561.01,12,0,63.96,12.3,8,1088.66,4,27.5,6698.62,1
45,38316.3,14401.45,0.787,7894.47,12,0,96.23,1.5,2,1467.21,0,4.6,3247.55,1
27,12000.0,23896.49,0.6285,26781.16,48,1,93.17,1.2,9,623.73,1,2.6,20828.29,0
56,47984.44,28370.83,0.4204,32525.75,36,0,84.79,18.4,5,2016.54,4,24.2,1765.31,1
34,50445.61,23217.53,0.3921,23173.74,36,0,78.1,3.7,7,2629.43,1,10.8,10594.14,1
56,69309.86,14865.59,0.1272,24891.24,24,0,78.17,0.3,9,2116.67,1,22.8,16185.9,1
39,27018.43,20136.86,0.7739,7651.99,60,0,78.58,1.6,5,902.34,3,4.3,851.67,1
43,24594.26,4700.97,0.7559,27068.64,12,1,89.82,3.8,4,941.91,2,8.3,8137.24,1
61,64019.25,8759.65,0.2514,33460.14,48,0,65.05,0.4,9,3433.88,1,11.1,2693.77,1
42,75134.6,10162.6,0.8554,24045.85,60,0,81.25,5.9,8,4275.56,4,15.3,2045.43,1
34,23576.95,32924.9,0.5872,2032.17,60,0,92.51,3.7,3,634.06,1,11.6,2723.15,1
30,76630.28,8499.32,0.4791,36356.3,36,0,80.41,6.2,4,4317.83,2,6.3,4098.43,1
37,55750.84,8380.19,0.0271,10551.76,12,0,60.55,2.1,9,2691.3,1,4.0,18168.38,1
42,76836.11,6648.63,0.3851,23877.87,24,2,69.79,2.7,1,3160.15,0,17.0,3721.53,1
21,53595.59,19478.49,0.6379,29529.76,48,0,86.74,13.2,7,1775.44,1,1.2,30802.3475,1
27,12000.0,16140.97,0.098,30796.18,12,0,97.37,1.2,3,413.53,0,2.0,86.68,1
20,51960.65,23694.07,0.4604,2000.0,60,0,95.75,0.2,7,2449.44,1,1.1,17242.68,1
58,76202.88,20370.08,0.9836,21172.17,60,0,92.91,20.1,9,2973.03,4,6.3,1650.96,1
62,37125.08,3956.88,0.7122,20510.22,24,0,98.01,0.0,1,966.91,1,22.9,14724.54,1
35,47240.7,8541.78,0.5459,34390.28,36,0,71.2,11.0,4,2702.31,0,13.3,10038.65,1
64,51477.33,25922.63,0.5324,24587.24,24,0,60.5,8.7,3,2429.26,0,23.7,8962.75,1
53,12000.0,13373.61,0.0529,34481.18,24,0,74.17,3.3,6,615.63,3,24.5,2369.58,1
64,88426.95,24500.73,0.9482,25399.18,12,0,83.08,6.1,4,4106.5,4,32.5,12236.05,1
39,36972.49,13802.55,0.9196,19258.34,36,0,72.66,0.6,5,1804.11,2,4.6,6872.2,1
51,65114.71,7258.75,0.6788,21938.59,60,1,61.77,7.2,5,1712.99,0,18.8,25555.3,1
64,53265.98,12573.91,0.107,35235.97,36,0,80.29,7.7,3,2022.69,4,21.8,2433.68,1
25,80152.38,7255.6,0.2137,7030.68,12,0,67.99,0.3,7,4502.98,3,0.9,20111.57,1
57,63121.12,10475.58,0.1902,29059.55,12,0,89.1,3.4,6,3591.51,0,9.0,13578.97,1
66,50301.51,16607.41,0.5192,13723.84,24,1,63.57,14.8,9,2799.34,4,10.5,995.41,1
61,37129.7,19092.84,0.2136,11575.21,12,0,98.33,15.1,5,2164.37,4,23.0,7569.19,1
36,70957.01,2278.47,0.6919,30234.26,36,0,95.07,20.8,3,1940.63,1,3.8,11975.48,1
59,17531.17,14861.06,0.5443,11169.13,24,0,94.95,5.3,5,475.52,3,12.8,841.32,1
58,67917.81,10307.07,0.0273,23770.75,24,1,91.6,0.8,9,3809.68,3,7.0,4569.35,1
54,33019.1,9812.68,0.7392,15110.59,24,0,85.34,2.7,5,858.95,1,5.1,14225.79,1
23,80045.67,16061.48,0.1951,2000.0,36,1,62.14,6.5,7,4363.05,4,4.0,5837.2,1
69,58225.99,10596.39,0.8184,24777.16,24,0,86.5,1.7,1,3155.43,1,19.2,2357.2,1
43,67882.48,26057.1,0.3579,21263.21,48,0,89.88,8.3,7,2921.71,1,11.3,1694.82,1
51,56639.78,24504.5,0.3418,2000.0,48,1,65.23,9.9,4,3078.11,4,4.1,17597.14,1
62,19952.46,24454.63,0.0216,13014.1,36,0,84.63,7.2,5,956.24,2,9.3,691.68,1
23,37785.42,11040.72,0.978,2000.0,60,0,79.15,2.1,8,1160.68,0,2.6,1295.76,1
54,68447.79,7300.01,0.6098,27316.9,60,1,78.9,6.8,8,3637.1,4,13.7,18118.36,1
50,58333.12,15656.24,0.4243,33879.93,24,0,67.98,0.4,5,2238.1,1,16.9,11126.74,1
39,78619.8,13797.21,0.1047,28494.91,36,0,89.58,2.0,2,2534.85,3,6.7,2685.8,1
38,63065.49,10129.41,0.6952,29891.3,24,1,97.0,7.3,6,3630.79,4,8.9,1816.1,1
23,35665.96,5594.12,0.2871,14821.7,24,1,91.51,7.9,6,1705.74,3,3.7,1188.76,1
23,39078.72,14667.86,0.9785,25469.28,48,0,74.76,1.9,1,1218.28,2,2.7,495.87,1
65,57058.35,11767.44,0.9415,19909.31,12,0,99.37,16.1,5,3082.1,2,28.1,2371.58,1
21,12000.0,20506.78,0.7306,21853.15,36,0,74.57,1.6,4,629.9,2,2.2,14593.14,0
47,88468.84,20320.85,0.9617,29574.31,12,0,69.38,5.4,1,2515.66,0,17.4,9537.89,1
28,63834.93,23806.4,0.1135,31754.87,48,0,98.72,10.6,8,1865.49,2,5.5,12688.57,1
47,79540.69,4925.64,0.2843,16102.44,12,0,91.59,4.0,8,2581.73,1,20.2,30802.3475,1
48,23387.92,18208.47,0.2582,5923.55,48,0,90.45,2.7,2,1286.14,2,17.5,5560.0,1
41,79891.3,9180.27,0.0806,18125.95,60,0,63.1,1.2,9,3928.59,0,12.0,25972.94,1
26,99629.98,5236.69,0.9628,17807.27,48,0,67.68,1.1,3,4929.34625,2,2.1,800.59,1
20,28582.43,11571.18,0.0688,22845.98,36,0,60.74,0.9,3,1519.42,4,0.2,15523.81,1
68,70428.04,23549.64,0.8496,28329.96,60,0,91.07,2.9,4,3011.81,3,19.7,9721.2,1
48,55022.2,12021.45,0.7628,2000.0,24,1,71.13,4.0,7,1468.98,1,20.2,10193.56,1
57,24111.32,27523.64,0.3783,13290.86,36,0,65.29,9.1,2,1182.16,1,18.2,18.42,1
54,64857.68,19391.03,0.0284,10361.12,36,0,67.28,1.2,2,2955.28,2,5.7,2273.66,1
53,71672.06,11847.28,0.016,32508.94,36,0,85.65,7.0,9,2346.58,0,14.3,30748.16,1
41,42977.47,24280.39,0.2099,17916.29,12,0,77.32,5.9,4,2398.76,3,12.0,10531.71,1
48,78318.33,18563.17,0.494,14871.16,12,0,97.66,5.0,7,3751.39,0,8.0,24650.45,1
23,21664.73,7539.52,0.4588,25383.02,24,0,74.64,2.1,9,1121.12,2,0.8,1528.07,1
19,25104.88,29870.42,0.5836,14069.94,12,1,93.35,1.9,7,1277.09,0,0.5,7844.14,0
37,57731.95,17075.83,0.7665,19848.05,36,1,81.86,7.1,5,1687.65,3,3.1,2927.87,1
45,55507.71,15150.37,0.3798,38140.71,48,1,88.21,1.6,1,1905.03,3,2.9,30802.3475,1
28,40668.53,8155.74,0.1672,37862.9,24,0,66.75,2.0,9,2048.87,0,6.2,14532.92,1
21,71191.89,24436.31,0.794,15926.16,24,0,89.96,16.8,8,3164.65,2,1.3,30802.3475,1
32,65617.89,19138.2,0.336,18176.38,36,0,63.43,32.4,5,1913.68,3,1.8,334.81,1
23,72162.78,20033.91,0.2911,13809.71,60,0,87.64,0.0,9,2822.48,0,2.6,2549.9,1
66,52537.27,10939.75,0.759,2000.0,12,0,78.62,5.8,8,1732.28,0,5.2,24689.25,1
47,54915.35,21672.8,0.9255,30361.89,60,0,69.14,3.8,4,3346.57,1,9.5,1729.56,1
55,46086.99,22294.51,0.9067,44213.42,36,0,79.22,3.1,2,1363.59,3,8.1,11164.72,0
68,96076.37,9649.77,0.1447,15565.51,60,0,94.23,1.6,9,4365.6,1,18.8,25848.31,1
19,38749.08,3664.08,0.5031,11832.06,36,1,66.19,3.5,9,1005.01,3,0.1,120.27,1
32,97105.95,19650.98,0.101,17271.53,12,0,66.79,3.0,7,4664.26,2,10.9,7660.52,1
28,55697.76,2413.22,0.9518,20850.46,12,0,81.36,2.6,8,1558.35,1,2.0,9358.89,1
25,27489.78,16216.13,0.2209,8644.7,24,1,85.01,9.5,4,805.09,1,5.4,14903.12,1
43,82361.59,11422.04,0.2035,15415.22,60,0,76.81,1.6,4,3375.19,2,11.4,14928.06,1
68,57518.03,24749.32,0.8811,30148.97,60,1,70.66,4.6,1,1458.52,4,7.4,7988.22,0
62,72022.48,11857.25,0.9585,21273.81,60,0,62.69,10.0,9,4148.62,1,31.5,21709.19,1
61,79477.12,23858.18,0.6937,32703.86,60,0,61.99,19.3,9,2703.11,2,16.8,3063.43,1
22,61759.11,10886.32,0.1286,23647.68,48,0,61.63,4.6,5,1553.79,2,0.8,5323.68,1
23,43155.18,22999.93,0.4861,9110.83,24,2,96.05,3.7,7,2322.14,2,1.4,10892.2,1
43,74514.27,31482.73,0.8103,14239.86,24,0,65.25,9.2,3,2028.28,3,7.6,16374.14,1
21,55015.11,6455.62,0.571,22484.12,48,0,71.8,1.0,8,2978.92,2,1.6,4110.42,1
36,68717.16,17336.29,0.1399,8774.11,60,0,99.44,5.0,9,3547.49,2,14.0,4237.83,1
37,12000.0,36696.87,0.1784,7476.8,48,0,97.1,0.3,8,348.42,0,4.4,6256.41,1
50,63939.63,15532.71,0.8569,8077.99,60,0,61.71,5.4,5,1839.53,4,8.0,3396.69,1
37,42228.28,15494.31,0.5265,25158.04,48,1,82.05,7.9,6,2100.78,1,14.8,4101.08,1
66,88066.19,21307.99,0.7017,16337.6,24,0,85.34,0.3,3,4506.61,2,12.2,9911.87,1
29,67461.75,15328.65,0.3756,31824.42,48,0,62.16,9.4,3,2531.57,0,2.9,2477.77,1
64,59797.15,1342.19,0.5318,11035.8,36,1,89.13,0.7,7,3241.84,2,36.5,7236.98,1
18,64726.2,24058.3,0.9676,2000.0,60,0,99.51,1.0,9,2046.29,4,0.0,30802.3475,1
43,35031.18,0.0,0.3331,18692.95,48,1,77.18,9.1,9,1589.01,4,7.9,24617.06,1
31,87465.13,11665.67,0.6713,36475.55,60,0,77.98,0.7,2,3397.7,1,3.5,4912.01,1
55,94827.41,24659.41,0.1791,20345.69,12,0,86.37,3.4,7,3425.35,2,16.1,3049.82,1
54,62858.27,12147.66,0.1293,6279.07,60,2,89.46,1.7,8,2697.76,1,11.7,30802.3475,1
28,86808.07,9450.43,0.778,3757.23,48,0,91.59,1.4,1,3046.29,1,1.1,2447.4,1
53,43617.04,22034.11,0.8372,31979.02,60,0,63.1,5.3,4,1414.4,0,5.2,17098.79,0
30,39057.73,8191.08,0.6649,11925.63,36,0,92.03,0.6,9,1680.15,2,5.7,30802.3475,1
60,55818.49,5222.19,0.165,35417.95,36,0,94.56,4.3,9,2376.83,3,11.9,30802.3475,1
20,63698.82,17196.11,0.2458,26540.93,48,0,61.81,12.9,5,3313.33,3,1.5,5681.79,1
50,47120.27,13536.61,0.903,12304.31,48,0,61.57,9.5,7,2199.92,4,18.8,5513.92,1
23,65755.36,5050.62,0.2929,31671.37,60,1,82.04,9.5,6,2377.25,3,3.9,11140.39,1
67,61127.79,20095.62,0.8125,10761.03,24,0,79.87,1.8,4,2929.15,1,32.5,5062.49,1
27,35033.86,18715.9,0.2902,5526.63,36,0,99.2,6.0,7,1012.05,1,2.9,2683.85,1
22,65375.86,12121.96,0.9307,11332.55,36,0,71.78,7.6,3,2030.0,0,2.5,3628.67,1
40,72270.56,12669.34,0.9062,27687.37,12,0,83.61,11.6,1,3219.11,4,9.4,886.12,1
27,58429.39,18763.14,0.0524,31379.67,12,0,80.27,1.5,2,2545.34,4,4.1,2655.4,1
61,78052.96,24522.89,0.765,16039.73,24,1,81.43,7.2,7,3330.8,4,20.2,2045.51,1
19,30651.92,12737.65,0.1761,2000.0,36,1,86.39,1.3,4,1414.29,3,0.6,6203.39,1
30,64359.01,20237.51,0.221,4432.34,48,0,81.5,0.1,7,1939.91,0,4.2,30802.3475,1
57,31594.39,19521.6,0.4606,9323.54,36,0,60.28,3.3,8,1633.69,0,25.3,11351.85,1
19,32718.37,22034.46,0.5748,7060.03,48,0,93.75,7.3,7,1772.71,0,0.2,2102.02,1
37,42381.38,15314.47,0.3293,22654.3,48,1,68.05,1.2,5,1795.66,0,6.7,23873.66,1
18,36158.8,7701.4,0.5739,39381.16,24,0,69.25,0.2,1,1729.4,0,0.0,1708.8,1
54,44040.08,11300.01,0.1772,27957.77,36,0,85.92,2.3,6,2304.29,2,24.9,7463.24,1
26,50716.99,17742.83,0.0319,8717.69,60,0,79.11,1.1,7,2367.26,1,5.6,10181.81,1
34,71743.09,29547.72,0.5698,13056.24,36,0,82.98,2.4,4,2832.6,2,5.4,4491.89,1
26,48576.82,11127.84,0.5171,15007.09,36,0,79.9,12.7,3,2320.72,1,3.2,15958.35,1
28,23287.49,21438.3,0.6859,23892.14,12,2,76.71,6.8,6,1304.68,1,2.8,1444.18,0
32,77801.36,12375.55,0.6468,35712.55,24,0,79.33,2.3,3,2688.18,2,7.5,7472.42,1
41,38258.2,15883.75,0.8895,15326.0,60,0,65.64,2.0,8,1978.22,1,8.3,4129.41,1
55,53825.59,27123.17,0.4603,35387.77,60,1,98.77,12.7,5,3135.12,2,27.7,108.67,1
52,63930.73,21114.34,0.0182,41039.11,60,0,82.99,11.0,6,3223.99,0,11.7,6338.26,1
47,58992.21,5069.61,0.628,16500.93,48,0,71.47,4.6,3,2085.8,0,16.6,5106.04,1
48,76883.59,10420.2,0.6716,16243.55,24,1,88.51,2.2,1,2235.07,2,17.0,1984.93,1
66,64580.06,25049.77,0.5211,16393.81,12,1,95.2,7.9,1,2786.69,4,21.4,4780.51,1
22,37773.81,16135.02,0.6855,20624.9,48,2,71.86,5.4,5,1090.76,0,0.5,1837.02,0
61,98571.24,5809.28,0.3271,16418.21,60,0,72.98,4.2,5,3981.12,1,13.1,5816.55,1
67,58886.67,8448.38,0.1558,28841.77,48,0,77.54,6.7,1,2133.07,0,29.1,5498.7,1
31,52053.2,20627.95,0.6613,4511.69,48,2,68.69,0.7,6,2126.8,2,5.0,9516.84,0
28,74278.51,22955.28,0.2503,14653.78,60,0,92.39,13.3,9,2636.5,1,1.5,3228.87,1
26,59989.02,15142.84,0.4572,23291.75,60,0,83.37,18.0,4,3189.2,3,5.8,2210.15,1
51,62984.56,34802.51,0.4918,28700.85,12,0,62.28,2.2,8,2492.23,3,16.8,12537.21,1
29,104843.68,21593.22,0.4777,41952.85,24,0,99.87,14.7,7,2987.55,3,1.7,15413.21,1
52,49497.57,13052.15,0.5965,7109.75,36,0,83.0,7.9,6,2302.89,1,4.5,526.85,1
52,48644.78,8474.35,0.0389,13479.58,36,0,95.6,14.2,2,2478.29,1,5.7,7391.78,1
18,57331.57,7200.93,0.9799,2000.0,36,0,80.06,12.5,9,2244.96,2,0.0,6539.68,1
57,76430.32,17683.37,0.712,8901.31,12,1,83.3,1.1,6,3453.71,0,11.6,5763.51,1
39,24869.32,11089.78,0.4269,2310.75,48,0,78.18,1.5,1,991.59,0,12.4,230.46,1
46,15688.88,28389.95,0.1975,14787.03,60,1,76.91,1.5,5,497.34,0,6.1,7822.51,0
25,43257.69,26730.49,0.0886,17716.34,24,0,68.73,0.5,6,1942.28,1,2.0,10174.77,1
28,22321.54,20064.53,0.6687,24694.54,36,0,98.48,2.5,8,1079.83,1,1.0,17193.47,1
58,46503.37,5568.03,0.3206,17014.0,24,0,67.27,2.3,4,1548.87,4,28.0,14984.81,1
54,65049.99,9622.25,0.2349,24699.37,24,1,81.06,2.1,9,3165.08,0,28.6,2430.27,1
31,37185.02,25045.42,0.3824,21140.74,60,0,63.48,2.1,3,1995.56,3,4.7,26932.05,1
47,26463.47,10495.47,0.5911,9666.77,12,0,99.74,0.3,8,1470.58,0,7.2,840.85,1
52,56386.74,23977.13,0.6683,3137.26,60,0,82.23,1.0,2,1733.94,4,7.3,7999.5,1
38,72250.87,18796.83,0.6423,25836.82,12,0,92.58,1.8,6,2209.31,1,5.7,2518.26,1
54,21100.53,15413.74,0.856,36465.03,48,0,82.52,11.0,1,1138.89,3,13.3,11456.53,0
22,71404.65,9377.34,0.2244,45353.85,24,1,92.2,13.1,4,3414.69,4,2.4,16785.31,1
36,71346.12,14246.05,0.634,29354.55,36,0,81.38,1.7,9,2092.35,4,10.7,16800.64,1
31,74081.7,16517.18,0.1091,34575.15,24,0,77.8,5.9,7,3074.7,0,6.0,3107.63,1
43,79369.6,23260.31,0.547,24614.6,60,0,78.24,9.5,4,3994.34,4,9.4,5251.55,1
21,99040.28,7914.12,0.5823,23020.09,12,0,60.09,3.5,7,3133.29,4,1.4,4488.15,1
42,47878.16,12897.47,0.2219,21110.01,48,1,74.83,7.0,3,2649.9,4,11.9,955.89,1
62,57191.43,15358.59,0.3939,18941.9,48,0,98.08,18.6,4,3080.63,0,23.3,16062.96,1
59,46671.23,20301.43,0.8206,26070.77,12,0,87.02,0.9,1,2090.2,0,22.8,4256.23,1
42,55039.54,7732.29,0.1554,14794.03,12,1,96.77,0.4,1,2802.87,3,13.2,5442.52,1
35,85657.47,4467.44,0.4358,18525.58,12,1,68.01,5.1,4,2566.15,2,4.2,11386.74,1
57,28099.71,20391.72,0.9241,8220.34,48,0,79.65,3.6,9,934.93,0,17.0,9865.37,1
25,37779.01,2856.41,0.504,24749.27,24,1,61.38,1.8,1,1919.57,0,2.3,18120.11,1
56,82543.62,25279.84,0.7206,10409.02,24,1,87.08,12.4,2,3286.27,2,19.6,5806.22,1
57,75400.73,13752.59,0.8203,20337.45,48,0,91.36,9.3,5,2339.98,3,17.5,21968.94,1
31,47737.37,2619.75,0.2097,25004.91,36,0,89.91,1.5,7,1655.06,4,3.1,30802.3475,1
49,72088.04,11156.64,0.2239,25858.91,60,0,63.47,7.4,2,3297.33,1,17.9,4349.2,1
68,61824.32,18032.99,0.7534,27715.09,48,0,69.9,8.8,7,1630.28,4,5.7,1788.56,1
55,85005.49,10738.39,0.7482,17867.08,36,1,86.23,2.0,5,2545.26,2,11.8,1835.99,1
50,56490.19,15160.24,0.069,24860.64,60,0,90.36,0.5,6,1793.65,2,20.8,4891.7,1
40,75512.64,20920.63,0.326,15133.75,24,1,70.97,9.5,3,4121.66,3,14.0,5334.09,1
32,107840.24,13382.48,0.4006,2000.0,12,0,76.25,0.5,6,4929.34625,0,10.7,30802.3475,1
50,66961.98,7503.54,0.8225,25303.09,60,0,74.05,3.3,2,2148.26,2,16.3,19404.83,1
42,55986.56,12608.13,0.4234,22984.88,12,1,60.18,1.1,5,2516.01,1,10.5,30802.3475,1
34,69448.94,26318.72,0.9174,30133.24,36,0,83.06,13.1,5,2570.03,0,9.1,8586.73,1
50,47694.38,28480.51,0.9867,19747.11,48,1,86.76,0.6,6,1272.4,3,22.1,373.86,0
64,102759.35,0.0,0.7751,3968.37,48,1,71.06,0.6,3,3094.57,3,23.9,4111.29,1
19,58601.42,23728.22,0.6631,19083.69,12,0,87.51,6.0,2,1475.37,2,0.6,19695.51,1
31,49541.33,17001.18,0.3941,28865.81,60,1,69.71,1.2,3,2863.87,1,4.2,7708.18,1
57,38286.22,22391.86,0.0757,24760.35,60,0,88.62,0.7,4,1786.34,2,12.8,9683.61,1
57,76944.4,10596.09,0.5717,18532.55,36,1,78.29,0.9,8,2263.74,0,5.8,9593.69,1
68,72343.75,853.89,0.3645,3364.41,48,0,94.88,4.5,7,3577.59,0,14.4,30802.3475,1
56,45052.91,19675.91,0.3539,9739.83,12,0,81.79,1.3,1,2045.9,1,16.9,7643.51,1
68,66529.03,7472.18,0.684,24772.39,24,1,67.39,2.4,7,2122.62,3,28.2,12044.35,1
23,24828.88,3893.66,0.4644,3348.43,48,1,92.88,9.5,3,1028.83,3,2.4,1022.79,1
23,58699.41,4452.79,0.7471,16817.55,48,0,91.11,1.0,4,2662.27,2,3.0,5914.89,1
20,64055.13,19807.31,0.4002,20384.22,36,0,63.37,8.8,7,2374.18,0,0.8,22152.74,1
24,89146.6,16115.62,0.1578,31499.37,48,0,61.92,7.5,2,4929.34625,3,2.8,12742.32,1
68,39583.62,21259.73,0.4621,26144.91,36,1,65.45,8.9,9,1114.58,2,21.4,6384.45,0
25,29432.95,20352.6,0.942,29628.11,36,0,93.81,2.1,5,859.49,0,3.6,13282.38,1
59,37091.44,11632.53,0.7955,23018.53,24,1,72.82,3.2,4,1986.38,2,13.8,1335.9,0
69,28268.63,14436.21,0.2116,11545.89,60,0,80.19,6.1,9,942.56,2,27.0,16338.19,1
32,81733.15,10908.5,0.3935,13863.4,48,2,84.12,0.2,9,2398.12,1,5.4,16365.22,1
64,85972.79,13317.38,0.9192,10673.4,36,0,89.74,5.4,2,3258.26,0,23.9,15153.73,1
46,61404.33,7261.96,0.1312,25907.81,36,0,93.2,0.6,9,1879.7,4,9.5,7942.85,1
50,79425.9,18123.87,0.2589,13060.78,60,0,80.63,1.7,1,3320.96,4,6.8,373.24,1
69,57679.17,23600.97,0.267,16060.0,60,0,76.63,8.3,1,2852.57,0,12.1,16626.84,1
47,53097.77,8467.1,0.5695,20224.91,36,0,67.84,5.0,6,2664.78,2,5.8,523.16,1
56,48339.25,25250.16,0.4125,36413.12,48,0,84.3,4.9,1,1696.95,3,8.0,30802.3475,1
44,48792.18,15908.17,0.0883,26571.34,48,0,82.0,1.3,6,2342.18,4,13.9,10300.41,1
53,24043.97,16928.63,0.6266,12271.47,48,1,71.65,5.5,6,1374.88,0,25.0,161.99,0
46,60285.1,1404.56,0.1071,21518.48,60,0,77.85,0.7,9,1522.04,4,20.1,1125.59,1
55,54193.32,541.9,0.6043,36513.12,48,0,89.59,16.7,7,2522.48,0,22.6,10000.49,1
50,69907.21,16152.93,0.5069,26151.79,48,1,85.08,1.5,2,2911.85,4,15.4,30802.3475,1
54,56870.47,21317.86,0.4938,4017.48,48,0,79.27,8.8,1,2169.12,4,15.3,938.63,1
44,51745.93,9628.96,0.0761,10847.61,60,1,70.89,12.6,3,1654.49,0,4.9,701.92,1
50,37576.14,28360.75,0.6364,10080.64,12,0,86.72,0.9,2,1094.76,4,7.7,11290.1,1
21,56443.06,20879.49,0.4327,34407.3,12,0,85.11,0.0,8,3143.72,4,2.3,9705.18,1
39,69764.74,7733.27,0.4129,32562.81,48,1,78.33,10.4,4,1814.88,1,6.8,20290.36,1
19,32133.22,15246.79,0.5945,13749.63,12,1,69.54,7.2,3,1306.63,1,0.5,19839.99,1
27,56749.48,34815.43,0.6041,13534.2,48,0,67.0,3.4,2,1806.2,0,4.8,9988.58,1
22,59660.86,5059.49,0.0247,20446.92,60,0,73.58,8.9,1,1784.43,4,1.0,3565.15,1
27,40638.7,19226.16,0.1327,20746.69,48,1,96.35,8.3,7,1493.61,2,5.7,11745.01,1
50,43242.87,12418.04,0.2418,10376.74,24,0,90.16,3.1,2,1536.73,2,5.4,2036.68,1
55,59612.22,20655.17,0.6744,17508.69,36,0,95.64,14.7,1,2407.87,0,10.7,1080.17,1
30,32331.58,25138.19,0.5752,5463.97,60,0,93.7,4.4,6,1339.76,2,5.9,11851.8,1
48,61998.47,11910.1,0.7525,32723.21,24,0,78.36,2.9,4,2592.27,0,13.2,5521.9,1
64,37092.91,23951.3,0.7358,2396.69,24,0,81.22,0.1,3,1090.43,2,28.2,13974.11,1
53,76257.07,32769.63,0.8461,2285.61,36,0,66.78,15.3,2,2340.39,0,27.0,814.32,1
62,101756.55,15530.2,0.3793,24350.39,24,0,88.83,0.7,6,3643.43,0,12.0,30802.3475,1
41,37784.86,21279.11,0.3482,7631.24,36,0,76.88,1.8,4,1046.39,3,2.9,7224.24,1
69,65684.16,10276.47,0.8244,14990.35,48,0,66.45,6.5,6,3466.61,2,16.9,22286.21,1
32,40465.16,15154.07,0.2428,20631.73,60,0,63.81,0.0,4,1143.39,1,9.5,6558.52,1
46,75819.08,13586.6,0.4619,26753.01,60,0,87.85,3.9,9,2472.54,3,17.3,2821.35,1
25,29694.83,21375.49,0.2004,17789.18,60,0,79.29,0.9,6,1373.14,1,3.2,3882.69,1
22,64611.74,24637.41,0.9056,37791.72,36,0,60.36,0.1,6,3618.94,0,1.7,22815.34,0
46,37540.22,14122.76,0.4096,19995.61,36,0,92.98,5.1,9,1107.07,1,10.2,12062.13,1
64,50860.31,27268.98,0.2182,31907.95,24,1,84.78,4.6,4,2015.89,1,11.5,2125.36,1
21,34379.49,27240.38,0.6882,22785.56,60,0,61.54,6.6,8,1199.96,3,1.0,4322.61,0
29,71447.01,21774.83,0.2498,41312.1,24,1,72.19,4.8,4,2929.54,2,2.6,333.99,1
62,38260.39,10871.79,0.9346,30583.64,48,1,88.9,2.9,7,1515.35,2,6.4,10260.54,0
19,66039.29,10105.37,0.3703,20434.7,24,0,62.36,3.3,9,2922.49,3,0.7,4661.46,1
44,48118.04,8500.95,0.6613,26288.31,60,0,89.45,1.2,3,1271.5,1,7.0,562.69,1
48,52710.55,22593.33,0.3483,17391.84,36,0,80.2,0.4,5,2774.41,1,5.0,17406.49,1
68,57955.12,5305.85,0.8011,17291.0,24,0,91.31,9.9,1,1512.78,1,22.5,5660.76,1
68,39763.51,20414.7,0.889,6965.89,24,0,94.21,5.9,4,1752.83,1,13.8,13756.84,1
53,59207.34,6351.13,0.7822,11917.38,36,0,90.71,0.7,3,3086.87,1,13.4,9178.05,1
53,85606.69,21588.37,0.8415,40609.71,36,0,63.12,1.5,3,2469.14,2,27.1,6353.05,1
43,39438.1,15137.76,0.1098,7959.69,60,0,78.41,9.9,6,1882.22,0,5.8,1104.34,1
60,78436.2,25669.11,0.9156,13445.07,48,1,72.75,16.1,6,2510.94,2,13.3,9927.86,1
44,84961.95,24131.64,0.6218,19062.81,60,0,80.34,7.8,2,2686.79,2,11.9,8134.44,1
22,38676.9,26480.52,0.8618,19395.91,24,1,98.63,4.2,6,1024.39,2,1.6,30802.3475,0
37,25898.91,26686.55,0.6807,23837.26,60,1,64.98,10.2,2,965.41,0,3.2,8740.09,0
28,61039.22,16149.05,0.2078,15308.79,60,1,94.62,4.9,2,3342.22,2,6.2,7816.59,1
27,44051.85,5729.66,0.6074,24453.76,36,0,99.63,6.0,9,2135.58,0,3.9,28284.68,1
57,92372.06,6579.82,0.0991,31423.85,48,2,99.6,8.8,8,4060.23,1,11.0,6529.12,1
55,55696.15,0.0,0.6918,32666.32,48,1,91.87,2.2,7,2912.15,1,23.6,2208.87,1
23,38956.01,6330.67,0.4108,17324.88,60,1,78.62,7.7,1,2058.93,2,1.8,4992.32,1
25,32056.81,15550.59,0.1587,26113.43,36,0,67.12,1.2,3,1435.66,1,2.3,3436.46,1
40,76798.1,10522.77,0.9696,8538.66,36,0,84.33,1.1,9,2714.42,3,13.8,7079.43,1
64,43576.32,13558.92,0.8931,12782.84,24,0,84.41,8.3,7,2368.45,2,8.2,21443.73,1
43,55876.58,18941.72,0.8857,8262.67,12,0,72.66,4.1,6,2048.54,0,18.4,81.44,1
63,74116.05,12567.48,0.783,19542.55,24,0,84.67,2.7,7,2280.58,3,6.0,7523.98,1
60,45314.83,6025.37,0.6881,11407.81,24,0,64.66,3.7,9,1977.73,1,8.3,8438.6,1
29,54081.42,14574.13,0.652,4793.06,24,0,85.36,19.1,9,1504.24,3,2.9,3307.57,1
43,54668.63,7812.08,0.114,16139.95,12,0,95.87,11.2,9,1751.24,4,14.3,7750.03,1
30,68666.49,12833.71,0.8926,2714.16,36,0,78.88,3.5,6,3656.59,0,7.0,22498.26,1
57,66814.89,25742.22,0.8735,33271.93,36,0,90.58,4.0,1,2599.85,3,31.1,19939.97,1
35,50597.73,12835.96,0.7429,14424.77,48,0,85.43,4.8,4,2088.96,1,8.2,2213.73,1
42,56272.98,29167.66,0.9188,29853.16,48,0,60.12,7.8,8,2417.38,3,16.3,7385.14,0
50,47564.42,26453.09,0.552,15079.33,60,0,64.88,10.3,5,1970.69,0,13.3,13149.65,1
64,25447.75,10365.56,0.4487,8050.62,60,0,90.99,0.8,1,821.04,1,25.3,30322.79,1
57,60152.02,6111.01,0.9586,31755.24,60,0,61.62,4.9,6,3340.59,0,5.6,13894.61,1
60,92843.84,14579.57,0.4648,20887.04,48,0,98.25,1.3,1,4422.98,0,28.4,10819.74,1
29,37325.62,24226.62,0.6385,38869.09,48,1,95.76,4.9,1,1743.18,0,6.1,2801.55,0
61,39539.41,11078.47,0.3756,15334.77,24,0,74.49,0.9,1,2091.2,2,23.2,7071.43,1
53,37585.44,22264.72,0.6336,15550.7,36,0,72.42,8.3,7,1787.33,4,8.9,5060.85,1
65,69491.84,24667.52,0.7157,30047.91,48,0,84.52,5.4,7,2017.81,1,18.0,5171.2,1
21,63969.71,8807.79,0.6222,30117.53,12,0,84.47,10.0,8,2323.16,1,0.8,2904.81,1
22,51829.25,9591.59,0.5143,21534.3,24,0,63.56,14.5,6,1941.19,4,2.4,4064.93,1
54,36639.62,20701.3,0.3041,47423.698749999996,12,1,68.62,13.6,6,1736.9,3,28.7,13633.01,0
25,56847.54,16214.78,0.641,17194.39,12,0,85.46,0.8,6,2757.41,1,1.6,5078.63,1
59,23707.56,9511.51,0.9003,7305.37,36,0,92.03,2.4,1,1032.43,2,7.7,651.76,1
66,57868.53,12182.56,0.0168,9974.45,12,0,67.68,3.3,2,2218.0,1,16.1,509.21,1
45,72430.49,14435.84,0.1413,17252.61,12,1,88.08,7.8,3,3926.35,0,12.2,2262.0,1
48,29976.02,2481.16,0.1274,35187.75,12,0,94.82,0.1,8,1303.88,3,17.7,2539.17,1
26,24349.63,21125.14,0.9147,18136.56,12,1,64.71,13.0,8,1277.42,0,3.6,28396.0,0
68,86588.76,11170.46,0.6595,35660.52,24,0,77.56,2.6,1,4840.51,4,39.5,8674.73,1
46,42764.81,0.0,0.9428,24344.25,24,1,94.02,5.0,5,1671.9,0,17.3,16071.2,1
31,77718.96,14809.03,0.5812,30833.69,36,1,74.83,19.7,4,2696.25,3,3.0,1019.57,1
57,51920.05,9067.43,0.4625,23871.69,36,0,70.78,10.7,1,1941.84,1,11.9,1301.04,1
58,51760.9,28510.58,0.7865,23792.48,12,1,89.82,2.2,6,1436.79,0,26.5,761.56,0
39,63768.25,10316.44,0.1677,27527.11,60,0,76.03,3.3,7,2339.01,4,15.0,10015.86,1
28,37320.02,6218.85,0.3837,14332.92,12,0,88.25,7.3,1,1562.9,3,4.7,8647.12,1
40,57649.94,19063.46,0.4669,14442.86,12,0,65.06,6.8,1,1836.87,2,9.1,4858.28,1
18,47370.21,9716.42,0.3025,23495.47,36,0,82.14,6.1,6,1465.37,2,0.0,804.25,1
63,28590.13,8764.35,0.3739,39411.11,48,0,75.18,0.1,3,1016.85,1,12.3,5699.84,1
54,61749.64,19076.01,0.0865,4592.47,36,0,99.89,1.1,5,1750.97,1,21.3,4941.2,1
38,49733.84,6676.26,0.204,2000.0,24,1,83.66,1.3,6,2060.83,0,2.7,1046.49,1
43,51859.5,3341.81,0.3388,17362.56,36,0,87.29,1.4,3,2395.01,4,13.1,4340.56,1
63,30796.78,28807.98,0.79,30308.47,48,0,65.24,0.5,3,1373.91,2,11.6,18164.57,0
53,86828.01,19635.99,0.1888,20513.76,12,0,99.68,8.2,5,2981.74,1,8.9,22604.07,1
40,72534.28,12886.33,0.3497,8306.7,48,0,62.06,2.1,7,3894.3,3,8.7,2872.64,1
18,74283.12,14972.18,0.0736,20790.93,36,0,62.83,7.5,1,2128.73,3,0.0,3351.76,1
68,48891.11,19046.91,0.556,2670.27,60,0,63.03,13.4,1,1224.82,3,27.7,3359.91,1
57,20416.34,22786.7,0.609,26289.17,24,0,94.82,1.9,9,601.92,3,8.0,9844.24,1
32,94058.35,8952.2,0.8582,16908.92,48,0,89.14,3.0,8,4621.22,2,4.8,4687.28,1
38,53778.05,17929.17,0.8127,19179.68,36,1,98.92,0.5,8,2758.17,1,4.3,11082.69,1
64,40024.0,10946.37,0.2897,24271.85,12,0,62.66,1.7,6,2023.09,4,21.7,69.9,1
26,63336.03,13488.15,0.1442,22056.89,36,0,87.67,4.0,7,2268.13,1,1.9,9586.63,1
26,78342.42,16285.54,0.163,14587.4,12,1,81.33,1.0,6,4243.2,1,5.7,4862.0,1
27,54538.99,14946.57,0.9596,30336.13,60,3,85.57,3.9,3,2980.55,1,1.3,9871.93,0
69,80571.5,20884.54,0.6698,27969.33,24,0,80.52,1.9,7,4216.85,0,25.3,24754.98,1
43,76660.0,18896.69,0.0517,2257.16,48,1,87.01,23.0,7,3799.87,1,14.9,30802.3475,1
58,54915.35,2934.65,0.144,17697.57,36,0,96.28,2.4,6,1775.23,3,29.1,8003.99,1
52,54915.35,4137.41,0.4861,9197.13,36,0,83.5,0.2,3,1949.3,0,9.3,1945.38,1
69,74150.74,12042.27,0.2137,7319.42,48,0,95.86,3.2,2,4236.82,1,29.3,26084.39,1
42,12000.0,29629.0,0.7976,25351.34,12,0,91.29,2.0,1,552.02,2,14.3,6547.15,0
43,52010.89,8187.27,0.5718,15807.39,24,1,94.6,2.3,9,1586.58,2,12.6,4481.28,1
28,26383.38,13334.22,0.6104,18572.28,60,0,86.37,2.3,7,820.19,2,7.0,1540.55,1
55,45468.92,10709.23,0.4636,13303.15,48,0,80.74,10.7,5,1789.41,3,15.5,24499.29,1
19,49023.6,10567.64,0.2609,23701.75,24,0,62.78,3.4,5,2401.28,2,0.6,30802.3475,1
24,47835.11,16425.92,0.5876,26783.47,36,0,93.4,1.5,4,1419.73,3,1.4,30802.3475,1
35,43954.77,26206.22,0.7126,41702.55,24,0,69.68,7.9,9,1384.21,0,13.2,6232.6,0
44,33057.13,18647.75,0.3735,18190.26,60,0,61.47,2.9,4,911.47,3,13.8,19102.65,1
51,100838.23,8571.75,0.5048,5515.83,24,1,80.76,0.8,7,3084.01,4,20.3,12127.86,1
44,92349.24,36696.87,0.8329,14961.06,36,0,85.3,32.5,8,2986.33,4,8.1,6314.82,1
34,31758.68,15628.59,0.1557,28470.6,60,0,86.47,0.1,5,1385.25,0,6.4,17699.79,1
60,86642.34,10382.23,0.5443,12273.55,60,0,86.79,6.2,9,3287.9,4,9.4,6345.96,1
61,47010.69,26296.77,0.3514,5178.72,60,0,86.15,9.4,5,1322.28,1,32.9,15455.83,1
68,57583.75,11247.44,0.6987,12481.82,36,0,92.33,2.2,9,1743.67,2,36.7,30723.49,1
41,53734.52,28303.31,0.0284,14666.34,12,0,90.77,0.9,9,2274.59,3,4.7,10863.92,1
42,41805.03,8034.86,0.6671,9173.3,36,0,92.51,2.9,3,1228.92,1,6.5,27327.55,1
24,74677.05,26440.24,0.1108,22174.77,12,0,78.41,3.3,1,3681.31,2,2.8,7637.58,1
69,57517.73,16608.38,0.0735,19209.78,12,0,62.51,40.0,1,1620.65,4,9.4,2586.17,1
23,45468.97,25328.42,0.7201,27897.05,36,0,85.58,0.1,6,1424.97,0,2.5,8312.64,1
41,28908.21,30214.13,0.6375,15541.4,24,2,68.41,5.3,9,1566.84,3,6.6,7908.19,0
50,37128.1,5939.14,0.887,25580.65,36,0,94.38,8.2,7,1588.55,2,17.6,3047.06,1
66,22172.4,25206.17,0.5193,15077.29,60,0,88.87,4.8,2,1285.39,1,7.4,11582.0,1
46,55244.47,3728.77,0.5294,8703.88,24,0,90.63,5.0,6,1661.93,4,6.0,1687.8,1
60,31066.69,6622.53,0.7029,14569.81,48,0,71.46,10.4,9,856.87,2,19.7,6662.55,1
39,49688.79,8572.72,0.3269,3817.33,48,0,85.32,4.2,3,1367.88,0,12.3,2832.35,1
43,82402.04,19029.09,0.0462,37882.16,48,0,81.12,10.7,6,4629.19,1,12.7,30802.3475,1
45,78985.99,15264.13,0.2354,21425.0,60,0,70.74,1.2,7,3668.14,3,8.6,2245.15,1
67,54354.46,13662.91,0.2433,12045.93,60,0,92.49,3.6,2,1969.56,0,24.9,29760.05,1
38,53258.31,16169.88,0.3389,16223.56,12,0,82.0,0.2,9,2013.32,0,5.8,26495.07,1
66,92597.49,19730.32,0.9346,2000.0,60,0,67.63,8.1,5,4476.06,3,37.0,4403.45,1
24,65415.12,20345.98,0.7987,34343.53,12,0,72.21,3.4,6,2980.01,4,1.3,191.13,1
34,48443.87,23753.33,0.9272,33365.48,48,0,69.08,3.9,2,1785.68,0,8.4,13102.6,0
37,26479.64,29560.28,0.9886,21075.42,36,0,72.5,2.5,7,1271.03,2,8.0,1712.71,0
58,62877.46,14829.1,0.4351,23194.62,36,0,67.53,2.3,4,2289.98,0,13.6,10168.08,1
66,71586.48,10831.29,0.2325,7323.23,60,1,74.85,1.1,5,2869.15,1,21.4,2220.43,1
37,42366.97,19908.29,0.5588,8050.3,48,1,87.76,2.8,7,2260.7,4,3.5,220.1,1
39,60824.06,5845.96,0.8735,3027.04,48,0,98.37,1.8,6,1760.37,3,8.4,358.56,1
45,47728.53,9570.37,0.4664,18389.32,12,0,68.42,4.3,5,1881.21,0,19.7,10225.43,1
57,51319.35,22995.05,0.5053,30610.35,12,0,71.99,7.7,3,1440.21,4,8.1,17645.17,1
66,12000.0,14006.97,0.1418,16167.85,48,1,60.09,5.9,6,315.5,4,23.7,20372.01,1
24,50564.37,5334.46,0.422,23476.96,60,0,69.01,3.6,6,2892.41,0,3.9,9655.18,1
18,74387.39,3081.58,0.3893,29788.34,60,1,76.74,14.8,6,3254.52,2,0.0,4128.68,1
49,42371.95,15389.73,0.3547,3758.99,48,0,78.47,1.1,1,2439.36,4,6.9,8488.24,1
30,56050.53,24135.17,0.8796,38455.65,36,0,70.65,5.1,2,3005.94,1,7.4,11081.64,0
47,39880.99,24028.37,0.0681,31573.2,36,0,66.01,0.5,9,2306.83,2,18.4,9654.84,1
40,62208.83,15887.04,0.9627,25138.93,12,1,82.52,5.6,9,3493.28,1,10.6,2702.61,1
68,50669.54,31071.28,0.0181,29240.95,48,1,76.37,6.5,9,2751.78,2,19.8,9443.45,1
36,36215.17,14161.44,0.9367,29710.76,36,2,77.05,7.6,5,1779.67,4,2.6,5348.95,0
49,81651.03,13891.46,0.5471,22926.4,60,0,95.8,5.4,5,4040.81,4,3.3,6024.4,1
47,73578.64,0.0,0.6984,34282.78,24,0,82.46,0.7,4,4151.55,1,14.7,11860.52,1
46,42901.86,11421.1,0.1934,15473.4,24,0,75.53,0.2,8,2469.73,0,9.9,10687.82,1
66,64955.77,21816.12,0.6511,24618.11,48,0,70.15,6.3,8,3667.89,2,14.2,2231.2,1
62,65748.24,27511.69,0.8743,33216.43,12,0,77.14,8.0,2,2702.66,3,7.9,12.71,1
46,67846.02,8358.12,0.1467,2000.0,24,0,94.47,0.2,9,3679.4,4,21.1,19304.93,1
47,21114.88,18698.02,0.1345,24379.63,60,0,98.6,0.8,1,886.98,0,6.6,12020.88,1
33,75132.13,23375.03,0.3079,27246.05,60,0,75.09,7.8,4,3291.42,2,8.4,22281.79,1
57,43606.02,15089.67,0.1685,2915.59,60,0,68.36,17.2,3,2287.93,3,5.0,3138.47,1
36,47843.44,0.0,0.1184,22818.2,24,0,96.58,3.7,2,2519.9,3,10.1,30802.3475,1
35,107757.64,16978.32,0.6748,12062.94,36,1,65.78,0.8,1,4929.34625,4,9.5,5671.48,1
18,61037.47,21091.44,0.2196,23968.06,60,0,71.9,1.9,9,3211.39,2,0.0,24813.06,1
31,47273.55,7420.62,0.6637,19050.01,12,0,68.17,7.6,5,1854.62,0,6.7,10283.7,1
68,12000.0,12966.76,0.8547,10536.72,48,0,82.63,3.9,4,512.19,0,5.9,3229.7,1
64,82795.28,5756.03,0.649,31096.64,48,0,76.35,0.3,1,2767.41,4,35.5,4072.16,1
67,28095.81,0.0,0.127,15816.35,48,0,71.49,1.8,6,1136.42,1,8.3,10044.1,1
19,34931.22,23216.04,0.5721,22699.64,36,2,90.72,7.0,6,1991.91,3,0.3,11381.11,0
45,48372.95,14970.01,0.3958,33140.48,48,2,86.56,2.0,7,2525.99,1,16.8,7999.7,1
66,83328.24,27781.4,0.3465,10833.06,48,2,99.82,2.8,7,3090.58,1,28.4,29567.0,1
67,70464.8,21858.58,0.3222,20080.49,24,0,72.48,11.8,2,3248.24,1,29.7,10612.32,1
47,51843.25,12166.32,0.9208,15046.73,36,0,93.81,20.9,6,1734.0,3,11.4,1804.67,1
55,61165.84,14334.55,0.7377,17278.2,36,0,72.1,7.1,3,1951.47,0,13.6,549.41,1
68,42992.29,19529.42,0.1412,41560.85,24,1,60.36,1.4,2,1673.23,2,25.6,17569.61,1
21,57793.07,22735.07,0.4765,24567.76,12,1,66.04,1.4,4,1775.79,2,0.9,3453.22,1
18,56466.73,17581.37,0.3219,23135.93,48,0,80.34,1.8,7,2455.82,0,0.0,30802.3475,1
25,74375.4,23844.75,0.9684,25240.87,12,2,92.4,0.9,5,2912.53,1,1.5,13207.56,0
46,74343.56,12626.65,0.9685,24302.6,24,3,62.3,1.0,7,2201.06,1,10.3,3489.03,0
56,64879.55,7022.85,0.3231,2000.0,24,2,93.28,1.5,4,3136.87,1,27.7,30295.76,1
20,47753.05,14481.53,0.3551,42967.61,24,0,88.64,5.4,1,2341.5,1,1.5,624.35,1
49,69836.45,16641.48,0.5974,5356.3,24,0,61.38,4.7,6,3818.75,4,22.5,6933.57,1
27,53160.63,5387.72,0.4797,37325.94,60,1,64.25,2.1,8,2590.91,4,2.2,1781.51,1
27,33361.71,4306.22,0.2188,26180.15,24,2,63.03,1.1,1,1075.59,2,4.6,25777.14,1
36,46934.24,18579.09,0.6572,21807.79,12,0,87.16,4.9,7,2210.61,0,10.0,332.27,1
63,56690.54,11749.15,0.3374,16945.15,24,0,82.44,0.7,7,3262.17,0,19.0,13235.11,1
51,73204.32,13673.27,0.6506,46051.61,12,0,74.35,0.8,1,3910.11,4,16.5,19827.82,1
50,51329.44,12122.46,0.386,26044.9,24,0,63.53,2.4,2,2025.59,1,6.0,3251.68,1
40,30816.03,27164.81,0.6962,20176.88,24,0,75.72,4.2,2,1485.4,2,16.0,13062.42,1
45,56134.83,25094.09,0.6644,14647.37,60,0,87.29,6.5,4,1433.71,0,5.2,914.64,1
49,57269.12,5101.17,0.5086,13448.52,24,0,63.74,5.8,2,1849.75,2,21.2,1736.89,1
67,58716.75,10737.65,0.7006,20506.11,48,1,94.26,2.4,5,2248.98,0,6.7,30802.3475,1
24,73397.43,21800.03,0.4617,10693.97,60,0,62.52,5.3,8,2839.88,4,2.3,2560.65,1
46,75378.46,19815.49,0.1238,26796.51,60,0,84.33,1.2,2,4091.59,0,6.6,3446.73,1
25,43115.78,14668.34,0.1885,13543.58,48,0,67.57,3.4,8,2499.39,1,1.5,22378.66,1
18,42677.13,5899.2,0.2511,30049.56,60,0,63.67,4.8,4,1713.93,1,0.0,3461.92,1
20,34196.03,9539.68,0.072,29825.87,24,0,74.2,6.8,7,1299.71,1,1.4,7260.37,1
41,68976.31,10865.86,0.7072,19445.64,48,0,86.68,0.4,6,2026.48,3,15.0,3526.21,1
40,83976.4,17215.95,0.37,25803.02,24,0,64.84,0.5,4,2754.65,4,6.7,12517.38,1
25,48698.36,28629.82,0.1017,26303.64,60,1,79.03,0.4,6,1444.44,1,3.7,30802.3475,1
64,50171.39,9504.96,0.8136,5376.68,36,1,76.24,4.0,3,1833.7,0,14.1,1234.31,1
54,84335.65,6791.72,0.68,37316.93,48,1,77.1,4.2,4,4209.29,1,5.9,16149.52,1
20,65111.16,14131.31,0.4532,17442.56,12,0,97.74,0.1,4,1675.33,4,0.4,8455.24,1
68,63724.71,23253.91,0.2525,26955.74,60,1,73.96,5.3,9,3444.28,0,11.1,7807.16,1
50,31181.67,3424.94,0.1587,27236.24,36,0,99.67,7.2,1,1530.66,4,18.0,9674.57,1
45,68574.56,26629.07,0.4592,2000.0,60,0,81.54,0.6,8,2556.94,4,5.2,17247.35,1
64,36417.27,13623.75,0.8775,13430.71,24,0,93.7,2.1,9,1548.18,3,23.1,12308.54,1
25,32319.6,9125.44,0.1946,28403.69,24,0,73.95,9.5,8,925.37,1,0.7,7006.64,1
51,48064.57,2198.49,0.5673,20622.52,24,1,63.39,5.8,5,2449.65,0,20.2,293.91,1
52,43284.15,20652.17,0.9525,26889.69,36,0,63.38,1.8,8,2209.84,2,9.5,5138.08,0
49,50568.01,13630.63,0.6344,20923.67,24,0,82.97,6.8,5,1901.61,3,15.4,22879.58,1
41,26180.37,16365.64,0.4412,32293.82,60,0,97.2,10.9,7,881.99,1,7.9,8611.73,1
31,74176.33,7793.51,0.712,21140.34,60,0,62.85,1.9,4,3299.97,3,6.2,4822.31,1
49,77553.73,12447.23,0.8181,34240.89,60,0,87.56,5.8,6,2773.16,2,7.3,688.7,1
63,16053.15,11107.35,0.5887,10199.71,48,0,82.53,0.5,6,778.11,0,24.0,30802.3475,1
60,74569.16,14195.26,0.8644,18723.6,60,0,86.09,0.3,6,3635.56,3,30.1,2629.03,1
33,38789.43,9643.58,0.5143,14066.0,24,0,68.62,4.4,1,2234.84,4,7.6,10952.07,1
21,72139.51,2726.55,0.8234,23886.36,48,0,62.82,3.4,3,2651.68,1,1.2,8991.67,1
69,53631.07,36696.87,0.943,17213.32,48,0,62.99,8.3,1,1440.64,1,22.0,1819.41,0
54,55575.51,4092.77,0.5012,17704.86,48,1,69.87,7.6,9,3028.72,0,13.8,2352.15,1
38,51298.05,16451.67,0.6029,12952.34,48,0,68.55,1.7,3,1298.75,0,5.3,28166.24,1
31,79242.58,823.78,0.6073,15392.64,36,1,65.05,3.6,8,3163.11,1,4.8,30802.3475,1
48,30208.24,0.0,0.7758,19897.23,60,0,70.59,7.0,5,1014.23,2,11.9,4571.23,1
65,67156.81,15782.61,0.8165,2000.0,36,1,81.36,1.6,7,2597.5,3,27.4,6937.93,1
35,77026.6,16394.94,0.0367,2000.0,12,1,97.98,2.2,2,2373.69,1,5.5,7330.71,1
24,69326.8,25091.99,0.7287,20591.46,36,1,96.89,0.3,4,3291.78,0,2.2,1349.05,1
27,101493.98,18196.37,0.7781,2000.0,48,1,70.87,0.7,4,4437.31,1,4.8,30802.3475,1
24,44421.06,13801.51,0.6964,18068.58,60,0,62.65,4.7,2,1708.93,4,3.9,3648.43,1
50,74146.1,7403.2,0.7094,16228.36,60,0,99.83,3.4,9,3495.95,4,22.1,5779.81,1
40,52878.19,26992.1,0.0506,25420.38,24,0,79.06,0.9,2,1469.03,1,11.4,21321.28,1
38,79668.12,22430.81,0.4432,13279.82,36,0,99.13,0.0,1,4270.35,3,8.4,12128.6,1
36,54846.22,5029.36,0.8118,35695.15,60,0,81.51,0.9,5,2201.7,4,10.1,3507.82,1
65,47242.48,15303.71,0.9253,28481.63,12,0,95.45,6.9,8,2150.76,2,5.7,656.6,1
36,81121.44,16152.42,0.2349,4877.06,12,2,77.89,0.5,8,2776.18,2,8.9,1454.49,1
53,45168.76,12234.77,0.5776,17156.54,36,1,84.88,2.6,5,2592.8,0,11.0,4954.12,1
46,26745.48,21174.8,0.7982,35271.85,24,0,81.43,1.4,1,1071.0,0,13.0,5865.72,0
35,44663.06,21653.87,0.7474,13023.68,12,0,68.8,4.0,7,1393.4,1,5.2,6544.08,1
19,67380.66,13476.11,0.6165,19471.08,24,1,90.55,3.6,7,2041.64,4,0.2,681.9,1
18,82840.78,12753.05,0.0283,34041.28,36,0,62.19,20.4,7,2837.8,2,0.0,404.65,1
64,57222.59,26991.67,0.7194,14594.04,60,0,74.5,7.4,6,2904.38,4,28.5,9766.27,1
22,81363.94,22462.71,0.7678,31229.8,24,0,94.8,13.9,2,2869.35,1,1.5,1767.78,1
37,27836.5,15578.88,0.7184,10900.0,12,0,80.11,4.3,8,772.32,4,11.5,10665.86,1
28,46134.73,1966.33,0.7605,2000.0,24,1,63.11,6.7,1,1840.81,3,6.3,1627.95,1
59,49228.5,17752.0,0.4323,32285.29,60,0,68.3,11.3,1,1582.38,4,4.7,7964.22,1
19,52708.81,20584.67,0.9839,24387.35,60,1,64.39,0.2,7,2935.75,0,0.8,3203.96,0
20,56681.89,0.0,0.7654,25045.64,12,0,71.11,12.4,1,2121.75,1,0.3,2249.55,1
40,68818.22,17014.96,0.5771,9070.37,24,0,66.61,1.2,4,2443.44,2,9.5,2495.76,1
29,46103.86,11666.46,0.9255,9866.47,24,0,88.48,6.1,6,1841.59,3,8.4,5580.77,1
37,57780.57,13233.17,0.9,31504.37,48,1,86.38,7.4,5,1499.82,2,4.0,7773.87,1
22,54097.54,7740.95,0.8083,22432.07,12,0,65.4,0.6,9,2309.9,0,0.9,17420.52,1
54,36482.2,13814.49,0.5624,18825.44,24,1,77.8,15.3,8,2112.05,3,9.5,12989.15,1
55,52726.67,26135.93,0.5266,22209.27,36,1,71.83,13.1,3,1921.26,0,25.2,2381.13,1
47,52126.81,11428.81,0.3321,35085.06,48,0,73.49,5.3,3,2928.04,0,20.0,5704.64,1
26,51698.39,22724.59,0.2559,27236.88,12,1,83.04,0.8,6,1502.4,4,5.8,322.57,1
51,55635.19,8549.35,0.5121,15253.55,60,0,95.95,4.2,3,2485.0,3,15.0,8441.96,1
61,56513.47,21070.05,0.5762,5965.12,12,0,95.89,2.1,1,1732.04,3,31.5,12171.61,1
52,46354.1,15013.25,0.2496,25880.54,36,0,76.52,13.4,6,2517.32,2,9.8,13565.79,1
69,80454.29,17816.2,0.9141,10760.32,36,0,75.73,2.6,1,3955.38,0,26.9,1326.32,1
39,31610.39,15057.23,0.5561,8176.23,60,0,80.72,5.9,2,1712.29,1,8.4,6931.46,1
61,40580.6,20133.0,0.526,33157.49,60,0,78.96,5.1,9,1951.12,3,13.0,21436.1,1
41,108025.5475,0.0,0.4369,28724.06,60,0,62.47,1.6,2,4929.34625,1,14.6,2049.84,1
34,34240.17,3641.4,0.0669,23856.86,48,0,83.15,3.8,2,1459.29,3,9.8,750.86,1
27,27924.91,18336.64,0.8748,7616.03,36,0,83.39,2.6,5,1205.97,2,5.6,3006.77,1
47,69689.53,0.0,0.3207,37892.66,60,1,78.01,2.3,4,3561.08,1,15.0,1099.3,1
63,13457.6,10755.36,0.6396,30288.68,36,0,76.56,10.0,4,593.37,3,15.1,606.84,1
40,50294.52,14565.27,0.6053,16962.14,48,1,97.56,0.8,3,1983.02,0,12.5,2544.88,1
49,97916.5,8374.88,0.5828,14847.2,48,1,84.03,2.6,4,4757.39,2,7.5,4585.52,1
34,24101.28,9467.51,0.5252,20784.9,36,1,92.65,0.0,7,1376.97,0,4.4,13612.76,1
67,15360.71,17172.66,0.1878,15215.81,60,1,98.15,1.5,3,849.76,1,37.7,768.18,1
68,25016.38,23074.36,0.285,42118.54,12,0,92.4,4.9,6,896.75,2,24.0,30802.3475,1
34,72967.19,7332.4,0.5237,16144.72,24,0,97.72,0.5,3,2765.22,0,9.6,119.28,1
31,77495.53,10399.53,0.7836,9321.17,36,0,90.37,1.6,6,4410.75,4,5.4,16431.82,1
26,44748.22,9149.91,0.4333,35884.16,48,0,66.8,10.6,1,1466.03,1,0.8,50.8,1
57,68664.25,0.0,0.2098,14309.38,60,2,69.08,5.9,3,2009.07,0,17.8,2900.77,1
19,82805.11,16133.69,0.0962,27864.3,24,1,67.76,0.4,4,3385.2,4,0.5,27015.59,1
62,90746.93,22477.74,0.6598,26753.88,36,3,72.89,24.4,4,3617.62,3,7.4,5690.73,1
42,50073.29,23133.15,0.4249,19414.38,12,0,74.2,14.5,4,2166.22,4,6.0,4174.53,1
56,12000.0,8033.87,0.1329,10270.03,12,0,92.45,0.8,1,312.78,4,7.1,10697.32,1
26,38582.42,4986.42,0.671,19518.17,48,0,74.43,12.7,2,1229.95,4,5.7,14578.07,1
39,46463.92,15172.84,0.2134,8301.39,48,0,89.09,4.0,1,2404.73,1,2.5,25058.04,1
60,49821.22,21634.19,0.5088,19762.82,48,1,96.15,13.3,4,1844.03,2,26.5,24292.57,1
63,51242.81,16238.8,0.3101,27727.81,36,0,64.58,17.2,9,2846.63,4,18.1,11987.99,1
21,77377.89,17314.44,0.9231,37177.8,12,1,60.01,5.9,8,3401.62,1,0.3,462.94,0
43,80488.57,24134.65,0.2337,9121.51,12,0,95.55,1.7,1,2069.28,3,10.4,3707.15,1
46,51566.53,9086.91,0.4215,17495.41,48,0,69.53,12.9,8,2970.52,1,22.0,3594.0,1
62,76969.7,13240.24,0.9503,14751.89,48,0,66.14,4.3,2,2737.66,2,18.3,3876.2,1
51,62153.23,28076.84,0.3224,22737.39,60,0,71.81,2.1,5,2318.18,4,9.6,1124.64,1
40,56290.12,13425.51,0.6417,4781.92,12,0,67.44,3.1,9,3115.93,4,16.4,418.85,1
54,73130.88,4861.3,0.3204,10713.37,48,0,91.75,2.6,9,3968.6,0,5.6,2639.07,1
28,56445.04,9645.15,0.1185,3079.83,48,1,85.38,13.7,1,2700.0,0,6.3,8761.23,1
23,96156.22,7494.56,0.625,5616.95,48,0,66.69,8.6,9,2436.69,1,1.4,30.28,1
35,26231.78,17857.3,0.9077,13395.62,60,1,83.34,0.2,6,658.93,4,10.1,21857.77,0
38,44696.58,7832.42,0.4535,36708.83,12,0,68.32,0.0,1,1382.98,3,3.9,25416.41,1
59,52469.62,17168.27,0.6237,23476.0,12,0,67.9,0.4,7,2645.39,3,5.5,9516.12,1
53,63789.05,9111.48,0.6067,20649.96,12,1,83.82,4.7,3,3370.09,1,20.2,527.32,1
58,80359.21,0.0,0.4168,33468.86,60,0,86.59,8.4,5,2611.13,4,14.6,30802.3475,1
55,54512.03,17452.96,0.6126,23835.98,36,0,73.85,3.6,4,1505.8,2,29.3,9647.98,1
51,26555.41,16187.71,0.2641,24775.76,60,1,90.54,3.8,3,1041.71,0,16.3,7562.48,1
34,71850.28,19142.06,0.3805,15269.76,24,1,93.49,1.4,3,4020.99,2,2.2,6481.38,1
54,70099.18,9616.1,0.4435,13626.72,60,0,96.65,3.1,4,2978.02,3,7.2,1406.48,1
42,16162.83,8763.64,0.8567,6888.73,24,0,85.04,1.5,3,798.95,2,17.5,15974.26,1
55,54923.92,18211.73,0.3514,13989.1,48,0,68.8,1.6,6,2670.27,0,5.5,6843.55,1
29,23197.16,27152.16,0.6324,17194.77,24,0,89.94,2.5,2,1240.4,1,5.3,201.28,1
40,41706.98,15089.34,0.2191,23447.19,60,0,64.31,0.2,1,2410.96,0,2.5,1655.94,1
59,36943.82,18396.68,0.2575,19632.42,36,0,67.25,15.5,9,2130.79,2,24.7,3372.84,1
39,71185.29,12427.3,0.6455,16349.31,12,0,93.31,12.3,7,3061.06,4,4.2,24590.06,1
38,57336.6,2650.96,0.7571,10883.23,60,0,96.43,8.0,1,2070.78,3,4.5,6153.92,1
44,29288.18,22739.44,0.4629,23991.27,12,0,62.67,4.2,8,1501.67,4,7.7,28248.72,1
48,72601.32,22267.31,0.3384,15022.34,24,0,72.48,8.4,1,3515.28,2,3.1,3213.8,1
23,26323.88,20686.19,0.9021,23537.97,48,0,85.17,18.3,1,1345.76,0,2.3,30802.3475,1
44,61602.28,13544.44,0.1431,2000.0,48,0,97.55,1.7,6,2156.05,4,20.3,30802.3475,1
57,38719.79,19776.45,0.7163,23364.21,60,1,82.83,2.3,9,1720.62,1,22.9,12440.89,0
51,47686.46,22150.09,0.6864,27469.07,24,0,92.84,6.5,3,1486.55,2,25.3,14134.48,1
29,65085.41,27961.27,0.6864,26195.31,24,0,96.91,5.1,2,2103.36,3,2.1,245.71,1
62,65428.99,22908.21,0.9267,18032.8,12,1,80.76,8.7,1,2440.99,2,11.8,2613.08,1
24,81739.38,15510.57,0.7236,29153.18,24,1,89.62,2.1,6,3979.39,2,2.1,2168.13,1
27,53354.93,4533.97,0.3055,7270.41,36,0,86.5,1.9,5,1875.42,1,5.6,30802.3475,1
62,61129.02,16245.27,0.3563,19107.94,48,0,86.85,4.4,7,2197.6,0,35.1,5255.27,1
34,46245.25,17052.62,0.3933,18066.04,36,0,80.68,0.8,5,2388.0,2,11.2,9205.16,1
43,58639.8,20672.24,0.0402,30364.0,36,0,84.93,0.2,6,3251.24,4,12.8,3143.29,1
38,63789.72,25831.13,0.9052,2000.0,12,1,82.17,1.4,2,3380.84,4,10.2,2938.26,1
45,53033.8,14238.8,0.0821,9418.7,24,0,85.51,0.9,1,1652.55,4,17.3,5429.62,1
63,18924.99,31807.9,0.6958,37472.51,12,0,80.21,0.0,6,761.88,4,10.4,3822.69,0
19,61629.42,925.7,0.7256,2000.0,48,0,68.9,7.5,2,2985.29,0,0.7,13921.89,1
60,62291.23,18354.73,0.8368,28144.24,12,1,87.74,3.9,3,3036.02,0,25.9,9734.11,1
18,41396.53,8611.84,0.5523,12996.73,36,1,75.36,5.5,1,1582.51,4,0.0,11834.64,1
68,29312.26,0.0,0.7208,22547.03,12,0,65.11,0.9,8,1143.7,3,6.5,7761.59,1
53,84517.58,13385.8,0.3067,34137.82,24,0,94.05,1.5,7,3739.41,0,7.3,23311.9,1
68,64828.91,3342.62,0.7407,22932.07,12,0,67.25,0.3,8,3085.84,2,27.9,667.3,1
43,50418.38,13708.58,0.3465,34345.33,24,0,81.63,29.9,5,1383.91,0,19.2,13854.19,1
46,32259.34,15278.15,0.8948,15076.51,36,0,88.84,0.5,6,1499.76,3,5.0,2744.83,1
38,38563.7,23948.33,0.1701,16398.24,24,1,85.91,0.5,3,1622.57,0,10.5,9758.75,1
28,81051.81,2939.32,0.3194,27868.42,24,0,66.43,4.8,7,2128.95,0,5.2,26000.47,1
57,57753.24,22267.56,0.4988,15605.7,24,0,67.77,2.0,4,1558.56,2,8.5,3722.24,1
28,43988.26,15784.64,0.7703,25973.46,24,0,65.95,10.9,2,1392.05,1,2.8,30802.3475,1
53,65193.78,23230.79,0.7438,31838.04,48,0,62.9,8.9,7,2402.57,1,16.7,1938.85,1
66,38712.04,11545.99,0.2165,28683.37,60,0,71.33,10.1,6,1949.52,3,16.1,30802.3475,1
56,85016.86,4342.04,0.1514,4210.88,48,0,80.97,6.6,1,3017.4,1,8.0,424.46,1
57,82056.01,5260.01,0.3079,16586.19,12,0,66.92,0.7,9,4139.46,3,15.6,3982.4,1
52,45668.52,4665.54,0.4841,22818.32,48,0,98.83,0.3,9,1899.53,0,5.5,11988.53,1
51,42426.6,18822.51,0.5382,17561.06,48,0,87.95,0.3,3,1356.69,0,16.7,18601.15,1
64,12000.0,26815.38,0.4306,20793.66,24,0,83.34,8.1,1,610.79,2,9.2,1828.68,1
41,25368.38,10480.39,0.6598,22950.71,12,0,87.26,5.4,7,1244.91,3,14.0,27226.91,1
39,28210.6,20033.08,0.429,14734.32,12,0,77.44,19.8,4,739.14,0,10.1,1703.31,1
22,57703.81,2812.46,0.9374,18065.61,36,0,78.8,5.2,3,2856.23,1,0.6,20281.17,1
50,48475.33,16442.57,0.2657,8189.65,24,0,95.55,1.4,8,2292.19,3,8.2,21608.48,1
53,28093.29,20348.5,0.6248,15221.58,48,0,88.88,0.5,9,1053.96,0,14.0,13386.44,1
64,49376.72,3415.0,0.6092,4733.21,36,0,83.53,2.3,8,2270.31,4,17.3,22157.67,1
37,65106.74,13368.93,0.2859,21164.97,36,0,98.01,1.1,4,1956.59,1,12.9,868.31,1
36,65556.79,20727.34,0.4135,18067.78,48,0,86.51,4.9,7,2923.24,3,9.7,25976.52,1
52,17006.59,0.0,0.3682,10842.05,12,2,75.95,0.5,2,523.04,0,24.5,6230.75,1
69,52434.73,25683.62,0.179,37852.6,24,0,61.9,7.4,1,1508.09,1,24.8,3501.98,1
60,27333.18,17829.44,0.4777,17545.89,24,0,75.63,6.0,1,866.27,1,13.5,61.36,1
34,73034.57,20733.82,0.3889,22865.53,48,0,96.99,6.7,5,2121.35,1,2.0,8449.51,1
62,70682.93,11698.25,0.1848,13613.67,24,0,61.79,16.8,9,2058.6,4,10.9,644.47,1
60,37039.46,1218.22,0.4509,15856.52,60,1,67.38,5.3,4,2016.52,1,11.8,123.51,1
51,39679.1,19272.5,0.4234,23244.13,36,0,92.35,7.8,4,2181.16,0,5.4,5404.93,1
26,45774.66,14339.28,0.1387,16677.49,36,0,74.6,0.4,7,2264.43,0,3.8,627.27,1
43,12000.0,15256.92,0.1386,20033.03,60,0,67.44,14.3,1,612.91,1,13.7,18740.56,1
19,61719.36,23700.86,0.6446,28068.25,24,1,92.63,1.2,2,2283.78,4,0.1,469.42,1
26,49543.11,21096.51,0.7024,14819.74,12,0,82.34,3.4,7,2136.96,0,2.7,8261.07,1
26,74403.5,30369.9,0.9324,6678.39,60,0,81.94,15.7,8,3880.68,0,1.0,7513.91,1
57,33031.82,16230.83,0.0953,4737.36,60,1,71.75,1.0,3,1364.35,1,23.8,8246.74,1
34,42617.54,9470.3,0.1255,34384.39,36,0,87.01,0.2,9,2112.35,3,7.2,1417.69,1
18,24869.49,13492.67,0.0608,29311.47,12,0,94.47,1.8,1,972.74,3,0.0,21381.11,1
42,34914.19,18325.31,0.5316,26558.0,12,0,90.01,0.9,2,1275.81,2,12.8,10566.0,1
60,31360.36,23126.85,0.6203,15639.47,24,0,84.5,5.5,2,1669.28,3,29.3,15256.66,1
57,74919.47,3263.73,0.4055,6669.2,12,0,74.02,1.6,8,2703.73,4,27.9,18815.63,1
59,41034.76,15068.3,0.7919,17176.98,24,0,94.19,0.3,4,1676.41,0,20.2,22501.9,1
42,57483.51,27876.33,0.683,19066.46,48,1,82.64,11.2,3,1644.28,4,10.2,12823.88,1
56,47384.73,13078.33,0.9761,8684.48,60,1,95.58,0.3,8,1989.99,2,30.2,12961.78,1
52,29610.69,22448.09,0.1451,5303.44,60,0,70.17,1.6,1,1338.11,4,8.0,1617.05,1
20,51633.99,18944.94,0.0671,2696.87,24,0,86.17,1.4,3,1963.22,2,1.1,1856.09,1
67,66982.07,22646.88,0.2793,26573.93,24,0,97.41,0.1,1,3118.46,4,26.2,14002.71,1
54,30844.81,8521.92,0.0287,7946.42,24,0,74.96,3.4,3,1224.88,2,27.7,2482.7,1
61,71182.26,8556.79,0.924,23094.1,60,0,98.05,8.4,6,2791.03,0,7.1,8049.68,1
61,38005.58,15162.18,0.3079,16022.0,24,0,75.7,0.2,8,1485.57,2,32.8,3168.19,1
68,45340.32,2742.23,0.5514,25896.38,60,1,77.51,0.1,6,2432.62,3,31.7,2949.47,1
47,65613.66,12842.08,0.3217,23358.25,60,0,92.26,5.0,5,3231.88,1,5.5,5993.33,1
55,41731.28,17023.01,0.2509,17680.63,36,1,70.43,0.5,2,1678.52,2,8.8,1805.75,1
51,55751.5,29277.08,0.1593,21304.53,36,0,88.23,2.3,5,2580.76,2,9.7,18708.18,1
29,48706.18,18221.75,0.324,18896.64,48,0,71.94,0.0,6,2554.99,2,6.3,1601.62,1
36,57587.36,20001.83,0.6131,13846.53,48,0,83.75,2.3,8,2314.96,1,11.2,15074.32,1
54,12000.0,24315.81,0.9622,29800.83,12,0,91.04,3.4,9,637.72,3,22.2,6330.16,0
61,18406.36,7282.74,0.5569,15769.26,24,0,61.05,4.7,1,568.83,3,23.9,2314.04,1
66,67319.34,13679.34,0.5321,19131.5,60,0,63.54,3.5,2,3013.51,1,9.3,4193.05,1
34,75743.63,34403.3,0.0446,5848.75,12,0,97.37,5.7,9,2802.73,3,2.1,5560.14,1
27,36790.27,14367.02,0.8333,22740.45,36,0,92.63,13.7,9,1041.5,1,2.6,3266.67,1
66,50119.43,23931.45,0.0539,13894.18,60,1,95.08,7.9,5,2742.78,2,25.0,16594.13,1
64,60894.39,22709.9,0.8981,15231.51,12,1,77.56,13.6,7,2516.21,0,16.0,4358.76,1
29,68864.35,3175.09,0.5379,11604.39,36,0,88.65,0.3,4,2962.33,4,7.6,6746.78,1
33,14446.45,17483.83,0.1751,18760.04,48,0,99.93,23.2,6,610.38,4,10.1,291.29,1
41,37279.2,16173.98,0.4527,2000.0,24,0,77.3,1.9,1,1606.41,2,5.8,2551.76,1
36,48348.41,17639.67,0.9851,26823.57,24,0,93.87,1.6,6,2152.98,1,10.1,850.9,1
25,69062.8,8967.1,0.309,19613.35,12,0,63.17,2.6,3,3732.94,0,4.8,23925.82,1
48,104968.61,6064.64,0.2741,15327.14,36,0,81.75,7.6,8,4929.34625,2,21.9,19754.53,1
38,50439.89,11191.92,0.1256,4517.69,12,0,73.33,15.4,8,2302.38,2,8.0,3296.05,1
34,26860.45,14217.64,0.5952,24330.67,36,0,80.92,4.0,7,1008.12,2,11.8,6691.33,1
40,63045.36,24479.88,0.0974,13656.72,36,1,64.56,0.8,8,2658.46,4,13.6,3926.19,1
54,81419.92,29538.49,0.7607,33060.87,24,0,74.71,1.2,3,3943.18,2,11.1,14993.63,1
33,57160.28,26172.78,0.9108,24863.19,48,1,63.06,2.6,1,2437.24,4,5.1,2641.98,0
23,36867.03,21881.48,0.9232,35346.56,48,1,78.12,2.3,8,1241.91,3,1.0,16719.49,0
25,74159.88,6965.28,0.1158,21369.7,60,0,77.67,1.4,5,3354.4,2,2.6,1983.22,1
42,68270.91,11728.83,0.5571,30778.23,36,1,73.19,9.5,3,3729.41,0,8.5,3446.95,1
35,34478.38,16679.41,0.1052,24627.71,24,1,97.93,1.6,8,984.41,4,9.1,21946.29,1
42,62628.51,9940.49,0.5706,15490.19,36,0,63.32,4.5,6,1713.73,1,7.6,3367.75,1
29,74945.31,19617.65,0.8087,21872.1,60,0,93.0,3.3,1,4309.5,3,4.3,24171.33,1
32,78637.8,20763.89,0.537,11660.14,24,0,74.2,12.8,2,4071.66,2,2.7,1454.88,1
43,53671.02,19290.32,0.8646,40687.79,36,0,67.97,5.0,4,2079.83,4,15.3,9989.71,1
58,47838.41,23201.08,0.7956,18991.35,48,1,70.9,2.0,9,1241.96,1,5.1,3265.95,0
62,79545.48,7763.27,0.281,20262.1,48,0,96.08,5.1,9,4464.17,2,27.5,3868.31,1
43,30796.79,22462.63,0.6275,23899.86,60,0,93.0,1.9,2,1585.23,4,5.6,17931.54,1
64,63771.59,9434.84,0.0173,9130.55,48,2,60.63,0.5,1,2885.53,2,36.2,8505.14,1
49,27599.47,7472.51,0.3981,33213.71,36,2,65.89,3.3,1,1418.85,4,24.6,2466.73,0
27,76307.53,19256.93,0.2432,9746.7,60,0,87.0,9.8,2,3506.19,0,7.2,29087.19,1
33,54915.35,24726.99,0.9284,7485.29,12,0,72.7,12.0,4,2365.31,0,1.6,5190.29,1
24,80371.66,18904.11,0.4073,18334.76,60,0,96.77,3.9,9,4432.75,3,1.5,21155.44,1
34,64828.26,15166.43,0.651,7207.03,48,0,91.46,3.4,8,2499.45,0,7.8,24291.08,1
40,30535.6,17481.23,0.7273,35619.41,24,1,95.0,4.7,3,1300.98,0,13.5,5418.93,0
43,83492.55,16091.42,0.7677,17692.97,60,2,67.71,8.3,1,4261.16,2,16.8,5337.65,1
38,86024.91,5992.39,0.7311,2000.0,36,0,66.03,0.5,6,2927.38,1,3.9,8047.37,1
39,72645.73,5059.04,0.2934,21999.49,60,0,97.28,2.6,7,3272.57,4,14.7,10130.84,1
24,39768.24,14369.39,0.6823,25535.06,48,1,76.17,1.5,2,1458.09,4,3.5,560.59,1
31,48879.72,15638.85,0.548,15785.68,60,0,76.63,0.0,6,1304.7,3,3.9,700.73,1
32,57908.54,15090.66,0.5954,6441.07,36,0,87.38,8.9,8,1746.18,0,1.5,2883.99,1
24,40925.79,20408.81,0.0108,18966.93,36,0,75.9,0.7,1,1177.93,3,4.4,5654.79,1
26,88846.93,13276.19,0.2631,15182.95,48,1,95.01,3.4,8,3846.73,2,1.9,10638.04,1
68,57886.53,19503.83,0.9221,10244.28,36,1,98.36,10.1,3,1678.52,3,17.8,2184.42,1
65,12000.0,13843.31,0.2943,9361.75,48,0,73.3,6.4,9,517.07,1,32.7,3642.02,1
25,61787.12,29586.87,0.4393,21562.36,60,0,68.32,4.2,8,3056.24,0,4.0,5236.46,1
67,48036.85,15645.71,0.1929,29030.22,60,0,63.01,1.9,2,2213.04,4,9.4,3277.95,1
40,53501.47,33725.78,0.1458,24615.44,12,0,68.57,3.6,2,2673.46,4,17.3,4865.8,1
46,47627.61,17816.09,0.2145,2720.02,48,0,65.58,0.3,6,1970.87,4,9.1,1364.89,1
35,71140.93,13290.58,0.5526,26154.78,24,0,61.16,6.5,9,3528.96,3,8.8,153.19,1
48,77393.76,7804.42,0.9106,27724.74,48,0,61.87,1.4,3,3976.86,4,16.2,2196.07,1
47,60661.06,3456.89,0.3297,33936.97,60,1,80.37,3.3,2,2023.68,0,14.4,3181.36,1
69,48213.78,7068.46,0.3269,10501.12,60,0,88.31,0.5,3,2581.8,2,25.8,15599.76,1
56,54173.26,7963.15,0.5629,19433.97,36,0,99.33,6.2,6,3045.07,3,10.3,13928.09,1
52,55391.99,18158.56,0.3596,25675.24,12,0,66.23,11.3,4,2735.04,3,26.2,12957.26,1
35,38951.4,10790.68,0.9022,14724.46,24,1,87.93,3.0,2,2234.89,0,7.5,30802.3475,1
59,66578.57,16495.42,0.3803,25519.1,12,0,82.16,0.4,5,1808.1,1,8.1,5266.34,1
56,64200.85,25255.83,0.4906,19759.74,48,0,79.13,14.5,8,1926.42,1,26.4,1102.84,1
34,85808.82,14297.53,0.5327,11535.45,48,0,88.87,3.0,5,4727.55,2,3.2,17065.44,1
31,80107.0,31633.25,0.7764,12387.58,60,0,69.55,0.4,5,2085.14,0,9.1,8752.61,1
48,41286.5,5593.51,0.5626,32492.89,36,0,72.45,3.4,6,1841.45,2,14.8,30802.3475,1
41,71405.97,13795.33,0.2444,10035.81,24,0,75.38,0.6,9,2424.87,1,3.0,4146.94,1
52,35980.93,10685.5,0.1315,8320.0,36,0,67.3,1.1,1,1445.33,4,6.3,20723.79,1
61,68918.64,22492.05,0.929,23443.79,24,0,79.14,0.8,2,2610.44,3,32.7,19666.62,1
62,44667.72,0.0,0.7955,19694.27,12,0,65.27,12.8,8,1396.99,4,8.3,30802.3475,1
51,34534.94,3455.08,0.0325,6883.79,60,0,72.73,1.2,8,1537.73,1,16.9,30802.3475,1
20,60600.91,14141.23,0.8151,14805.8,36,0,64.53,2.9,5,1924.19,2,0.6,30802.3475,1
54,12000.0,27411.02,0.5888,11832.19,48,0,61.44,6.5,5,462.87,1,23.7,24537.7,0
60,19980.49,16806.73,0.5185,13583.32,60,0,74.21,5.7,6,1012.64,4,27.6,3023.36,1
57,51450.16,4187.62,0.022,45249.7,24,0,84.7,15.7,8,2434.27,0,25.7,5823.85,1
43,56648.84,5422.67,0.7752,16974.2,60,1,66.08,16.9,4,2642.81,0,6.1,30802.3475,1
40,47613.62,28383.92,0.2041,11187.49,48,1,99.74,4.2,4,1984.25,2,13.2,5087.76,1
61,23411.27,10030.92,0.7234,40217.87,48,1,70.97,7.0,1,732.55,2,7.0,25045.28,0
56,38642.16,7456.29,0.0256,28882.55,24,0,60.91,2.4,1,1539.69,3,5.8,14127.88,1
32,62824.19,26818.98,0.7904,27248.26,60,1,61.12,2.8,7,2554.33,4,5.4,20106.8,0
66,66635.64,23088.78,0.0326,11669.06,36,1,86.66,0.6,5,2116.56,2,24.9,14161.95,1
21,54675.54,25192.48,0.2412,31914.83,60,0,86.79,5.6,5,2463.18,2,1.0,4808.32,1
46,78136.68,7399.66,0.2729,28162.75,48,1,96.11,1.6,1,3289.93,4,8.8,3184.78,1
39,62947.94,2799.15,0.1644,21470.9,24,1,63.63,0.4,2,2260.12,3,3.2,12149.1,1
42,40050.89,16065.33,0.4814,2836.97,12,0,75.05,0.5,3,1278.06,3,5.7,915.93,1
30,49389.96,17681.01,0.288,19800.8,12,0,95.57,6.4,5,1469.12,1,6.3,2041.66,1
35,26942.68,17916.81,0.9834,37299.31,60,0,91.91,1.3,2,1464.5,4,9.8,303.51,0
50,52837.22,26825.47,0.5784,22203.83,48,0,69.34,7.3,7,2974.95,0,23.5,3336.04,1
33,77242.01,1129.86,0.5651,16235.33,60,0,95.6,11.8,6,4039.58,0,5.4,3744.51,1
62,68705.8,21877.56,0.2265,17715.43,24,0,87.23,2.1,8,3078.08,0,11.7,22387.58,1
59,83040.19,6227.0,0.4105,18407.48,36,1,70.57,7.9,1,4737.9,4,24.7,14332.5,1
61,48942.3,21845.88,0.1315,12003.86,12,1,61.79,2.8,8,1985.91,4,24.6,11582.18,1
19,81922.0,11200.35,0.7573,19587.55,60,2,79.9,7.4,3,2170.16,3,0.3,15943.52,1
52,51133.92,8488.23,0.3345,34427.35,48,0,88.52,1.8,8,1915.1,1,21.7,10160.99,1
59,84431.7,10120.78,0.7469,33294.55,12,0,70.75,13.4,6,2614.76,1,9.9,3039.96,1
51,54562.87,3435.12,0.3743,12456.64,12,1,66.75,21.8,3,2621.83,3,11.3,30802.3475,1
47,69144.63,15323.43,0.979,32758.97,36,0,63.01,2.4,2,2410.77,4,7.9,1462.51,1
30,84502.25,8818.61,0.1777,27611.41,60,0,93.68,1.1,5,3434.92,4,6.7,1129.87,1
30,51131.45,21290.39,0.0115,26333.39,36,1,62.19,5.8,1,2870.84,4,5.3,2732.98,1
35,59367.78,20120.45,0.5929,24319.12,48,0,84.38,4.4,3,3448.31,0,10.4,19403.31,1
49,80777.27,28505.26,0.9439,10696.24,48,2,90.53,23.8,4,3459.88,3,5.4,5850.95,1
49,52339.94,17930.62,0.6441,15944.22,60,0,91.22,8.3,6,1788.94,4,8.7,5045.45,1
52,28582.15,19165.42,0.094,28329.18,12,1,86.15,9.0,8,1133.24,3,14.9,3333.78,1
56,97860.14,26200.8,0.5397,7931.3,24,2,86.11,6.5,8,4929.34625,1,5.3,30802.3475,1
63,45604.71,9978.7,0.9013,9592.25,36,0,78.96,2.2,6,1502.1,0,27.5,14749.51,1
69,58175.12,3093.93,0.0164,23061.97,12,0,76.67,13.7,4,1575.69,1,15.2,1809.13,1
46,78120.13,16600.75,0.1736,12104.67,48,0,65.49,3.1,8,4082.94,3,14.6,4283.26,1
66,42830.12,3618.93,0.8083,28238.94,48,0,81.41,2.5,1,1827.28,1,35.1,4473.34,1
46,34842.64,34631.51,0.886,12457.82,12,0,62.84,1.1,4,1912.77,2,7.8,2537.07,0
61,60074.75,26643.99,0.703,22443.8,12,0,78.73,1.8,2,2874.24,3,26.8,1367.08,1
33,19138.47,32311.81,0.9817,23280.72,48,0,89.24,0.0,9,501.1,3,8.2,18198.68,0
61,49241.88,15499.58,0.0984,15179.05,36,0,77.71,5.4,5,2523.3,3,9.7,7350.37,1
64,59900.77,19404.59,0.5448,17603.53,36,0,80.33,4.7,6,1878.52,4,28.2,4386.39,1
27,49600.96,11324.2,0.6813,13199.89,12,0,93.69,2.6,3,1449.61,0,1.3,627.58,1
47,24130.98,22063.4,0.6986,19813.95,60,1,85.86,17.1,8,1055.64,0,13.4,2908.03,0
42,86883.56,5275.65,0.7876,10383.13,48,1,65.1,5.9,4,3448.37,4,4.4,12900.93,1
56,57070.76,0.0,0.9093,17764.92,24,0,81.72,1.4,8,2000.77,1,22.1,22507.11,1
37,83623.04,8674.32,0.3644,27484.91,48,0,74.58,2.4,4,3731.38,4,5.9,22235.01,1
22,49799.27,3356.21,0.0521,8632.49,36,1,68.27,3.6,3,2478.72,2,2.7,3750.1,1
18,37399.76,26823.41,0.3652,15129.31,36,1,85.92,3.4,3,1550.04,3,0.0,12333.53,1
47,60383.62,29525.42,0.6682,25182.62,24,0,75.46,1.6,3,3095.89,4,4.5,1593.01,1
66,50684.26,3776.57,0.2192,2000.0,36,0,90.69,1.4,3,1974.31,0,24.9,3346.49,1
20,31444.77,25333.72,0.8038,38555.84,24,1,83.46,1.8,5,1308.99,1,0.2,7256.02,0
62,84395.69,22611.08,0.2254,30452.58,36,1,64.17,16.5,8,3641.42,0,13.4,14952.12,1
31,42554.6,2441.79,0.0199,4616.64,24,1,74.01,2.2,4,1511.34,4,3.7,24152.8,1
47,18194.67,11877.86,0.5079,2000.0,60,1,70.79,2.3,9,675.3,4,22.8,28517.09,1
67,81563.32,10358.69,0.7219,20296.18,48,0,66.0,6.4,6,3429.81,4,13.3,1773.34,1
21,44914.04,20983.96,0.3527,8797.56,36,0,92.01,0.9,4,2445.35,4,1.7,5831.69,1
35,42843.52,5169.77,0.7439,29614.93,12,1,75.14,5.2,4,1857.04,2,4.8,11262.69,1
54,19692.25,14209.02,0.4396,23940.02,24,1,84.53,5.5,4,563.63,4,5.6,13969.62,1
42,89818.83,9512.52,0.1783,21233.79,24,0,95.28,0.3,4,4433.96,2,3.5,7028.04,1
65,29210.39,18786.73,0.0987,14297.44,24,0,81.72,1.1,2,1233.01,0,35.2,587.02,1
18,56168.99,13265.66,0.7064,36000.08,36,1,70.32,3.1,6,2152.12,3,0.0,16162.96,1
63,73252.41,10718.03,0.388,27534.52,48,0,91.63,9.0,1,3519.48,0,30.7,19800.41,1
32,63434.34,13293.63,0.9045,26031.66,12,0,77.43,6.6,3,1938.55,3,6.7,22163.46,1
26,53806.91,31288.34,0.5394,32000.56,24,0,82.55,10.3,5,2753.7,4,3.2,20836.82,1
32,20966.68,11664.8,0.3515,9811.39,24,0,96.08,9.5,6,1024.82,4,11.2,14017.52,1
66,38805.5,6671.96,0.352,32847.38,24,0,79.57,3.6,8,1209.93,3,34.7,5372.34,1
41,58756.01,19667.47,0.1388,17353.92,24,0,73.39,4.9,4,3126.58,4,6.1,1981.9,1
21,39256.52,13851.8,0.5919,23347.3,12,0,89.1,12.7,4,1233.66,1,1.6,1411.42,1
29,59067.19,3678.13,0.5805,18435.37,24,0,65.34,6.8,1,2810.51,0,2.3,12325.02,1
54,68634.87,32851.97,0.794,2000.0,12,2,96.55,2.2,8,2557.53,2,18.7,15073.26,1
54,74250.06,12180.17,0.2072,29573.48,12,0,96.62,2.2,2,3726.51,0,6.8,10558.12,1
60,30476.41,11977.04,0.295,2000.0,24,0,83.18,2.3,6,820.83,4,22.6,8504.45,1
23,98932.92,16278.68,0.1053,10334.79,60,0,66.17,3.4,9,3297.19,4,3.9,8907.34,1
56,70349.59,28840.93,0.2994,15471.75,12,2,78.08,2.3,6,2862.04,1,19.3,677.04,1
63,54965.72,1562.04,0.4295,2000.0,60,0,76.93,1.0,1,2683.56,4,8.5,3317.64,1
41,76790.73,17207.89,0.9547,8993.77,12,1,71.93,4.5,5,3495.08,3,15.2,1868.48,1
28,102308.16,31698.18,0.65,22448.2,36,0,67.0,10.2,8,4929.34625,1,3.3,6060.15,1
30,26225.6,16029.83,0.7772,16533.49,24,0,70.55,3.4,1,1144.33,4,2.0,806.07,1
51,50494.75,5117.33,0.329,17358.47,36,1,82.22,1.2,1,1770.36,2,18.4,4016.76,1
42,12000.0,10052.83,0.1516,10849.94,12,0,87.43,8.4,2,473.47,2,16.4,20843.76,1
24,58853.03,16655.06,0.2616,20461.81,36,0,99.18,7.0,9,1619.34,3,2.6,1032.53,1
69,62307.88,25646.43,0.2613,16747.52,24,0,68.63,6.0,5,1800.62,1,38.4,8331.99,1
21,54216.76,12285.31,0.5815,3590.35,24,0,68.16,5.6,4,2290.8,3,1.7,3040.04,1
25,41909.33,21613.21,0.3446,17990.81,12,0,64.68,3.4,4,2410.75,4,3.8,4634.9,1
37,14009.71,3517.05,0.8503,7580.88,12,0,97.56,8.9,5,464.44,0,6.6,3562.13,1
46,62470.67,3450.25,0.9788,28976.97,60,0,75.27,11.4,1,3180.16,4,8.9,642.9,1
68,84108.69,11137.59,0.3464,16084.93,48,0,96.96,4.7,4,3130.51,0,14.9,716.45,1
62,43179.63,26504.23,0.701,45215.24,36,1,95.58,2.5,3,1125.24,3,33.9,6344.35,0
63,63801.2,15551.0,0.6543,29669.03,60,1,61.76,0.5,6,1943.53,4,25.0,18764.7,1
27,23637.11,17318.49,0.2006,18697.31,36,0,71.19,6.4,7,1080.69,1,4.6,26944.15,1
60,64144.26,17224.64,0.9096,25794.79,24,0,72.1,0.8,1,2093.3,3,13.6,2566.23,1
51,47132.35,23873.66,0.2055,2000.0,12,0,71.09,10.1,1,2515.98,0,11.5,22776.49,1
43,39751.64,10118.23,0.7322,29623.79,36,0,77.01,2.6,2,1479.98,0,7.4,492.47,1
58,39792.73,20506.28,0.3507,11797.1,48,0,79.97,10.4,5,1294.07,0,8.4,18324.14,1
66,47127.77,8352.94,0.3697,20897.33,24,0,90.33,3.7,9,2401.78,2,35.7,7979.07,1
20,62648.67,30866.18,0.4563,12723.77,24,2,70.71,3.0,4,1897.97,2,1.0,902.66,0
23,28756.74,8596.87,0.8572,13786.82,60,0,71.95,2.3,4,1632.21,3,3.1,800.93,1
22,47057.69,7940.89,0.1474,18188.68,48,0,83.94,0.3,9,1549.45,0,1.7,1534.07,1
22,54170.56,19397.36,0.0635,20768.33,24,1,67.17,3.4,1,2826.37,0,0.6,493.76,1
64,33019.22,15638.31,0.404,19730.84,48,0,78.93,3.6,3,1394.32,2,19.7,12269.39,1
40,90933.3,17614.82,0.0645,19980.15,12,1,70.04,11.6,7,4513.69,4,2.9,9582.83,1
66,37930.09,16818.51,0.6838,3743.17,48,1,67.92,4.4,6,1122.67,0,36.6,18246.08,1
26,41611.26,6276.86,0.7551,43320.5,60,0,91.83,9.9,5,1329.24,4,2.7,6654.67,1
52,35433.84,27906.87,0.8476,22319.8,60,1,88.28,40.0,7,1120.0,0,7.1,8751.81,1
37,90969.6,22148.34,0.739,24375.67,36,0,69.99,1.0,2,2681.45,1,4.9,1551.73,1
66,66058.1,25871.6,0.908,16600.09,12,0,76.61,5.4,2,2234.93,4,35.4,7361.18,1
59,36268.16,10773.35,0.7433,11258.45,12,2,66.17,2.7,7,1922.07,2,10.0,3784.94,0
52,77124.63,18332.19,0.9274,21510.36,48,0,62.13,1.2,8,3850.03,1,6.6,6002.88,1
67,59013.97,16578.95,0.1992,22892.77,60,1,83.41,1.4,2,2078.08,4,26.1,18122.34,1
35,60145.07,24024.02,0.4999,33018.09,60,0,74.54,1.4,1,2236.67,1,2.8,11139.61,1
34,48110.46,24281.99,0.9841,40776.18,60,1,68.29,6.5,5,2380.83,2,6.9,627.98,0
41,40011.68,16544.41,0.6779,34770.22,12,0,64.58,2.2,1,2098.92,2,13.2,30802.3475,1
20,61755.32,2856.39,0.8711,2334.71,60,0,87.2,1.5,9,2416.7,1,0.4,2976.63,1
49,44098.26,29237.3,0.0398,15395.82,36,0,70.86,10.9,5,2191.18,1,20.0,6148.01,1
52,91335.11,19447.9,0.8643,23358.17,24,0,96.3,0.2,8,4016.02,2,13.6,6339.19,1
55,29614.18,10132.5,0.6938,15997.14,60,1,67.71,6.7,4,1719.76,1,22.1,10449.12,0
30,85723.14,18252.34,0.1773,19561.73,36,1,69.75,16.2,1,4116.23,0,3.3,18630.41,1
64,52773.62,2911.25,0.0352,2000.0,36,0,94.07,4.9,9,2617.47,3,18.7,3317.3,1
42,60981.71,23442.82,0.2647,29142.13,24,1,82.9,4.0,4,3237.87,4,10.4,3494.18,1
26,71663.16,3230.31,0.9075,2000.0,12,0,64.34,0.3,3,2132.24,2,2.5,2519.05,1
21,42395.01,13233.32,0.6648,4275.1,60,0,81.98,3.5,2,1579.18,3,2.0,14268.15,1
31,72284.97,16955.64,0.9111,9853.29,36,0,72.33,2.2,1,2991.37,0,2.9,10112.7,1
54,12000.0,23310.72,0.4472,19024.66,36,0,89.48,7.5,9,361.09,2,20.3,2354.72,1
51,40600.21,15852.36,0.9279,3772.75,24,0,63.11,8.4,1,1504.79,3,24.8,5921.53,1
28,36518.74,20079.7,0.4637,9396.08,36,0,96.72,0.9,4,1747.6,3,6.9,5208.56,1
58,29929.88,14774.66,0.2102,31489.45,60,1,79.13,3.7,2,998.18,0,25.4,7707.97,1
20,50700.9,14742.51,0.1584,18876.4,12,0,89.37,9.8,8,2081.16,4,0.4,17212.25,1
45,62715.0,15683.82,0.9839,24335.47,36,0,88.19,4.9,5,1853.25,1,17.0,22306.87,1
46,69053.2,13487.54,0.3372,7637.57,12,0,67.13,3.3,3,1988.95,1,10.1,2451.79,1
26,59817.54,1507.44,0.1669,19461.64,36,0,95.2,11.4,4,2227.82,2,1.4,9238.98,1
20,41686.13,8853.41,0.0182,18641.33,36,0,69.31,17.0,3,2052.26,2,1.2,16217.82,1
42,62380.33,16958.2,0.2899,12047.3,60,0,67.62,3.4,2,2653.5,4,3.5,1475.97,1
51,57485.71,13007.03,0.8813,19489.23,12,0,80.83,1.0,6,2641.17,0,12.1,4175.89,1
29,73721.12,13753.53,0.5333,2000.0,48,0,99.38,10.0,6,2833.41,1,7.7,1759.12,1
59,70538.73,12413.17,0.6298,24386.09,60,0,72.54,1.4,3,3141.83,1,23.8,4730.5,1
26,55609.53,8091.21,0.9139,16005.07,12,0,98.58,9.4,5,2287.54,1,3.7,426.9,1
32,37054.94,11055.2,0.5126,17427.81,12,0,77.4,1.8,9,1417.14,0,10.0,6812.75,1
57,41941.0,12545.35,0.8315,28517.66,12,0,93.39,0.1,1,1082.22,3,24.4,30802.3475,1
42,44004.21,15041.15,0.3274,24320.33,48,0,81.2,2.7,7,2340.13,0,10.3,20798.82,1
22,48694.67,18147.03,0.9676,16816.61,60,0,68.21,0.2,1,2763.08,2,2.5,7109.22,1
28,60361.01,13555.6,0.0872,8834.14,48,0,95.2,1.2,6,2575.17,0,7.2,8844.32,1
51,69303.49,6762.76,0.7203,33286.61,36,1,62.88,3.3,5,2764.98,1,6.6,14613.79,1
41,53977.63,3815.34,0.6574,6598.78,24,0,87.31,0.2,4,2725.01,0,5.5,2639.6,1
32,55322.5,35779.5,0.1978,26293.67,48,0,93.23,0.2,3,1406.75,1,8.5,7977.46,1
55,57866.13,5961.48,0.3911,4026.06,36,0,93.28,0.8,4,1713.76,1,8.1,6600.8,1
25,44681.89,10851.0,0.3166,29178.73,48,0,86.21,3.1,1,1530.42,3,1.5,4852.8,1
22,36492.15,19136.0,0.1026,30106.01,12,0,70.04,18.3,5,1014.46,1,2.2,6083.67,1
65,19891.24,17886.88,0.5831,2000.0,24,0,81.27,0.5,9,527.71,4,22.3,14675.47,1
43,41097.01,19166.93,0.9838,24493.35,24,0,85.18,4.9,6,2313.45,4,15.7,4786.96,1
35,64462.91,11458.26,0.5584,23665.04,36,0,95.59,3.4,4,2008.37,0,5.5,25168.98,1
23,40941.77,16908.46,0.5444,27030.49,48,1,66.39,0.3,5,1832.69,1,2.6,22823.47,0
54,50243.86,15490.75,0.0495,23652.4,48,0,78.6,0.2,1,2158.39,2,26.2,30802.3475,1
65,64328.63,12502.95,0.1464,10376.84,48,1,73.33,1.3,4,2221.83,4,34.4,665.06,1
30,65413.79,16963.28,0.513,17827.67,36,1,77.11,5.8,4,3047.28,4,6.7,9344.18,1
45,33409.34,23442.92,0.9755,36646.47,48,0,67.32,16.4,9,1197.67,1,3.1,2312.77,0
22,74941.19,14822.4,0.8691,8921.87,24,0,68.7,4.1,5,3016.66,4,1.9,835.48,1
30,77547.0,14875.62,0.3434,23228.58,24,0,90.79,0.2,3,2922.89,3,1.8,7213.99,1
34,32403.0,23545.29,0.5421,31512.54,60,0,79.14,1.5,8,1793.71,2,12.7,27075.46,1
67,38523.26,22690.88,0.5516,10092.47,48,0,80.57,14.3,7,2157.9,2,39.1,3490.08,1
57,78821.81,27671.49,0.6817,5832.13,48,1,95.9,0.1,8,2953.29,1,7.1,5081.71,1
62,52062.93,950.16,0.684,7338.98,24,0,69.6,4.6,4,1730.19,3,18.4,11476.15,1
49,12000.0,22240.95,0.784,23949.71,24,0,73.17,1.0,7,594.62,1,21.8,20801.69,0
46,27006.37,19812.64,0.0345,7253.96,12,0,72.34,0.3,4,958.8,4,5.1,1076.57,1
68,50012.61,7914.78,0.9348,18646.4,12,0,86.37,1.5,9,2052.02,1,24.3,9011.43,1
20,31739.15,17012.7,0.0787,33712.71,60,1,82.5,13.8,5,1368.77,3,0.5,2730.73,1
57,46731.52,23408.97,0.4766,19486.92,24,0,78.86,7.2,5,2705.66,4,17.2,15002.05,1
51,55647.92,8366.73,0.9112,12221.87,60,1,86.72,0.9,4,2101.62,4,8.0,3083.92,1
57,84245.09,18540.5,0.4879,21254.1,48,0,79.36,0.3,5,3257.08,2,18.4,13001.69,1
44,54915.35,21970.83,0.0724,19313.27,48,0,92.64,3.4,1,1341.6,3,10.1,12520.07,1
30,76450.84,6431.84,0.2347,24526.58,24,1,76.41,0.3,1,3600.67,4,4.5,30802.3475,1
62,83575.2,13861.71,0.5771,36191.45,36,1,95.62,2.6,9,2621.58,4,9.3,6820.7,1
50,83686.19,17407.75,0.0961,23967.69,60,1,64.79,8.1,2,3803.76,4,18.0,1739.64,1
23,60695.09,8630.95,0.4252,40337.83,36,0,63.76,3.5,8,2006.95,3,0.7,15754.09,1
41,15734.22,7966.77,0.3325,24553.02,48,0,86.23,11.4,2,888.72,3,17.3,13754.94,1
36,64216.5,13919.64,0.8089,12326.69,60,1,75.59,3.4,9,1777.92,1,2.5,19031.92,1
33,75968.0,21413.12,0.1179,42883.03,48,0,78.23,4.1,2,4253.64,4,5.8,8177.61,1
57,53378.66,20149.87,0.6791,18751.82,12,1,87.84,7.8,1,2314.41,2,11.7,10758.72,1
45,89891.68,8108.7,0.4085,9451.08,24,1,68.58,0.5,8,4929.34625,0,13.1,30802.3475,1
50,72196.67,20217.34,0.586,43237.29,12,0,61.76,1.1,3,2991.69,3,3.8,161.93,1
65,66365.47,8312.48,0.2114,12668.83,60,0,77.56,6.0,7,1758.79,2,19.1,11023.44,1
58,76727.61,2118.64,0.6075,12276.11,12,0,95.79,0.0,5,2424.23,2,25.1,6169.11,1
30,61667.4,12062.85,0.6705,14485.29,60,1,78.03,0.0,7,2264.02,0,8.0,5295.62,1
60,12000.0,23983.75,0.0788,21646.26,36,0,82.88,2.4,8,675.04,3,31.7,3548.31,1
62,45017.22,20247.68,0.8179,29308.61,24,0,68.33,10.1,3,2264.84,3,7.7,12943.77,1
42,78943.36,14987.43,0.854,2000.0,36,0,78.56,19.8,5,3556.75,1,11.7,1223.19,1
59,38848.17,11666.36,0.0723,29265.0,48,0,79.23,5.2,5,1540.51,3,15.6,2603.94,1
53,50530.55,11881.9,0.6011,14454.65,24,0,69.41,15.0,7,2015.93,2,19.4,3875.15,1
44,34103.27,15870.28,0.5921,15871.06,12,0,66.55,9.4,2,1594.46,1,17.7,2264.68,1
55,90678.45,6452.5,0.0222,37151.92,60,1,74.01,1.1,8,4444.11,4,19.2,1577.04,1
24,88629.85,12215.14,0.3455,22133.08,24,2,61.55,2.6,7,3626.17,3,1.6,6645.58,1
22,37322.62,13275.44,0.9595,24477.01,48,0,66.66,4.9,7,1926.14,1,1.3,1258.34,0
60,57945.96,4191.4,0.5543,19514.4,36,1,89.25,0.8,5,2461.63,0,30.4,3665.1,1
62,41390.12,8292.41,0.9245,27636.43,48,0,85.97,1.9,8,1745.03,4,25.1,23792.52,1
68,67298.89,18284.05,0.6721,36180.11,12,1,72.51,7.1,1,3137.08,0,25.9,7903.24,1
48,65193.66,15076.09,0.0378,2000.0,60,0,82.05,2.1,7,3355.72,0,5.9,7326.78,1
40,71234.11,12529.91,0.0862,30846.18,60,0,93.18,13.0,9,3198.47,2,7.5,16650.06,1
59,61638.37,7708.58,0.7177,35470.33,12,0,93.57,2.6,8,3437.03,3,13.4,11743.33,1
27,108025.5475,27614.8,0.5535,25010.63,60,0,86.18,1.2,4,4929.34625,2,1.1,4519.07,1
49,34441.52,8296.17,0.1346,13226.38,24,1,64.96,1.2,8,1744.91,2,23.3,1443.66,1
60,20787.93,17012.74,0.6118,8477.28,24,0,66.52,5.8,8,840.0,1,13.9,13961.74,1
47,47138.2,11097.05,0.8041,43618.46,12,0,71.67,2.3,1,2141.35,1,5.0,1174.71,1
56,23640.23,15290.23,0.7479,10950.16,12,0,86.83,1.4,1,990.24,4,16.9,3646.76,1
48,25150.75,18660.88,0.2512,35176.42,48,0,70.32,5.9,9,633.96,2,12.4,15029.15,1
35,34973.71,4037.95,0.263,23905.11,60,0,78.58,2.7,1,1647.15,3,11.8,12198.51,1
53,36556.22,14947.07,0.9585,40458.31,36,0,93.02,9.4,3,2029.6,0,23.1,18652.73,1
19,35907.64,24525.83,0.8797,16817.4,12,0,95.67,4.0,3,1518.78,2,0.6,9286.14,1
31,65364.38,29092.02,0.322,3924.19,48,0,93.54,17.9,4,2005.62,1,9.8,9821.23,1
30,44876.22,13959.89,0.8176,20021.71,12,0,64.66,2.3,3,1809.22,4,4.3,6863.32,1
46,51409.71,15333.45,0.1685,5135.52,12,1,96.43,1.7,3,1290.45,0,14.4,3637.3,1
29,72884.66,32690.66,0.2029,46770.61,24,0,87.37,5.2,5,3619.66,0,6.3,6677.62,1
56,39673.55,24079.39,0.1876,26294.98,60,1,84.75,6.2,5,1875.9,1,16.4,1267.02,1
19,49709.08,10061.72,0.096,27781.3,12,1,69.9,0.1,8,2322.5,4,0.3,30802.3475,1
49,62315.2,10048.13,0.8476,27787.7,60,0,97.13,5.5,7,2459.32,2,22.6,4200.97,1
30,16168.64,22652.4,0.5772,13064.1,48,0,60.69,1.0,9,615.5,2,8.8,19422.4,0
63,12000.0,6911.7,0.2638,18679.7,12,0,63.29,16.0,5,409.06,2,28.7,24179.54,1
44,61922.35,23701.81,0.8417,21103.65,36,0,66.15,4.3,4,3439.03,0,8.9,274.59,1
66,64840.29,17674.4,0.7966,39438.88,24,0,87.77,0.7,4,2418.06,3,4.9,9076.84,1
58,96284.4,19141.77,0.1089,8429.08,36,0,84.91,0.3,2,4187.45,0,17.8,19236.69,1
34,58161.9,12946.13,0.6413,12714.16,24,0,97.79,10.6,9,2340.62,4,7.5,5752.93,1
57,71394.79,9961.4,0.7174,16370.69,12,0,73.96,9.5,7,3357.47,1,17.2,626.29,1
48,51090.55,26695.94,0.7115,13263.53,12,0,73.9,2.8,2,2949.19,3,5.0,4827.62,1
51,60944.54,13026.1,0.7187,5410.74,60,1,86.78,0.5,8,2701.71,0,21.5,3223.0,1
41,88345.14,11712.52,0.1761,2000.0,24,0,66.97,2.5,2,3408.21,1,10.9,21816.15,1
62,12520.14,14358.9,0.3188,2000.0,48,1,78.56,7.1,2,566.04,1,11.2,10970.33,1
52,63272.33,16544.18,0.8373,30990.3,36,0,60.62,5.4,4,1653.61,3,26.2,3015.0,1
65,97711.73,6753.4,0.8904,19917.81,48,0,83.68,10.0,7,4929.34625,0,14.6,16361.44,1
23,60640.68,10481.03,0.2836,28355.39,24,0,91.36,7.0,9,1856.17,0,1.8,7107.47,1
36,88011.46,10055.74,0.0326,14174.86,48,0,68.15,2.0,5,3785.19,1,6.9,20828.61,1
47,42415.76,21762.24,0.8526,19016.64,24,1,72.29,2.1,3,1597.2,3,11.0,16155.69,0
24,54359.05,7912.3,0.3796,36131.58,60,0,65.27,5.2,6,2900.4,2,3.3,10943.68,1
27,55670.49,953.86,0.3329,35527.23,60,1,84.63,1.9,9,3178.5,0,2.7,1225.34,1
58,12000.0,0.0,0.3501,29419.72,48,0,82.56,10.1,2,324.85,0,29.3,9226.86,1
49,31636.44,3236.96,0.4174,22024.18,48,1,93.06,2.0,7,1009.01,4,15.5,9580.6,1
51,33062.5,25892.31,0.3807,25179.69,24,0,98.81,3.4,4,1762.6,1,23.6,16917.25,1
45,71441.32,15129.65,0.5651,23706.38,60,0,99.35,0.2,6,2867.33,4,20.0,2032.52,1
32,72443.06,19009.99,0.0874,18330.73,48,0,64.29,0.6,4,3338.42,3,8.9,9413.69,1
47,61480.73,19291.9,0.9621,15956.3,24,0,82.13,0.7,2,2297.5,1,7.8,17591.53,1
54,71482.06,15449.47,0.9277,31223.68,24,1,91.59,2.1,5,3060.22,2,11.9,180.62,1
46,51717.01,14401.75,0.9257,7043.72,48,0,86.36,0.6,3,1753.0,3,7.3,9485.7,1
39,79038.63,23356.21,0.8717,34873.58,36,0,95.88,3.1,3,3530.58,1,8.8,16861.89,1
21,55175.77,16167.97,0.6571,17245.57,12,0,77.67,1.6,3,2175.69,1,1.4,5992.15,1
37,56157.28,26192.78,0.2267,6859.46,24,0,77.08,1.6,2,2679.43,4,6.4,2121.03,1
49,49688.15,19966.64,0.0585,14544.95,60,0,61.04,2.9,4,2249.44,2,22.0,15323.39,1
53,68689.01,10057.63,0.1073,11255.92,12,0,60.63,9.6,7,2023.37,2,13.2,941.27,1
67,46576.02,11022.93,0.3275,14243.26,24,1,87.71,7.2,2,1460.15,3,29.1,7623.92,1
21,74528.63,9180.28,0.5038,14060.46,36,0,78.86,10.8,4,1920.82,0,2.1,63.26,1
44,32357.02,24740.38,0.9834,13663.05,12,0,86.41,23.1,5,1195.19,4,5.5,6379.3,1
34,33021.67,11759.59,0.4367,16920.43,60,0,69.53,0.1,3,1125.94,4,9.6,22711.36,1
29,68748.54,8612.22,0.5242,19352.27,12,0,94.52,5.9,5,1907.29,0,2.3,26629.48,1
39,53229.12,17558.22,0.6913,27638.6,48,1,96.11,0.6,5,2533.89,4,13.3,1781.18,1
34,45922.17,14222.66,0.1871,17550.47,24,1,86.49,13.8,2,2243.99,0,8.0,9677.48,1
27,72801.15,17356.55,0.9242,23260.21,48,0,71.11,1.3,1,3427.22,3,4.1,570.99,1
18,42854.77,30118.51,0.5285,20075.31,36,1,68.65,2.2,2,1404.29,1,0.0,11412.4,0
39,50995.97,22304.57,0.2807,25405.81,12,0,85.02,19.3,5,2342.93,1,8.0,14560.65,1
43,82984.56,15216.08,0.9264,20466.75,48,1,97.63,10.1,8,3125.07,2,3.4,6125.88,1
35,85782.85,3732.61,0.6229,13531.78,36,0,83.12,0.2,1,2173.9,4,8.3,5540.58,1
67,86447.96,11000.3,0.484,10818.0,48,0,93.57,0.2,6,4929.34625,4,5.7,7970.56,1
31,49357.48,20688.37,0.5786,22102.3,60,0,82.62,8.5,3,2414.82,4,9.6,3470.44,1
64,79614.06,5631.67,0.7433,32733.78,48,1,86.98,0.4,5,2623.64,1,12.6,6561.67,1
46,36020.94,32127.76,0.1614,17708.75,24,0,82.71,9.5,1,1272.04,1,15.5,20446.71,1
29,36861.94,15115.33,0.8575,12991.36,48,1,83.01,12.9,5,2025.08,1,5.4,1181.37,1
53,12000.0,15390.79,0.9503,17438.29,48,1,89.57,0.1,2,401.98,2,18.6,7985.89,0
52,88457.36,9666.84,0.5657,14386.05,48,1,75.85,1.2,9,2483.71,0,11.1,3814.33,1
69,37720.4,18973.9,0.6786,13330.19,48,0,96.16,0.1,3,2000.57,0,21.1,14310.99,1
29,52469.35,5735.99,0.8526,5564.05,48,0,94.54,0.4,5,2531.87,4,6.9,4104.73,1
24,36793.51,32319.14,0.3773,17555.92,12,0,89.01,3.8,5,1585.43,0,2.2,15884.03,1
46,68903.3,25538.81,0.983,22357.77,12,0,89.74,6.5,3,2995.71,0,8.4,5055.21,1
28,47487.33,22874.37,0.6769,9180.96,60,0,76.53,3.3,5,2275.97,1,1.2,9643.34,1
50,28903.66,3876.57,0.4255,11216.6,12,0,93.3,2.4,5,1600.11,1,13.9,12047.6,1
23,63833.25,16643.31,0.6738,10519.38,36,1,97.3,1.2,8,3345.89,0,2.9,3871.37,1
64,26325.4,24672.69,0.5212,6133.22,24,1,91.81,1.3,8,862.82,0,13.9,5435.76,1
32,38251.89,19744.84,0.1194,10444.08,48,0,65.32,4.4,6,1777.02,4,9.9,18520.48,1
49,12862.22,6983.13,0.7899,18021.44,48,0,91.46,3.4,2,609.37,2,5.6,5831.25,1
68,26520.84,9799.25,0.5631,6579.42,48,0,78.58,2.6,9,1389.39,1,18.1,6318.37,1
28,58570.58,11384.51,0.7899,18624.58,60,0,84.35,14.0,6,3242.86,1,6.2,8778.26,1
40,15709.28,10172.5,0.1618,12965.33,60,1,99.65,0.3,7,423.41,4,17.1,15212.67,1
43,25377.09,27230.23,0.5376,10710.18,36,1,74.37,8.8,7,714.36,1,9.1,730.91,0
51,54952.62,0.0,0.7613,23772.09,48,1,73.94,2.1,5,1548.24,2,20.4,9122.03,1
63,44127.86,20247.35,0.9785,13598.74,60,1,70.53,10.2,4,2121.3,4,26.3,20005.68,0
51,94840.73,4661.57,0.8767,15299.86,48,0,65.08,12.6,7,4929.34625,3,24.9,4111.66,1
46,54915.35,7309.99,0.8571,32980.07,12,0,66.73,6.0,6,4070.86,1,12.6,11520.94,1
21,37641.55,0.0,0.2525,10799.44,48,0,80.57,2.2,7,1653.57,0,1.5,2979.56,1
34,66142.75,10607.56,0.8312,35658.75,36,0,96.39,3.1,4,3505.18,0,3.4,1146.77,1
52,69985.65,27085.85,0.1759,16522.09,36,0,92.4,4.0,2,4064.45,4,9.7,1889.83,1
30,43050.42,17118.59,0.2041,8638.65,60,1,67.3,3.1,9,2427.85,0,6.5,12795.41,1
58,25089.17,5413.11,0.1179,14460.52,48,0,82.47,7.8,7,1134.73,3,19.7,8925.96,1
56,54754.03,23137.18,0.8504,20687.75,36,2,93.88,7.4,4,3189.41,3,15.7,2168.3,0
32,51543.09,24850.43,0.1161,32545.04,12,0,81.58,0.1,2,2531.14,3,8.3,361.62,1
46,46284.71,15832.37,0.1453,27988.25,60,2,96.46,0.8,8,2238.0,3,7.6,17581.43,1
46,63846.34,31277.99,0.251,20639.07,12,0,96.32,2.3,8,1804.03,4,16.5,12067.79,1
28,39985.41,21572.51,0.5712,32599.56,36,1,73.93,5.6,8,1395.58,2,2.3,6004.58,0
69,31960.05,20461.22,0.8726,2000.0,60,0,94.96,1.3,3,1420.45,4,22.8,2309.48,1
49,57181.66,8572.97,0.4199,22494.42,48,0,83.4,1.9,4,2759.32,1,5.6,30802.3475,1
19,62719.4,20019.19,0.5454,23099.4,24,0,79.19,3.1,2,1989.45,0,0.5,4739.9,1
64,31467.1,16734.33,0.1732,23221.42,48,0,90.97,4.5,7,1635.24,3,31.0,26144.47,1
31,73561.81,19158.63,0.2706,3898.49,48,0,91.58,11.6,7,3986.2,1,5.7,2513.87,1
37,19590.38,9523.32,0.1412,9830.88,12,0,87.02,8.2,1,1045.96,1,6.3,21625.25,1
39,43437.73,16024.79,0.4117,18335.26,48,0,92.44,2.2,9,1864.1,2,4.1,7843.8,1
28,49839.83,8465.11,0.5885,31147.92,24,0,98.06,7.3,9,1810.55,4,3.5,28783.67,1
44,42275.53,0.0,0.2883,39152.64,60,1,94.92,8.9,5,2243.3,0,18.2,1322.31,1
20,43698.79,22986.44,0.8391,13355.65,60,1,62.97,3.7,7,2173.4,3,0.7,30802.3475,0
34,92421.49,2980.89,0.9716,6901.53,24,0,94.0,1.8,8,2427.12,3,3.7,2265.47,1
61,54915.35,15857.49,0.1278,28157.61,12,0,91.26,14.3,3,1584.07,2,31.0,979.95,1
45,103824.43,17664.02,0.0275,46143.7,24,1,97.07,16.4,7,4929.34625,2,20.2,8316.03,1
46,63742.54,17612.5,0.784,31069.41,60,0,89.58,1.3,5,2803.03,3,21.5,11407.85,1
38,56841.1,12735.37,0.1968,12513.67,24,0,95.11,7.7,4,1929.08,3,9.3,4763.97,1
64,64524.81,17169.69,0.3561,47423.698749999996,12,0,60.41,0.2,2,1648.66,3,22.7,11968.26,1
33,105598.55,18767.74,0.3963,26868.0,48,1,99.11,0.0,7,3437.86,2,4.7,29198.67,1
54,35128.14,20879.72,0.9083,12089.87,48,0,67.64,2.2,7,1594.65,1,12.1,15910.04,0
37,32591.64,28867.53,0.6557,39343.02,60,1,94.57,3.1,8,1089.73,1,8.8,21736.62,0
23,39902.68,16873.55,0.0498,11300.08,12,0,97.18,4.0,4,1012.68,4,1.1,22814.22,1
36,55642.86,15512.39,0.0245,13789.11,48,1,60.09,2.4,2,1520.82,0,13.9,3554.7,1
22,20484.58,7746.17,0.2056,27266.21,48,1,96.55,0.7,3,771.48,1,2.3,12280.42,1
20,55446.78,18487.57,0.3218,19750.95,48,0,93.17,2.1,1,2245.25,3,0.3,13757.08,1
18,88870.94,20339.06,0.4848,20370.07,36,0,96.9,8.6,6,4470.43,2,0.0,1296.45,1
55,58028.15,13461.57,0.8311,20386.92,48,0,67.08,2.0,8,2498.07,3,11.5,6625.16,1
32,49146.29,19356.9,0.3185,31144.8,36,0,91.1,4.5,8,2504.54,3,1.5,10671.21,1
51,54915.35,12659.87,0.379,2000.0,24,0,79.5,5.7,4,1278.84,3,26.0,3431.54,1
52,72970.23,20367.94,0.3328,22845.14,60,0,70.31,6.6,4,2676.33,0,10.1,10185.73,1
66,38483.34,22300.82,0.0188,17097.97,60,0,90.25,3.3,1,1625.9,0,6.5,536.26,1
42,91927.92,22189.02,0.9461,12475.04,36,0,78.93,0.7,6,2346.12,2,17.1,8928.85,1
41,93667.19,15942.75,0.1462,12448.64,12,0,96.0,11.5,4,4929.34625,0,4.1,1065.58,1
29,60135.02,6680.25,0.2919,2000.0,36,0,88.43,1.5,9,3352.93,3,4.6,11467.46,1
35,54769.7,10104.7,0.1367,12015.82,48,0,65.57,2.1,2,2581.63,0,6.0,10686.88,1
32,75613.2,19761.26,0.4907,32904.63,12,0,70.03,7.4,8,2428.27,2,2.2,9759.78,1
61,76895.97,34590.5,0.9235,28320.55,60,1,70.58,7.2,7,2275.82,0,5.3,2973.31,0
33,38880.17,12274.23,0.1087,18086.18,24,0,73.76,11.3,8,2123.06,1,4.3,11049.46,1
44,44468.9,18646.7,0.4421,5887.44,24,2,86.66,0.2,2,1538.26,2,9.1,5353.64,1
25,28553.05,10551.58,0.0319,28218.7,36,0,95.77,10.4,9,1072.23,3,4.4,7682.49,1
63,63181.3,7208.26,0.7655,33098.48,36,0,83.75,7.9,4,2412.8,1,27.3,11523.89,1
42,68332.56,9589.47,0.6384,30341.95,36,0,90.07,3.7,1,2193.82,3,10.2,4623.25,1
34,28001.49,0.0,0.6957,10312.74,36,0,72.67,0.9,6,1376.34,4,4.0,30802.3475,1
46,45896.02,25827.48,0.4729,11351.21,60,0,80.9,3.9,4,2027.12,2,19.3,644.95,1
25,28054.92,0.0,0.8995,36559.11,48,1,80.17,3.4,2,1532.5,0,3.9,13094.22,0
32,37024.0,12889.37,0.4114,7907.29,60,0,88.04,16.8,1,1196.42,4,4.8,2748.87,1
44,66020.34,5574.98,0.5138,24782.13,24,1,80.72,6.2,6,2397.65,3,18.5,30802.3475,1
63,40330.36,7924.96,0.6914,2222.64,24,0,73.37,4.5,8,1673.28,4,30.3,7563.73,1
67,48983.48,26012.18,0.5201,16996.85,24,0,69.76,8.4,3,1995.71,3,4.9,15367.45,1
69,22453.77,16608.54,0.1955,25851.5,48,0,70.19,3.8,8,1296.05,4,36.1,2267.73,1
24,58739.8,7276.83,0.3207,19700.34,48,0,99.24,0.3,9,2635.78,1,2.8,21233.48,1
20,54114.53,10283.86,0.1004,25239.13,12,0,74.3,1.5,2,2092.95,1,1.5,30802.3475,1
46,40420.81,8876.15,0.434,7737.95,48,0,92.26,20.0,4,1394.81,2,17.9,7742.38,1
61,51219.71,14651.63,0.6072,11799.98,24,0,62.85,9.5,6,2266.22,2,8.7,19040.85,1
41,58605.9,16383.13,0.1262,24818.18,48,0,63.59,13.1,7,2532.96,1,7.8,11078.13,1
20,38702.64,30164.6,0.628,26968.88,48,1,87.45,0.5,4,1623.01,4,0.6,2797.79,0
37,25474.75,0.0,0.885,22198.13,48,0,78.29,1.4,4,1438.28,2,11.2,25054.0,1
63,91111.49,14721.5,0.341,29470.58,36,0,95.22,0.3,7,3809.08,2,21.5,15107.95,1
32,42334.55,12475.46,0.2276,3427.92,48,1,94.49,8.6,7,1380.16,1,4.1,22191.01,1
42,53064.8,22572.39,0.8851,15338.02,36,1,90.23,1.0,7,1602.47,4,15.2,4507.37,1
47,75216.79,17838.54,0.6881,38226.84,24,1,92.61,2.6,5,4161.14,2,16.2,6044.52,1
31,108025.5475,19722.9,0.1133,32834.69,12,0,94.82,1.6,4,4929.34625,1,8.5,3402.33,1
24,30110.27,17760.69,0.4099,26336.38,60,1,91.34,13.3,6,1347.26,4,3.7,4091.92,1
34,63996.54,7544.07,0.6706,18446.33,12,1,81.08,4.7,7,3151.04,0,8.5,3024.17,1
61,40848.95,24690.12,0.5729,30348.16,60,1,70.59,8.0,9,1593.78,0,9.3,12992.2,0
37,44224.19,21388.04,0.6162,24291.42,24,0,91.5,4.6,5,2376.02,0,4.5,4762.84,1
53,40595.76,22324.24,0.5658,4825.6,36,0,72.71,4.7,6,1484.05,3,22.8,13154.28,1
26,32486.9,25112.4,0.7921,29957.62,48,1,69.79,2.4,5,832.98,1,5.6,11221.65,0
55,54174.17,18341.4,0.324,11339.57,36,0,66.87,1.4,5,1423.18,1,16.7,8100.52,1
65,25509.95,26847.94,0.7043,27596.88,60,0,85.09,2.1,3,1339.77,4,37.2,11139.88,0
39,73936.15,18021.12,0.9813,3840.27,48,1,69.7,1.7,1,2885.56,3,6.4,8065.75,1
19,56100.06,13247.53,0.3922,35990.19,60,0,74.99,5.9,2,3212.16,0,0.6,12712.29,1
41,63448.7,14947.17,0.7852,17251.04,60,0,88.36,2.7,7,2469.49,2,13.1,3952.51,1
25,45676.23,14809.25,0.2512,8906.64,48,0,91.75,4.0,4,2582.16,3,4.4,15201.33,1
28,47655.92,10844.87,0.2863,13114.95,12,0,72.59,7.4,3,1938.87,1,3.9,3545.8,1
30,60751.28,28055.11,0.9262,16631.51,12,0,93.71,1.6,4,2980.27,0,3.3,30802.3475,1
34,31718.99,17370.36,0.0354,19942.3,60,1,62.32,2.8,8,1103.0,4,6.1,4881.39,1
25,47840.19,15757.91,0.2231,33181.46,24,1,99.43,3.7,7,2071.3,2,1.6,130.86,1
38,37807.73,18106.19,0.4833,20701.43,36,0,76.68,0.3,8,1355.49,4,3.6,6263.59,1
35,37188.62,36696.87,0.4038,2000.0,12,0,73.0,0.8,1,1768.84,0,9.8,30802.3475,1
47,12803.24,5946.21,0.6266,7702.61,48,1,96.95,0.3,1,417.3,3,22.9,10042.51,1
35,81786.53,8239.69,0.1989,47423.698749999996,60,0,65.3,7.0,4,3020.41,0,9.6,1078.22,1
63,41269.22,3955.43,0.0791,21353.89,36,1,74.31,1.8,9,1903.81,1,8.7,1142.94,1
64,78267.52,13139.21,0.3719,29507.9,36,0,74.36,2.7,6,2748.95,3,21.4,5959.21,1
48,76375.85,16964.15,0.5239,16916.54,60,0,76.97,5.6,2,2620.08,1,15.7,2555.73,1
55,29280.01,11277.42,0.5608,9953.89,36,0,93.93,17.0,4,1103.25,2,22.8,9278.47,1
49,33231.78,10682.19,0.5995,15187.18,24,0,93.98,8.3,4,1519.43,3,19.9,27177.23,1
28,106210.06,16139.24,0.5477,21283.26,60,0,83.67,0.3,9,3834.8,2,2.4,30802.3475,1
62,90018.52,10983.14,0.2508,15397.64,36,0,99.67,3.4,5,3554.27,4,14.5,25410.59,1
42,54369.63,17481.41,0.7593,39184.68,36,1,93.77,0.3,6,1397.22,3,11.5,3512.28,1
50,60147.46,23913.87,0.096,13837.47,12,0,87.24,0.3,3,2907.12,0,3.3,30802.3475,1
55,42383.07,20416.24,0.2044,9451.64,36,0,67.98,0.7,9,2206.43,3,8.8,3681.51,1
58,63647.05,22048.11,0.7346,28088.03,36,0,81.99,1.9,4,3345.91,4,30.8,9835.61,1
25,40656.36,23687.35,0.2841,29320.03,12,0,68.56,1.3,9,1761.17,2,2.5,22123.78,1
28,14352.92,17262.63,0.4936,20299.77,60,0,72.07,2.2,4,562.13,1,6.2,10749.95,1
39,28568.88,13730.87,0.3307,13978.56,12,0,87.43,8.6,2,891.4,0,9.0,30802.3475,1
68,55421.85,8821.98,0.5068,2000.0,48,0,67.38,8.0,6,2597.34,2,40.0,4296.61,1
41,32378.66,11870.57,0.3497,32207.22,48,0,63.63,2.2,8,1431.89,0,16.8,1271.98,1
58,53654.45,10810.52,0.9843,28685.61,24,0,81.26,5.4,5,2110.1,0,12.0,2488.55,1
34,33506.78,20853.38,0.3603,15601.12,36,1,60.04,2.3,2,1524.22,0,10.6,2035.09,0
29,39352.92,17774.26,0.6245,20595.72,48,0,84.36,2.4,1,2235.6,2,5.4,23392.35,1
63,72063.31,20574.06,0.8806,17733.23,60,0,96.05,5.6,5,2127.88,2,14.1,6270.86,1
49,59949.61,5717.31,0.6352,36287.3,60,0,67.61,2.4,4,3426.43,0,14.3,7251.83,1
32,54806.71,26454.0,0.5645,9620.82,48,1,75.31,4.0,9,2411.93,2,4.7,1899.16,1
33,72579.28,11584.16,0.5678,13799.39,12,1,96.65,0.6,4,3827.35,4,3.4,2411.49,1
39,64612.17,6199.87,0.4965,12832.74,24,0,88.15,3.9,7,3755.56,3,9.0,16074.61,1
45,83931.27,11486.26,0.8014,23101.61,12,0,65.41,6.8,6,4695.87,0,10.7,11484.91,1
37,45802.81,34870.13,0.0594,20561.29,24,0,75.28,11.0,2,1754.53,3,6.1,3993.84,1
50,46407.3,11898.27,0.8774,22000.68,48,0,90.24,0.8,4,1868.41,0,17.1,15870.95,1
27,28977.81,12399.23,0.5846,11193.93,12,0,86.59,2.6,3,1309.67,4,1.7,552.03,1
57,46420.39,13463.16,0.8419,34848.97,48,0,66.23,3.3,6,2147.67,1,30.5,732.94,1
49,74295.4,13811.04,0.0202,15459.55,24,0,62.5,11.8,7,2422.61,2,7.7,926.76,1
67,80999.75,8748.19,0.8619,31875.9,60,0,87.27,1.5,5,4584.09,1,25.9,12156.3,1
50,74206.1,16145.7,0.1277,47423.698749999996,12,0,84.36,0.9,6,3903.11,4,12.2,9060.11,1
19,19116.16,23604.76,0.7168,11266.64,48,0,62.37,0.8,4,560.91,0,0.1,19788.26,0
50,76662.9,17514.31,0.4182,23423.85,24,0,98.99,0.8,7,4449.82,1,8.0,30802.3475,1
50,18229.63,6110.68,0.6775,18683.96,60,0,70.1,10.2,4,1060.99,2,15.5,4170.54,1
58,72962.35,12245.23,0.6256,40308.82,12,0,75.44,4.8,3,2685.85,3,13.8,9909.2,1
30,47644.31,10587.78,0.1701,17193.46,24,0,67.1,2.7,9,2538.3,3,8.2,20435.52,1
47,69050.67,15423.52,0.5143,22486.91,12,0,93.14,10.1,3,2326.23,3,16.6,2655.37,1
50,28351.03,25643.61,0.2817,22268.68,12,0,98.5,1.8,7,860.14,2,6.7,1004.9,1
30,78423.35,13808.94,0.5592,18996.01,36,0,68.53,13.1,5,4194.14,3,9.1,30802.3475,1
69,25700.51,14294.76,0.7332,27554.74,48,2,71.33,7.1,3,1123.29,3,13.7,22974.12,0
43,41630.9,29221.16,0.0896,20933.96,36,0,88.26,0.1,5,1126.08,4,3.6,9416.66,1
39,35038.11,22009.65,0.5154,24818.52,12,1,81.12,3.1,8,1848.39,1,9.2,103.48,1
56,19914.3,19592.65,0.6153,22136.03,24,0,64.2,9.2,2,752.42,4,15.4,2564.44,0
19,56890.55,30665.05,0.2995,13954.62,48,0,97.14,2.5,5,1742.57,4,0.4,11896.3,1
55,91121.78,18918.49,0.9439,17310.38,24,0,84.45,21.8,1,3879.22,2,5.6,4462.91,1
56,108025.5475,0.0,0.5199,25554.23,24,0,72.05,9.4,7,4406.36,4,11.7,8413.59,1
43,56943.12,21661.33,0.1889,25513.6,60,0,79.59,7.0,8,2948.71,0,18.6,572.16,1
63,77333.63,2263.93,0.1156,32450.09,12,0,80.01,0.7,8,3167.46,0,29.6,7955.21,1
67,59641.89,18616.04,0.5408,38592.44,24,0,81.02,0.6,7,2811.52,0,10.0,1549.94,1
32,64977.66,1290.05,0.3777,14789.31,12,0,79.89,5.1,9,2391.03,3,4.2,1114.83,1
51,48157.03,11265.16,0.1987,21348.74,36,0,82.47,5.4,1,1379.79,4,20.6,6719.06,1
59,58901.54,12089.72,0.0401,18065.94,36,1,75.73,0.8,5,1557.79,4,28.7,7198.29,1
61,65749.57,8839.05,0.5653,8926.92,24,0,65.85,9.6,1,2346.36,3,8.5,23108.84,1
66,43430.81,12209.18,0.5966,25645.55,12,0,86.58,10.3,7,2053.65,4,24.8,30802.3475,1
57,53450.11,23260.49,0.149,27778.37,60,0,91.7,2.7,2,1355.32,3,15.9,1150.33,1
28,53831.4,9288.38,0.5997,9230.09,48,0,93.64,4.7,2,1792.58,2,4.4,3794.13,1
20,71528.07,19361.13,0.9429,16255.01,36,0,60.88,3.6,8,2149.36,1,1.3,13312.26,1
23,33679.36,7274.8,0.9687,15279.1,36,0,76.19,0.2,8,1361.11,2,2.6,10716.44,1
26,53969.16,13484.0,0.8807,4915.75,60,0,99.14,0.5,1,2691.75,3,3.9,843.41,1
23,93240.11,17590.71,0.8009,19636.23,24,0,62.5,7.6,9,4048.8,0,1.8,605.8,1
26,78281.2,7027.77,0.2152,8547.58,36,1,91.42,3.4,2,3544.18,0,2.6,5357.29,1
56,81983.58,4506.24,0.1633,21589.94,36,0,65.04,4.7,9,4635.34,0,23.2,6867.36,1
48,55488.64,18935.03,0.446,22691.22,48,0,92.99,4.7,3,2232.98,4,22.2,8493.06,1
49,61419.95,23984.64,0.6172,23930.23,60,1,86.89,2.4,1,3202.16,4,3.7,10176.85,1
58,75044.72,14367.48,0.8437,24413.22,60,1,89.0,0.1,3,2736.26,0,17.3,6575.75,1
67,86205.11,11341.5,0.2373,35309.41,12,0,99.09,7.7,9,3937.76,0,24.3,12659.73,1
29,15967.94,16245.4,0.4801,11913.54,60,1,97.58,3.2,2,808.13,2,3.3,1245.96,1
25,28691.17,15443.84,0.6445,12415.18,48,0,72.17,0.7,3,1508.3,3,1.1,13542.64,1
25,81188.88,16943.22,0.4467,26551.64,60,0,75.01,0.1,9,2630.53,4,1.5,9656.33,1
67,49462.21,0.0,0.4551,18680.18,12,0,76.29,0.1,6,1656.98,1,29.2,93.15,1
45,41565.58,6447.17,0.2306,31253.27,48,0,67.22,0.2,2,1561.43,3,6.8,6379.01,1
37,29916.78,8238.16,0.9769,25616.89,36,0,75.25,0.8,5,997.4,0,7.2,4331.79,1
64,43899.67,16206.94,0.4757,39181.11,24,1,99.16,1.3,1,1887.66,2,5.1,2923.68,1
24,26952.61,16487.02,0.5321,19086.72,36,0,79.58,1.4,5,1398.86,1,1.3,567.11,1
28,96821.89,20089.44,0.2242,5179.6,12,1,98.1,5.0,9,2915.92,3,6.7,30802.3475,1
37,54551.28,17060.65,0.5139,23406.61,48,0,62.86,1.4,1,2104.49,1,8.9,3281.77,1
33,53840.99,4594.12,0.2602,19283.26,36,0,61.57,5.6,4,2650.22,0,2.5,6128.79,1
21,66761.53,26576.04,0.2083,25344.87,12,0,83.01,8.7,9,3234.83,3,0.5,989.57,1
23,74246.9,25175.35,0.2802,26626.07,36,0,89.45,2.4,2,2447.12,4,3.7,15939.78,1
39,73917.76,4934.42,0.0127,14654.51,24,1,68.7,6.3,8,3475.14,2,7.6,240.01,1
43,76472.44,17661.64,0.5687,9909.94,36,0,80.13,0.5,5,4375.84,4,15.9,8915.8,1
20,42383.09,10236.6,0.3897,18540.57,36,1,94.92,2.0,9,1944.34,1,0.8,3237.95,1
58,49042.66,16110.91,0.8907,2000.0,36,0,90.47,5.7,1,1760.83,3,7.5,4236.8,1
59,70380.63,23426.48,0.0499,20806.67,12,0,69.27,13.4,7,2967.69,3,19.2,7443.2,1
31,44452.22,32040.83,0.0523,15925.62,48,0,73.38,4.8,4,1612.07,4,2.2,6327.49,1
28,54897.87,21010.22,0.8782,28616.75,60,1,72.23,2.3,4,2345.55,0,7.0,5290.54,0
35,62975.28,17359.48,0.1341,2000.0,12,2,88.78,1.9,3,3339.33,2,2.3,9846.59,1
29,70703.7,12281.43,0.0121,20063.45,60,1,98.73,2.5,8,2083.1,3,6.5,7949.47,1
40,19446.38,16457.08,0.1853,35762.24,60,1,71.2,5.3,7,753.84,1,17.3,4021.05,1
29,69294.91,25878.18,0.8174,26754.01,36,0,83.53,2.0,2,3196.75,0,7.9,2089.56,1
30,50325.52,14642.33,0.7967,29806.72,24,0,99.54,3.2,2,2038.31,3,8.8,1696.44,1
42,69149.15,7911.1,0.3433,23397.34,60,0,66.3,7.1,8,3530.24,2,6.7,373.83,1
62,70538.63,2042.48,0.6647,3384.66,60,0,86.36,1.4,5,2142.97,3,18.8,5888.67,1
68,87158.3,19104.38,0.5071,21665.29,36,0,73.28,6.3,5,4719.87,4,13.1,1920.74,1
36,82069.07,16978.31,0.8966,24084.89,24,0,99.67,7.2,5,4727.93,4,10.5,21386.1,1
63,81931.43,9832.73,0.0653,9217.75,36,0,64.35,10.0,9,3031.17,1,25.1,5490.5,1
53,83873.41,23208.11,0.8069,18734.46,60,0,78.05,0.1,7,2415.23,4,10.8,9848.86,1
62,60827.58,11625.79,0.1772,2000.0,12,0,70.2,0.6,5,3523.26,4,17.0,3736.35,1
25,55643.7,13922.85,0.3938,16659.02,60,0,61.27,15.5,8,2041.86,4,2.6,3001.92,1
46,72456.34,14866.69,0.1981,15636.24,12,0,98.54,0.7,9,3000.09,1,16.5,16941.64,1
49,69641.62,12192.38,0.6986,34022.39,48,0,82.73,3.3,3,2304.42,1,3.5,4609.75,1
68,48818.68,16886.92,0.6748,13967.77,24,0,88.03,0.9,1,1310.72,0,37.4,1002.13,1
61,63096.47,24212.12,0.5469,17336.43,48,0,84.81,8.4,3,1841.27,3,8.5,3908.04,1
35,54298.07,5860.14,0.6942,19207.71,36,0,65.94,0.5,9,1787.78,1,5.4,1267.13,1
23,37921.34,18908.16,0.6368,14096.8,60,1,66.82,0.4,9,2196.79,0,0.7,6223.13,0
35,80809.21,16377.27,0.7709,27197.91,48,1,85.06,3.5,3,4165.36,2,6.9,3462.02,1
36,56103.98,16230.11,0.2446,2000.0,24,0,91.19,1.4,2,2189.1,3,11.1,17165.25,1
39,95974.17,21974.76,0.4303,31365.77,12,1,84.44,5.4,2,3420.88,2,13.6,675.75,1
54,22490.15,15394.38,0.1586,19881.22,12,0,82.81,5.8,9,669.99,2,12.7,30802.3475,1
49,43864.42,18841.83,0.431,33016.47,36,1,89.84,4.4,3,1805.7,1,11.4,15872.86,1
58,55652.78,20726.92,0.6977,2000.0,36,0,69.74,9.0,9,3074.12,1,13.5,10979.61,1
20,77747.62,10965.08,0.6876,2000.0,60,0,89.27,6.0,4,4517.79,0,0.5,545.04,1
45,62989.39,17393.47,0.7052,17080.21,48,0,76.45,1.0,2,3468.32,1,16.2,30802.3475,1
27,61209.46,12993.7,0.3126,25059.15,60,0,86.96,0.4,9,1664.34,0,6.5,14313.53,1
68,32454.72,13938.55,0.659,14450.67,12,0,70.99,6.9,3,982.37,1,19.2,6006.26,1
52,31861.17,12423.51,0.3701,25838.46,12,1,65.5,6.7,2,946.9,2,20.5,17645.91,1
46,61450.09,18768.64,0.9356,29813.1,48,0,61.17,9.5,1,1867.19,3,12.4,4130.97,1
32,27717.88,15653.16,0.3465,26660.0,60,0,92.14,1.1,7,807.84,3,2.7,5249.83,1
50,44362.44,18156.35,0.601,21032.69,36,0,67.88,1.3,8,1251.55,1,14.7,11142.88,1
24,65018.35,14859.86,0.7451,20956.03,48,1,74.54,4.3,3,2384.79,4,1.7,25543.34,1
29,35353.51,2167.03,0.8983,13852.05,36,2,90.75,0.8,7,1069.97,4,6.3,25185.77,1
66,87107.12,15250.95,0.4392,19446.26,48,1,78.01,1.8,1,2597.94,2,19.9,2694.12,1
47,79478.73,15508.3,0.3633,9757.69,36,1,68.7,8.4,9,3376.44,1,16.6,10272.1,1
38,23571.6,16940.77,0.4314,12152.71,24,0,67.79,2.0,6,748.93,2,8.7,21573.13,1
48,36352.58,10250.17,0.3272,25143.64,12,0,76.32,0.1,3,916.24,3,19.0,1096.05,1
41,12000.0,5436.24,0.6508,15371.19,48,1,82.61,5.3,6,578.45,2,18.4,2054.76,1
37,39348.17,19996.85,0.9241,12624.38,24,0,75.69,3.4,1,1414.64,3,13.3,15428.93,1
54,70327.77,12811.15,0.1335,24492.31,48,0,96.18,1.1,5,3486.07,1,21.4,8261.64,1
21,46722.1,16369.95,0.5597,23799.0,12,0,60.15,0.1,9,2558.94,2,0.8,580.83,1
45,64215.94,12748.32,0.8897,17847.0,12,1,76.08,4.3,4,3586.0,2,13.5,7647.71,1
61,24553.31,14951.51,0.1081,18510.65,36,1,89.71,4.1,4,759.3,4,23.4,25444.51,1
37,70959.51,11405.72,0.494,24159.48,12,1,95.64,0.5,3,3364.96,4,11.6,2020.0,1
41,43897.82,7255.33,0.8579,29689.57,12,0,74.34,0.3,3,1207.14,2,5.4,708.97,1
67,55243.39,18789.85,0.8924,22010.86,12,0,86.94,3.4,2,2234.05,2,22.6,29268.67,1
66,53142.51,10175.04,0.5141,8079.66,60,1,83.21,7.6,4,2084.5,4,20.3,4777.69,1
68,29569.03,16311.61,0.0345,17785.73,60,0,68.06,15.4,9,939.47,0,14.2,14974.57,1
49,31938.31,18283.68,0.1135,15928.5,12,0,87.24,0.4,4,1623.53,3,14.8,9323.86,1
58,74355.89,10305.5,0.585,9470.14,60,0,69.98,6.2,5,4122.53,1,29.5,2073.52,1
53,62979.84,5368.91,0.1314,24979.33,48,1,91.36,1.1,4,2116.32,4,22.3,2252.23,1
51,76000.98,34408.68,0.1564,25748.53,24,0,94.64,0.2,8,2531.61,1,16.2,13573.72,1
53,61493.16,10777.82,0.7667,27262.08,24,1,79.14,2.0,9,1938.36,2,21.4,10064.69,1
19,57859.81,19987.34,0.7457,10090.87,60,0,62.16,4.3,6,2771.35,1,0.7,150.22,1
32,20479.79,30515.71,0.8359,21574.51,24,1,89.49,4.6,5,550.5,2,8.5,6836.36,0
51,49592.67,21319.26,0.1136,19937.25,60,0,78.69,0.3,4,1345.24,2,23.2,25110.08,1
53,54452.31,12596.46,0.2042,23074.03,36,1,63.78,13.1,9,1677.28,2,22.5,7603.55,1
23,94062.14,14463.07,0.8263,21297.26,12,0,73.25,0.3,4,4062.76,0,3.4,283.66,1
56,68739.13,8339.14,0.7167,19874.54,24,0,71.63,1.2,2,2297.46,4,17.6,6720.11,1
59,85721.22,22053.57,0.7998,18672.76,12,0,89.05,2.8,9,4929.34625,3,18.5,463.0,1
68,66950.75,19530.17,0.98,31068.41,24,0,76.96,14.6,9,2555.72,1,17.5,6029.62,1
68,40773.94,10884.59,0.8571,11381.86,48,0,83.48,23.7,6,1658.33,3,22.3,13364.63,1
29,57342.48,6662.6,0.5201,18268.29,48,0,80.04,0.0,1,1558.5,4,6.5,1404.3,1
20,59724.47,4430.13,0.3146,30813.71,60,0,88.97,1.3,2,2897.67,4,0.6,4170.32,1
62,36216.89,22892.11,0.5683,11889.44,12,0,88.72,3.5,7,1857.43,1,11.3,2218.98,1
35,47312.25,15962.99,0.6358,12399.12,60,1,77.95,5.9,1,1709.91,0,12.2,5001.25,1
57,50884.66,16719.88,0.3386,27339.41,36,0,65.4,5.3,6,2503.41,3,4.6,1620.1,1
38,87112.4,8416.41,0.7655,5760.86,60,0,76.32,1.4,9,2839.0,0,15.1,3172.92,1
32,13385.19,3291.98,0.1009,26606.31,60,0,66.41,1.1,6,690.7,2,9.7,1444.85,1
50,79116.37,22700.91,0.7738,15103.65,60,1,98.37,0.1,7,3407.89,2,18.0,5317.65,1
52,36264.1,15336.31,0.0414,24100.01,24,1,98.01,9.3,4,1386.77,2,21.5,6378.4,1
43,27558.42,22257.88,0.498,7792.65,24,0,78.27,2.4,1,1350.56,4,13.0,8844.52,1
25,78598.84,11912.53,0.8542,31850.76,36,0,61.11,10.0,1,3575.04,0,3.5,14129.6,1
53,69637.96,13105.46,0.0948,7827.61,12,0,74.99,2.0,8,2976.79,4,19.4,1097.19,1
65,80090.37,20706.39,0.5174,27249.5,48,0,95.8,7.1,5,2565.61,0,4.9,20343.2,1
47,71014.04,20858.78,0.1662,8245.38,12,0,71.52,0.4,7,3786.12,1,19.8,12029.14,1
40,96196.9,21380.52,0.8869,38083.01,48,0,84.88,8.3,9,3789.69,4,14.8,1142.28,1
59,66174.48,12638.39,0.8257,19286.18,24,0,67.36,11.1,3,2637.1,2,18.1,4772.82,1
61,51870.45,19916.38,0.9252,39508.57,60,1,93.01,1.5,6,1644.68,2,11.4,4749.99,0
31,61858.53,23872.8,0.8675,11811.13,36,0,95.68,0.8,6,3466.91,4,4.3,12178.59,1
31,79869.38,14161.82,0.7318,15573.49,36,0,84.6,1.1,6,3473.21,3,5.2,1623.05,1
19,39412.49,10892.09,0.1912,32107.19,36,0,84.95,10.1,1,1593.33,1,0.2,634.59,1
54,41962.23,25741.98,0.3065,5738.04,12,0,75.14,1.7,9,2416.17,2,18.9,253.43,1
22,48820.8,9764.43,0.4969,13007.33,24,1,88.28,1.3,9,1816.11,1,0.8,20206.0,1
55,12908.34,20035.81,0.5871,24950.68,24,0,79.14,19.3,8,336.35,3,21.4,9644.68,1
62,57761.57,14532.62,0.7765,9812.19,60,1,89.82,5.5,9,1885.66,4,21.8,208.03,1
58,17277.43,267.48,0.2324,25218.17,12,0,98.74,8.9,3,861.85,1,27.4,27649.76,1
64,56061.19,24028.75,0.1357,21704.04,60,2,92.9,6.9,5,1693.33,0,17.4,1147.29,1
31,72305.8,0.0,0.483,4863.54,48,0,80.69,2.3,9,2183.27,0,9.5,13810.33,1
56,45462.47,0.0,0.1647,29677.69,24,0,99.16,9.9,4,1827.21,3,21.2,19288.05,1
42,88542.32,19218.64,0.6899,7375.67,36,0,84.28,4.4,8,3549.96,0,2.4,10491.89,1
37,25789.98,19216.57,0.5741,27712.79,60,1,62.59,5.4,7,1040.09,2,7.7,735.61,0
19,78825.21,9899.36,0.7363,21284.75,48,0,89.21,2.0,3,2547.0,0,0.8,8364.71,1
56,68502.74,16182.58,0.0722,15449.88,36,0,92.8,19.9,1,2097.31,2,29.4,6031.13,1
23,20679.34,0.0,0.9554,8945.97,36,1,65.39,9.6,1,1047.09,2,2.5,14229.02,0
34,108025.5475,20655.8,0.01,23292.69,60,2,87.17,3.4,4,4928.92,2,9.0,3130.19,1
42,53725.09,16997.8,0.3289,11274.75,60,0,96.84,1.1,7,1918.27,2,6.4,11889.24,1
45,37450.32,14634.86,0.676,32079.53,60,0,70.06,3.4,2,1182.29,0,8.8,2264.2,1
19,26858.26,15166.73,0.0542,32444.51,24,0,83.4,0.1,6,1457.18,3,0.4,12335.35,1
52,50599.64,18946.03,0.0917,36420.34,12,1,70.98,2.0,6,1495.3,2,13.2,3042.73,1
54,52451.86,14768.79,0.0851,22808.97,60,1,90.98,3.8,6,2332.13,3,21.4,30802.3475,1
22,57052.91,7.56,0.5799,15956.9,24,0,83.23,1.1,3,2586.83,3,0.6,26017.96,1
18,49044.08,32570.66,0.888,17030.97,12,0,77.12,10.3,7,2626.89,4,0.0,7086.26,1
57,67664.51,24606.41,0.5543,16299.12,48,0,61.16,11.0,2,1819.75,3,18.1,12092.79,1
29,47247.4,4720.44,0.6015,22480.06,12,0,97.79,15.7,2,1665.84,1,5.6,16862.14,1
53,16300.72,12238.9,0.3491,24366.07,24,0,79.91,0.8,1,932.44,2,13.0,11482.94,1
62,52012.77,13111.73,0.0284,32315.64,24,0,92.16,0.4,6,2286.62,3,27.4,16799.33,1
40,12000.0,23630.8,0.0312,20201.23,12,0,75.68,4.1,8,467.1,4,4.8,3690.17,1
64,62075.41,0.0,0.8805,5967.73,12,0,93.96,7.9,4,2207.46,4,36.5,1295.25,1
48,35414.0,11007.93,0.1105,15925.79,24,1,66.4,1.7,4,1061.5,1,10.4,1318.98,1
28,58267.21,914.91,0.9898,35558.52,24,0,69.26,1.4,7,1820.14,4,3.3,10334.47,1
27,81281.5,12719.24,0.1711,4434.21,48,0,73.34,3.6,8,4143.46,2,3.4,6343.6,1
20,36025.03,11219.99,0.6711,27391.5,24,0,63.54,3.3,2,1193.94,4,1.4,17076.94,1
31,76225.13,15637.55,0.94,16094.27,24,0,77.75,3.3,5,2464.25,1,3.3,603.82,1
33,46332.21,10161.0,0.365,11165.36,36,1,79.44,2.6,3,1651.18,2,6.3,7884.5,1
27,90063.9,8991.81,0.7297,23956.11,36,1,64.59,6.5,8,4522.18,0,2.6,1729.24,1
46,47696.95,19957.25,0.3538,35609.53,36,1,77.08,4.8,1,1860.72,2,3.6,12193.45,1
27,38190.14,18637.38,0.3088,23404.44,60,1,67.89,3.3,7,990.95,3,3.2,3919.29,1
29,68744.77,19411.19,0.2078,17374.56,60,0,95.01,6.4,6,2894.26,0,1.7,2719.17,1
47,46284.21,13584.8,0.8145,7039.51,24,0,80.37,1.5,2,1586.15,3,22.6,81.22,1
58,38171.01,10426.09,0.2622,19011.51,36,0,98.08,11.1,6,1537.24,3,7.9,7168.74,1
18,45443.2,14049.18,0.2875,6678.5,48,0,73.66,2.4,8,2474.11,3,0.0,9238.58,1
22,54107.87,19009.3,0.989,16900.76,48,0,73.66,2.0,1,1707.72,1,1.7,11981.24,1
37,81843.6,0.0,0.3308,19369.42,48,0,73.55,3.9,8,2969.72,1,4.1,30802.3475,1
25,16318.25,18152.9,0.4243,2000.0,24,0,70.73,1.6,1,922.11,2,2.0,8335.76,1
60,55461.61,17473.11,0.9803,33883.22,36,0,91.37,1.6,9,2816.14,1,15.6,10563.51,1
29,67498.07,15497.21,0.3719,7614.79,24,0,71.31,0.4,1,2304.58,4,6.3,8967.54,1
18,58868.97,13805.49,0.3688,18140.41,24,1,71.52,5.3,8,1680.4,4,0.0,11658.25,1
37,81197.3,0.0,0.8212,25338.33,48,0,61.88,12.2,8,4557.69,3,4.8,25484.07,1
45,53513.09,11481.17,0.3157,33085.5,36,1,98.61,5.8,9,1597.18,2,6.4,30802.3475,1
60,51308.97,29315.51,0.2391,12078.47,60,0,95.45,4.2,4,1906.49,4,31.1,8704.33,1
54,66846.59,15103.21,0.4247,2000.0,12,0,71.7,6.2,3,2410.52,0,15.0,8878.58,1
64,56986.28,12541.68,0.6966,30786.64,24,1,80.83,17.0,4,1645.03,1,16.2,17704.09,1
54,47191.83,15135.25,0.0524,7505.05,36,0,79.31,2.1,8,1338.38,3,19.4,159.22,1
29,65322.88,17838.18,0.3764,23594.43,12,0,63.51,2.8,4,2247.94,1,5.3,2142.76,1
54,41949.43,20270.56,0.3493,24215.9,12,0,81.25,1.7,9,1563.62,2,26.1,1926.26,1
66,42776.46,13168.96,0.2499,2000.0,60,0,64.53,0.1,3,2450.97,3,10.1,749.33,1
66,44440.12,18399.36,0.6512,3851.63,60,0,77.36,2.1,5,1905.54,3,20.0,4459.55,1
61,82061.38,28413.21,0.2942,15391.89,24,0,63.51,0.4,8,4538.25,1,10.3,13944.69,1
45,12000.0,23050.01,0.6046,2000.0,24,0,83.56,9.8,8,351.39,3,4.7,9049.81,1
64,62911.98,33722.4,0.5043,6619.49,36,1,61.96,6.3,1,2072.94,3,13.9,3114.36,1
32,55685.44,9745.84,0.2228,21228.79,60,0,85.14,1.8,7,1694.36,0,2.1,22229.37,1
23,21382.59,28409.52,0.2712,19115.16,60,0,88.29,2.0,5,801.9,3,2.6,3745.36,1
61,61194.54,8674.61,0.1772,23026.54,36,0,82.83,4.2,4,3401.4,1,29.9,7408.07,1
37,64515.04,17828.53,0.0655,24492.21,60,0,78.78,8.0,1,2245.16,4,5.9,440.52,1
67,66792.78,20859.81,0.6168,3181.7,48,0,62.43,6.3,4,2995.82,3,26.6,18383.77,1
31,12000.0,10913.78,0.6693,7151.52,12,0,60.45,0.1,3,666.22,2,2.5,30802.3475,1
19,82327.79,15703.71,0.1727,27613.66,48,0,73.7,7.7,1,3437.6,3,0.3,22184.02,1
26,40245.27,22283.69,0.6131,35243.3,12,1,90.85,10.7,9,1714.05,3,4.6,5252.85,1
54,68731.35,9317.83,0.9724,10325.92,36,0,85.89,0.5,7,2984.11,3,26.8,1706.73,1
37,69821.48,28355.07,0.0829,22589.06,36,0,65.01,7.3,7,2397.9,0,2.2,3604.63,1
43,37466.06,3923.23,0.4906,28070.83,12,1,87.52,1.4,2,1459.16,2,13.7,24796.9,1
46,68209.2,30517.53,0.7284,22375.56,12,1,83.0,1.0,7,3632.02,1,16.6,30802.3475,1
18,47290.14,23010.61,0.0551,17512.34,12,0,66.67,3.9,4,1812.38,3,0.0,617.51,1
52,13572.46,14282.2,0.7727,13593.5,12,0,90.21,4.0,4,528.82,1,13.6,1419.15,1
23,78354.84,11778.65,0.9699,39852.69,24,0,93.21,3.2,9,2261.86,0,4.0,17207.15,1
54,39499.1,10943.77,0.0967,20962.09,60,0,69.3,11.6,4,1597.79,3,10.5,1885.46,1
22,37910.13,13913.63,0.8158,23889.42,60,1,85.44,1.4,3,1052.86,0,1.7,4891.0,1
50,46938.68,14612.03,0.381,23243.2,36,0,75.13,4.6,5,1591.59,0,18.3,371.6,1
66,60444.73,25041.81,0.1512,11875.82,24,0,62.34,2.6,6,3484.57,4,4.8,2325.47,1
68,53854.59,30749.23,0.4933,20508.21,12,1,94.45,10.3,8,2970.87,4,17.6,1948.87,1
31,65961.34,16595.04,0.0801,16777.57,24,0,92.83,0.7,4,3015.12,4,4.9,16948.44,1
29,28210.21,8234.97,0.5217,16598.52,12,0,72.72,0.4,9,1375.55,2,1.2,616.39,1
59,40152.27,10634.19,0.029,23169.59,60,0,81.26,24.6,3,1321.82,0,4.9,9061.16,1
37,52680.06,13535.27,0.724,10843.57,12,1,80.49,4.3,5,1569.9,1,15.0,8778.2,1
67,92957.75,6759.02,0.4882,7952.12,60,0,67.1,12.1,3,4031.21,4,8.6,29782.13,1
41,52723.75,5568.47,0.4598,25027.25,12,0,65.83,2.6,6,2896.34,2,6.1,1052.18,1
60,76704.45,31777.02,0.2023,14683.89,36,0,93.77,4.6,3,4045.76,3,8.3,10268.53,1
51,55771.1,17420.91,0.364,16549.84,60,0,94.69,5.9,7,2489.54,4,15.2,14268.06,1
42,45326.83,8334.93,0.1882,2000.0,36,0,89.01,21.4,3,2620.95,3,14.8,82.05,1
67,50065.51,21532.83,0.7307,29630.83,24,1,62.91,0.6,5,1665.53,3,7.5,10430.56,0
46,51631.61,5573.23,0.205,25240.16,12,1,96.37,0.7,7,2610.56,3,14.3,1218.88,1
56,67072.91,6231.9,0.6144,27080.69,24,0,99.23,3.7,8,2311.03,4,13.2,9947.23,1
48,82492.23,8575.66,0.284,23873.26,12,0,91.02,0.3,9,4741.78,0,13.3,3379.71,1
64,54915.35,28236.11,0.6538,4840.43,60,0,74.14,6.5,6,2103.37,2,13.2,1160.16,1
60,78741.55,12976.96,0.5396,22289.99,12,0,76.23,23.4,6,2928.03,2,29.6,6084.16,1
67,35704.21,0.0,0.425,13908.66,48,0,94.79,8.3,1,1459.59,0,20.4,9762.29,1
40,46707.39,24680.53,0.6695,10371.43,48,0,71.21,1.5,6,1668.53,4,4.7,3811.96,1
61,40513.95,12548.95,0.4174,25000.48,48,1,65.67,8.0,5,1384.96,0,28.1,7494.08,1
55,61288.89,204.74,0.8149,36585.09,36,0,92.91,4.9,9,2493.36,3,23.2,4609.95,1
37,47820.83,12466.53,0.725,34933.39,48,0,67.73,0.6,4,2496.95,3,8.3,28026.42,1
40,69595.46,19168.03,0.5398,26221.45,12,0,96.29,4.2,4,3534.78,4,13.3,9061.29,1
62,36379.97,18232.39,0.8695,19697.72,24,0,83.83,11.4,2,1448.32,2,22.9,3927.21,1
69,55860.62,29387.32,0.8223,17844.58,36,0,82.21,1.7,7,1979.25,0,11.0,2448.0,1
33,68737.16,8177.86,0.5312,10954.96,60,0,91.03,5.4,6,2019.54,0,12.0,8615.62,1
67,13693.94,15373.76,0.0771,17302.67,36,1,60.66,0.2,7,739.33,0,31.4,30802.3475,1
59,97432.63,9403.45,0.5647,29085.24,24,0,88.54,9.0,9,4929.34625,2,23.2,6522.21,1
25,49336.96,2662.46,0.3582,38231.39,48,0,83.94,1.2,2,1343.18,0,4.8,24270.4,1
67,14499.2,22084.22,0.5393,11835.19,24,1,80.95,4.7,8,724.31,0,36.7,7554.53,0
38,58161.88,18706.16,0.6442,2000.0,36,0,68.69,3.7,8,3167.67,4,10.1,16298.99,1
18,55668.87,17269.43,0.6419,14691.26,36,0,93.18,4.0,9,2758.19,2,0.0,8909.34,1
25,53362.11,18414.32,0.6701,29039.54,36,1,70.03,1.5,6,1938.16,0,0.8,8787.81,1
46,74823.82,9516.22,0.6757,40722.77,24,0,79.59,4.1,2,2940.45,1,10.9,5471.35,1
49,69948.9,6954.44,0.1171,33100.41,12,0,66.32,4.6,5,2449.58,4,14.1,11611.25,1
55,60957.52,15301.18,0.1979,32852.85,12,0,98.95,2.8,2,2626.69,0,9.8,6811.3,1
22,64003.11,24289.69,0.6279,11504.4,48,0,67.78,5.0,4,3498.61,4,1.4,18641.05,1
64,52912.83,27864.62,0.41,11786.11,60,1,92.13,1.1,5,2506.98,3,16.4,25559.88,1
39,90509.82,21363.46,0.7576,6761.9,24,1,70.52,3.6,8,3645.49,0,7.5,6759.57,1
64,25416.08,15233.4,0.1324,13345.2,12,0,70.24,6.3,9,1364.28,0,35.4,3053.12,1
51,57793.03,17158.27,0.1977,29140.98,48,1,76.87,2.3,5,1446.56,0,16.9,5973.15,1
18,56300.49,15092.75,0.5573,36244.87,60,0,93.83,2.6,6,1922.67,2,0.0,12180.93,1
43,71265.61,6792.45,0.5007,23455.17,48,0,87.5,0.9,1,2817.17,4,7.8,6985.29,1
60,38122.92,15197.18,0.2711,17448.79,48,0,94.87,4.8,1,1706.0,0,29.1,5046.83,1
27,20126.55,4321.39,0.4102,9332.75,60,0,61.89,0.7,1,1171.09,0,4.9,272.78,1
47,58136.46,14007.38,0.0443,18874.85,36,0,98.23,3.5,2,2692.75,4,20.2,2029.82,1
67,60624.61,28088.84,0.0463,22031.26,12,0,63.09,1.2,8,2286.64,2,27.0,18382.21,1
35,84791.99,21582.87,0.103,5369.28,12,0,88.84,1.1,5,4168.58,1,12.6,14450.45,1
34,29592.76,7615.05,0.5753,29214.73,60,1,68.29,0.5,3,1710.61,3,6.1,874.43,0
43,78093.88,14420.57,0.8564,15760.86,12,0,93.63,2.2,5,3543.53,4,17.2,1122.82,1
25,102348.29,8324.99,0.265,28614.16,24,1,94.49,10.1,8,3758.51,4,1.6,27156.8,1
64,47444.7,14499.89,0.0433,19890.8,24,0,82.05,4.6,7,2264.95,1,26.2,15968.61,1
57,29181.16,23328.86,0.7045,22972.17,24,0,76.11,7.6,2,1180.97,0,13.8,5210.43,1
66,46860.51,20224.06,0.8482,12980.51,60,1,91.73,0.6,9,2008.39,1,22.4,30802.3475,1
29,55280.1,34873.15,0.1454,16553.85,48,0,94.96,1.9,4,3142.42,0,6.8,30802.3475,1
44,66275.76,24539.82,0.388,26420.42,48,0,89.53,2.5,6,2621.42,0,12.9,30802.3475,1
25,43172.11,16632.0,0.1656,18685.02,36,0,96.28,9.8,2,1530.78,0,4.3,4777.39,1
42,86103.97,20417.2,0.1142,8950.26,36,2,85.06,5.5,5,3974.38,2,3.0,7610.81,1
63,32709.35,13380.45,0.6452,21115.74,24,0,86.82,3.4,6,1437.41,1,17.1,10527.62,1
21,20215.9,5979.97,0.9582,23856.75,24,0,82.87,1.8,2,773.15,2,2.3,17063.73,1
50,77134.21,25446.21,0.6746,33728.89,60,3,79.53,7.1,1,2706.76,2,20.3,2160.17,0
18,12000.0,23071.93,0.9751,31525.53,24,0,86.19,11.0,3,510.08,1,0.0,3963.92,0
36,50917.4,13071.57,0.4357,19353.64,24,2,82.45,3.8,2,1550.37,1,10.7,4422.85,1
48,108025.5475,17191.49,0.8899,14526.65,24,1,89.25,0.2,6,3981.65,0,3.6,17996.98,1
33,54759.13,24927.51,0.211,17716.99,12,1,97.37,1.6,3,2921.68,4,4.6,6495.82,1
31,32584.65,21770.81,0.1255,14762.66,48,0,74.92,6.8,2,1802.07,4,9.5,8647.89,1
65,53852.05,3295.19,0.6985,25061.61,12,1,76.45,2.5,7,2052.31,3,21.0,15236.61,1
22,53983.98,16948.96,0.374,30416.65,24,0,60.6,4.9,1,2850.64,0,3.1,10144.16,1
58,58213.0,13658.95,0.3213,32398.34,24,0,81.08,3.7,9,1655.56,1,11.4,24516.05,1
43,68245.26,23904.01,0.6679,15877.94,12,0,65.26,11.9,1,2198.12,4,17.1,1669.42,1
45,34217.78,23248.34,0.3368,14879.74,12,0,88.64,1.8,5,1535.93,3,3.1,6377.99,1
19,88750.96,25548.86,0.5711,15796.06,60,0,91.18,3.0,7,4224.27,4,0.1,4908.27,1
67,59902.29,6056.85,0.3035,2000.0,60,0,88.91,0.3,5,2000.27,2,9.6,16923.17,1
23,69535.88,8727.11,0.7781,7971.88,24,0,81.87,8.2,3,3916.57,0,1.4,6585.08,1
26,42437.01,23912.66,0.3161,19654.47,12,0,81.37,2.0,2,1942.85,0,1.0,25411.57,1
50,80727.64,10266.83,0.5343,23792.72,60,1,85.86,6.4,2,4497.78,2,7.9,3292.23,1
58,49858.95,2828.54,0.0327,24911.73,36,1,82.19,0.0,9,1422.41,3,28.4,2829.03,1
42,60551.05,19260.77,0.7859,12195.06,12,0,90.01,10.1,6,2691.23,1,17.8,8830.28,1
65,36337.88,10622.25,0.6179,15088.9,48,0,95.78,17.9,4,1322.45,1,8.6,509.43,1
30,35061.37,29318.33,0.1984,17304.96,36,1,81.45,3.2,7,1889.34,2,3.8,10788.13,1
26,68764.11,17369.48,0.2211,16188.74,36,0,64.41,3.3,2,1749.76,2,4.2,14553.32,1
30,46127.86,16282.07,0.2672,26880.18,12,1,65.24,4.8,4,2332.72,0,6.8,3045.31,1
48,37923.54,12046.05,0.575,6918.26,24,0,75.04,18.5,1,1155.49,4,3.6,4409.87,1
58,42136.33,27726.68,0.5474,8507.04,48,0,79.85,4.1,4,2303.5,3,29.5,10941.34,1
28,68979.06,17868.44,0.2784,17015.65,60,0,69.0,0.4,7,2787.55,3,4.0,8150.05,1
21,42419.24,11732.0,0.6902,6343.96,60,0,78.11,4.2,9,1303.93,4,1.2,9881.48,1
51,52646.9,8647.33,0.8813,2000.0,24,1,65.43,2.7,5,2751.45,1,5.3,8214.65,1
55,55300.56,14412.22,0.0526,5065.23,48,0,69.63,7.2,6,2310.0,3,17.3,6885.53,1
63,16653.02,7178.83,0.4189,17572.85,48,0,89.36,1.8,7,450.48,0,23.0,306.4,1
21,25577.47,23231.02,0.5916,26305.31,36,0,99.42,12.9,9,667.34,2,1.3,4656.28,1
55,61725.56,533.26,0.5847,26513.67,36,2,67.45,8.0,8,2064.94,4,26.7,9258.2,1
36,40259.41,13883.89,0.0291,35879.15,48,0,73.56,2.0,9,1964.16,1,3.2,16063.19,1
23,76134.5,19881.07,0.2164,21016.65,12,1,74.03,2.2,5,3005.43,4,1.1,19849.4,1
51,74336.14,17736.96,0.0706,22362.01,12,0,68.93,3.6,9,3162.5,4,12.0,4490.3,1
35,69383.37,9261.74,0.5676,17495.93,12,0,68.16,0.5,8,2049.44,4,8.9,12021.4,1
30,91395.44,20282.07,0.6425,17981.74,48,0,65.27,5.9,2,4479.17,0,4.8,860.59,1
58,53338.21,7911.68,0.1665,40805.45,60,3,96.3,4.7,1,1975.75,1,27.8,4496.91,1
40,67977.64,14820.92,0.3364,22613.51,12,0,85.97,1.9,4,2458.18,2,5.5,1734.03,1
36,43311.98,20214.73,0.3332,23482.74,60,1,71.62,3.4,2,1922.85,0,4.8,6349.24,1
62,104047.4,18703.3,0.8134,8548.86,12,0,70.32,0.5,3,4929.34625,3,31.9,10226.37,1
28,94672.67,9599.69,0.2008,24104.22,48,0,83.59,15.2,7,2443.03,4,4.3,28316.49,1
18,55237.61,24579.96,0.5473,26583.32,12,0,87.89,0.3,5,1471.14,3,0.0,18609.08,1
41,62731.72,15693.56,0.7773,31103.1,60,1,70.12,2.0,3,1769.09,4,8.3,1794.2,1
24,82185.95,20943.96,0.823,26300.85,24,0,73.89,17.6,2,4372.54,4,2.2,14397.64,1
42,52057.21,27232.81,0.6632,18732.62,60,0,71.62,2.5,9,2785.71,1,4.8,8624.68,1
38,41867.52,23940.16,0.3035,18305.77,24,0,63.51,10.8,7,1937.63,2,14.4,17110.77,1
32,72479.8,23961.04,0.8166,19279.19,60,0,75.46,0.8,9,1922.84,0,9.5,6478.72,1
18,56568.78,16541.44,0.7373,21071.87,12,0,81.34,0.3,4,2830.2,0,0.0,2252.4,1
29,58659.89,21351.48,0.7004,32676.5,12,2,86.21,3.4,3,3163.15,2,1.4,806.7,0
24,38314.57,16708.77,0.076,30726.4,60,1,76.67,17.9,3,2126.91,4,1.5,3096.67,1
32,20646.56,5325.4,0.0524,27529.11,12,0,99.33,0.5,3,1068.43,3,3.3,2158.47,1
38,59722.85,17421.95,0.6915,40292.1,12,0,85.03,5.3,1,2385.96,1,9.5,9418.22,1
36,73099.24,17050.89,0.9359,2000.0,48,1,95.46,2.9,8,2945.31,0,3.8,10345.75,1
46,50483.87,19669.83,0.7682,15399.41,36,0,96.64,9.9,7,2098.6,0,11.3,5831.92,1
42,83728.59,13976.02,0.8248,19887.27,36,1,92.86,1.7,4,3415.73,4,5.7,6069.64,1
50,40921.67,8908.36,0.5441,13277.71,60,1,70.8,0.1,2,1724.51,3,9.6,20109.72,1
66,33905.91,20252.05,0.3085,10702.49,36,1,77.25,6.9,7,939.78,0,14.9,1557.05,1
49,53655.39,4493.82,0.6742,2828.4,24,1,60.02,4.4,8,2798.37,2,8.0,1148.54,1
66,53348.15,26670.55,0.7077,16886.71,60,1,78.06,2.9,1,1338.86,1,13.6,748.38,1
52,70399.37,13148.66,0.6719,28940.27,60,0,71.75,2.0,8,1832.9,3,7.1,6459.18,1
61,39500.74,16964.23,0.9378,27739.36,24,0,64.48,11.5,2,1022.42,1,27.6,15183.58,0
55,82361.88,19468.47,0.3698,12478.7,36,0,93.54,0.6,6,4530.35,1,28.9,11075.91,1
43,94338.34,19725.5,0.0489,22202.45,24,0,86.94,0.8,8,4929.34625,1,16.2,923.29,1
28,54217.12,3728.13,0.9003,33576.0,12,0,99.96,0.1,8,1892.59,2,3.6,7015.74,1
52,79994.21,21592.69,0.1673,4799.33,60,0,79.94,0.4,9,2334.54,2,21.4,417.92,1
25,33870.06,17425.23,0.6934,18411.64,48,0,73.23,9.7,2,868.13,2,1.0,1362.1,1
63,76504.43,9917.91,0.8657,22864.96,24,0,70.55,7.9,2,4212.42,1,15.6,2347.26,1
31,75945.53,9002.66,0.3139,20100.15,60,0,77.41,0.5,5,2804.13,2,4.9,5594.28,1
27,72268.75,12327.58,0.8238,28506.33,60,0,72.39,7.6,3,2992.6,4,1.0,4561.61,1
19,54688.74,4610.07,0.3354,5021.74,24,1,99.63,5.1,8,2051.25,1,0.8,11424.36,1
63,12000.0,28778.14,0.7884,9941.81,48,0,67.31,2.5,8,662.84,4,19.1,14303.9,0
26,42165.46,26889.21,0.0784,26820.41,60,0,60.77,0.4,8,2224.26,0,6.3,23777.35,1
20,42481.68,18613.6,0.6521,2977.76,12,0,65.2,4.6,8,2331.17,3,0.6,9344.46,1
38,35434.9,13212.81,0.6736,28117.68,12,0,95.66,9.2,8,1393.48,0,15.7,3006.97,1
43,57444.86,13423.14,0.4916,24498.18,12,0,87.76,2.7,5,1851.23,1,13.2,7143.6,1
25,46620.73,21064.53,0.6833,27419.2,48,0,91.36,2.8,7,2101.13,4,2.7,10196.74,1
65,38507.76,29062.62,0.9147,15307.1,36,0,72.82,8.8,1,1233.75,4,32.1,2030.28,0
19,33824.0,10436.83,0.7292,25098.38,12,0,84.91,1.2,1,1212.27,3,0.5,5390.29,1
23,40689.74,6059.31,0.9521,8277.12,24,0,88.32,0.9,8,2299.11,1,3.4,3845.74,1
45,77429.98,27381.13,0.4496,15854.95,36,0,73.06,5.9,5,4184.03,1,12.3,10377.35,1
46,41779.5,702.89,0.5277,20363.39,24,0,88.98,5.3,4,1653.3,2,11.0,965.65,1
43,44701.23,6931.75,0.2685,11012.51,48,1,85.19,12.2,7,1595.45,1,13.1,17191.5,1
42,45866.05,13025.14,0.9759,22181.07,12,3,71.85,2.0,8,2031.63,0,15.1,1005.12,0
29,61779.87,2516.53,0.064,8557.93,60,0,62.11,1.1,7,3115.7,4,1.5,17828.36,1
22,64124.99,23897.19,0.3614,22686.51,12,0,69.51,2.8,9,2018.33,4,1.5,1492.79,1
51,12000.0,21855.24,0.3017,37418.5,48,1,84.78,2.4,9,662.76,2,7.2,14895.61,0
65,75432.7,10401.65,0.3888,7433.34,12,0,83.96,13.9,9,2357.37,1,35.9,20096.66,1
54,83727.36,25236.91,0.9094,19774.4,12,0,80.31,12.5,9,3795.93,3,28.1,8631.1,1
32,33996.27,26594.34,0.3707,3820.39,12,0,70.06,2.8,9,1472.99,2,10.3,23534.03,1
61,35554.04,14094.63,0.9086,11670.46,48,1,77.78,2.7,1,1278.69,0,19.7,3461.48,0
53,45994.93,11394.65,0.4249,27019.49,12,0,65.76,2.9,5,2010.59,0,22.0,4084.07,1
32,39879.92,33076.82,0.8477,15693.71,60,0,86.5,6.6,1,2166.91,2,10.4,4712.68,1
60,59478.54,20769.29,0.5213,27424.1,60,0,94.77,4.0,6,2142.13,2,29.8,30802.3475,1
65,16069.49,17050.6,0.3151,23558.83,36,0,78.55,1.7,7,875.92,4,22.3,733.25,1
40,32641.45,25908.37,0.4504,19354.82,36,0,68.52,7.3,5,884.22,2,4.5,79.6,1
23,85783.94,17415.45,0.4259,9705.87,36,1,93.12,11.7,2,3670.87,4,3.7,533.82,1
63,36435.6,10955.04,0.2647,26854.88,36,0,72.52,6.3,9,1266.67,0,30.3,6719.22,1
67,79868.57,15641.28,0.2938,23041.34,60,1,83.76,1.1,8,4473.59,0,18.7,2489.75,1
61,62106.76,23309.23,0.1927,4719.6,36,0,63.02,7.8,1,1650.28,0,18.3,6676.89,1
60,18814.65,0.0,0.3393,10354.74,24,0,88.72,22.5,8,482.11,4,33.3,7596.75,1
62,67706.58,12695.75,0.6219,2000.0,48,0,78.43,5.8,1,3519.75,2,22.9,6627.07,1
38,52646.65,26064.46,0.3888,6343.73,48,0,76.93,1.4,5,2614.13,1,4.4,5947.61,1
40,45890.66,10905.05,0.7081,16866.24,60,0,97.39,0.0,7,1384.51,1,4.7,4995.1,1
60,59899.14,27368.87,0.9772,9441.44,48,0,79.66,2.4,6,3378.44,3,6.1,3901.62,1
33,64492.67,26317.95,0.3796,11683.33,48,0,60.67,3.2,2,3490.86,3,7.7,3902.89,1
64,69151.84,14475.77,0.4634,33905.7,12,0,98.39,12.0,3,2288.78,4,5.5,2369.35,1
32,78565.06,10451.69,0.1708,30288.13,36,0,60.49,4.8,6,3756.51,2,9.4,5061.64,1
42,63162.72,12701.13,0.3944,13053.32,36,0,81.43,1.7,3,2481.31,0,7.7,7956.78,1
53,27487.32,36316.92,0.7223,27935.38,12,0,85.34,5.9,1,1200.96,1,11.9,28054.93,0
28,45527.09,29995.4,0.2231,32148.73,60,1,95.78,0.5,2,2338.61,3,6.3,12914.15,1
68,108025.5475,16003.13,0.1884,26185.48,24,0,87.17,1.2,9,4929.34625,2,8.7,24160.4,1
32,69489.82,10134.77,0.3788,22989.27,60,0,92.45,6.8,3,1955.22,1,6.6,2465.06,1
21,102385.75,15936.33,0.8123,30983.23,24,0,90.8,1.8,3,4628.38,2,1.1,2855.43,1
38,82908.68,16950.62,0.6212,27695.18,24,1,68.54,0.2,5,2585.2,0,3.4,3619.6,1
30,59836.04,5053.13,0.9484,7869.06,12,0,88.02,3.4,1,2385.02,4,3.7,30802.3475,1
39,61028.14,15640.33,0.8964,18110.68,60,1,85.5,3.4,1,2324.8,1,11.3,7502.82,1
36,54268.4,25579.23,0.1581,14479.31,36,0,69.76,7.8,1,1508.05,1,10.2,17276.11,1
51,20243.91,605.15,0.0517,31524.73,60,1,65.13,1.8,4,572.97,2,6.2,16801.93,1
31,55360.95,21612.67,0.4011,14195.78,60,0,90.07,2.8,9,2837.66,2,9.8,21670.82,1
21,79213.49,25998.38,0.5216,12478.15,24,1,98.85,4.1,5,3501.38,2,0.7,2303.89,1
65,43007.2,10515.54,0.5153,30266.82,24,0,89.54,0.4,8,2471.06,0,26.5,7291.62,1
69,63239.06,28553.41,0.1414,22596.71,36,0,89.98,1.1,3,3586.52,1,16.7,8977.71,1
63,72031.82,9477.3,0.1323,41117.82,36,0,66.67,2.3,4,2258.52,4,26.6,7205.12,1
44,36806.39,18528.66,0.0559,11377.58,24,0,69.88,1.6,5,1969.78,4,17.4,19241.72,1
46,45973.94,12545.82,0.8438,14811.64,60,0,83.43,3.1,2,1649.05,4,4.4,27707.95,1
64,34641.77,12544.03,0.9388,31219.68,24,1,61.26,5.3,3,1064.8,2,30.3,2499.98,0
45,38556.69,10061.61,0.1234,7209.0,48,0,86.72,3.9,1,1544.51,0,5.0,596.26,1
52,29247.89,20588.6,0.2189,33196.92,48,0,65.79,7.4,7,1009.23,2,15.8,13310.04,1
25,36991.03,21790.44,0.0981,7925.45,24,0,76.54,4.9,6,1551.82,4,2.4,7123.44,1
33,83389.11,14484.62,0.87,26102.24,36,0,72.81,1.7,2,3885.46,0,4.7,27929.84,1
59,36690.46,4120.25,0.9495,2000.0,24,0,64.26,0.6,9,1288.15,2,8.5,12355.27,1
53,57529.18,18225.36,0.2666,20451.3,60,0,83.15,5.1,3,2481.71,3,20.1,3745.24,1
47,44942.62,18376.11,0.3075,6304.7,48,0,74.45,1.2,3,2060.93,3,9.0,7576.77,1
35,78577.32,13266.28,0.3654,39262.75,12,0,61.76,1.9,1,3578.24,0,7.7,22881.1,1
19,81223.25,29937.85,0.5024,9283.69,36,1,77.78,7.9,7,4533.61,4,0.1,18858.33,1
66,72281.4,2488.57,0.6788,11711.43,12,0,83.61,1.2,1,3369.74,4,25.1,6295.96,1
30,61122.69,0.0,0.5043,25354.26,36,0,65.22,3.4,8,2205.69,4,6.9,2507.7,1
21,50378.81,9153.32,0.942,13990.42,12,0,83.4,0.5,2,1418.22,4,0.4,1124.43,1
43,31162.51,20683.4,0.1079,26999.53,12,0,72.08,2.7,3,1284.72,4,11.8,1883.76,1
42,93870.58,6553.24,0.7926,12891.1,24,0,70.39,19.6,9,4149.21,1,14.4,5836.35,1
47,39806.54,7152.23,0.3378,12120.49,36,0,91.82,15.4,8,1733.28,4,5.8,12607.93,1
28,68272.93,22608.17,0.38,19724.41,48,1,78.71,14.6,6,2958.83,2,1.3,1884.43,1
24,76191.31,18700.38,0.7047,7830.69,12,0,75.12,4.5,7,2858.06,0,1.4,11478.21,1
48,43894.39,18016.49,0.9208,23963.66,24,1,92.52,1.7,1,2498.67,1,10.4,3633.25,1
61,75760.25,21251.43,0.7119,28772.99,60,1,96.41,2.2,1,3441.93,4,17.1,9831.22,1
27,70284.26,11598.46,0.7703,25529.97,36,1,72.6,1.2,2,2277.86,2,1.4,6659.59,1
56,89559.28,11968.13,0.7458,26432.81,36,0,62.02,0.5,6,2258.09,4,29.8,20631.7,1
30,45613.07,21478.23,0.3246,2000.0,48,0,81.63,0.9,7,2007.24,3,7.0,25847.82,1
48,29282.72,4240.91,0.7518,15383.52,12,0,88.61,3.1,2,1460.58,0,5.8,4861.08,1
24,44890.2,0.0,0.7788,17729.35,24,0,83.51,0.1,3,1286.09,3,3.9,4612.06,1
66,59177.07,11533.73,0.5327,34544.53,12,1,87.52,14.0,2,2399.2,4,15.5,9491.01,1
59,56164.25,22446.99,0.536,14186.93,24,0,85.87,4.1,2,3224.01,3,14.9,3470.81,1
59,47131.24,17044.48,0.7545,2000.0,48,0,98.24,1.0,1,1954.85,2,6.2,8813.66,1
53,16816.05,21858.33,0.8107,9960.3,12,1,94.64,2.7,1,898.84,1,13.9,5304.89,0
37,64409.66,0.0,0.3405,13388.07,60,0,65.27,2.4,8,1912.18,2,2.9,6472.78,1
21,94446.89,17523.97,0.7955,2000.0,48,0,78.1,9.0,2,3784.2,2,1.7,15658.62,1
24,64285.02,20230.92,0.8079,29687.03,48,1,78.19,0.6,8,2364.4,0,2.0,1173.03,1
18,67182.71,4193.62,0.2394,4304.2,36,0,78.25,2.8,9,1742.84,0,0.0,1610.41,1
61,66448.91,21896.46,0.7126,24460.22,24,0,97.23,6.2,8,2815.51,3,23.8,1219.93,1
62,62940.93,14107.85,0.1928,9076.03,12,0,73.09,2.3,4,2410.09,4,25.6,9723.75,1
59,73633.32,36696.87,0.1012,35069.84,24,0,84.57,2.2,9,3342.13,3,22.4,20222.03,1
64,62907.47,0.0,0.5731,17238.46,48,0,95.85,2.1,1,2718.62,1,30.0,23227.71,1
30,48746.46,25952.91,0.9005,15208.88,12,0,62.02,7.2,3,1955.5,4,6.6,7405.2,0
39,39080.22,11846.74,0.0447,25282.54,60,0,95.14,0.6,3,1108.69,2,16.0,10451.57,1
38,50020.53,2062.79,0.82,9927.0,24,0,90.6,9.7,6,1988.63,2,9.9,11723.71,1
39,61282.59,10784.36,0.5063,25755.46,24,0,68.31,0.4,6,3515.74,1,15.1,6180.26,1
45,48678.34,17219.83,0.8537,15183.31,60,0,73.02,1.9,7,1661.96,4,20.9,10564.57,1
26,61286.77,23299.73,0.8366,14053.98,48,0,72.42,2.5,7,2318.61,1,1.7,4366.54,1
43,63783.0,28775.71,0.8678,19124.31,24,0,68.85,2.5,9,3383.63,3,14.3,9873.61,1
26,71663.59,26375.14,0.7635,9103.3,36,0,85.54,1.0,6,3033.86,1,4.5,6857.94,1
32,80655.9,7276.94,0.8361,18091.08,36,0,99.31,4.6,2,2021.89,0,9.9,1754.01,1
27,56560.15,24041.32,0.1825,23394.85,12,0,66.66,3.0,5,2431.09,1,3.0,18643.34,1
41,28844.47,18130.28,0.3078,2000.0,60,1,69.29,4.2,1,1559.54,4,8.6,3090.86,1
59,48097.92,9763.18,0.2476,30913.08,48,1,71.61,4.8,3,2309.3,3,5.5,1101.83,1
25,55881.25,13304.72,0.7376,28159.78,36,0,97.5,1.1,4,2807.43,0,4.5,17764.78,1
41,18284.62,9321.26,0.1606,2000.0,12,0,85.03,12.6,5,480.44,3,6.6,20009.25,1
33,82773.29,15296.74,0.1886,2000.0,12,1,68.51,8.9,8,2563.7,2,11.3,493.43,1
66,57847.56,9162.74,0.8714,28419.07,24,0,92.16,8.8,4,2574.54,0,27.1,27676.5,1
43,62627.06,6776.05,0.7018,27645.19,48,0,96.91,3.8,8,1885.25,1,8.3,726.52,1
44,82310.53,18832.95,0.8679,26230.35,36,0,76.14,8.6,8,4126.14,3,17.5,2341.83,1
54,42397.14,20029.84,0.1466,5730.76,60,0,66.91,4.9,7,1380.61,1,24.2,63.24,1
21,54915.35,13499.22,0.401,38286.42,24,0,72.4,3.0,9,2366.76,1,0.6,147.48,1
67,52802.72,25941.21,0.2875,12449.99,36,0,68.68,7.0,9,1393.39,3,23.5,887.64,1
41,51318.26,12916.56,0.0195,22394.77,12,1,68.06,4.6,7,2012.11,1,2.5,21664.63,1
36,39556.15,12577.8,0.2888,22517.79,60,0,66.83,0.0,6,1326.08,0,6.1,588.12,1
53,88312.06,20283.91,0.382,35929.31,12,1,95.04,29.1,3,2305.46,3,20.5,13659.73,1
56,47490.0,13940.6,0.1004,21251.67,24,0,63.44,2.8,1,1399.2,4,12.6,8463.56,1
27,68989.28,15678.38,0.5652,24158.41,60,0,76.53,4.2,2,2627.13,1,1.7,15493.79,1
42,17499.85,0.0,0.3855,19228.74,60,0,60.59,2.6,5,637.16,2,12.1,17856.65,1
35,78599.77,15133.66,0.0555,8034.01,24,0,71.74,0.5,9,4220.51,3,13.1,5488.3,1
36,76044.22,382.43,0.6999,2000.0,12,0,88.28,9.0,9,2668.64,2,7.0,1652.1,1
53,56948.68,5232.4,0.7247,20325.8,60,0,68.11,5.7,7,2211.93,4,26.0,14.84,1
27,50461.15,4317.42,0.8278,5876.37,48,0,99.95,8.8,6,1948.78,4,6.6,21924.19,1
50,63000.0,6659.33,0.4858,23501.77,48,1,61.93,3.3,7,2832.76,2,18.2,7862.43,1
67,100775.81,10609.17,0.9593,21487.5,12,2,65.46,7.8,6,4929.34625,3,7.3,7216.0,1
22,19735.27,11108.06,0.9058,21244.34,60,0,91.48,8.0,5,937.18,2,2.2,13505.36,1
64,70640.55,20314.2,0.5503,9470.75,12,0,99.04,2.0,6,3740.15,0,23.6,3971.36,1
66,36767.65,16779.1,0.4461,30365.44,48,0,98.16,0.0,1,1148.52,1,24.3,30802.3475,1
52,54601.63,0.0,0.013,24747.71,60,0,91.93,9.8,5,2892.89,4,11.5,8395.64,1
61,50042.4,15666.36,0.7068,8183.0,60,0,98.92,1.0,1,2418.97,4,26.9,737.41,1
51,46433.63,17546.04,0.5637,40685.48,12,0,93.63,3.4,5,1617.3,4,23.7,1898.07,1
50,54790.7,12371.47,0.9288,17892.09,60,0,62.32,4.8,2,3005.06,0,18.3,3549.4,1
38,32316.58,14512.91,0.5923,6657.13,12,0,93.83,5.0,5,1524.29,0,4.1,1686.0,1
34,75583.61,16522.48,0.983,12416.48,36,0,79.35,1.4,4,3068.1,0,10.4,23888.69,1
39,19117.13,21116.8,0.8467,4911.09,36,0,78.27,2.6,4,926.82,2,4.4,6124.13,1
65,65795.29,2400.96,0.9445,33594.27,48,0,60.1,1.9,6,1659.66,2,31.0,5423.59,1
54,48469.28,13045.46,0.3311,30804.48,48,2,84.81,1.1,8,1734.25,1,18.9,14038.71,1
32,31581.5,27066.69,0.1563,27394.8,24,1,86.86,6.4,6,1607.18,2,4.8,17390.37,1
52,59047.67,26333.29,0.7909,25511.42,36,0,91.63,0.5,1,3166.95,4,16.9,3041.3,1
45,23860.98,21807.5,0.7805,32483.42,36,0,73.04,3.6,9,1232.96,0,18.3,484.46,0
24,55794.28,19294.6,0.2172,17580.06,24,0,65.13,3.8,4,2754.76,4,2.7,1534.37,1
49,26542.46,28237.08,0.7594,24226.62,12,0,77.59,15.5,7,1103.8,0,13.4,19680.16,0
28,64225.44,30342.78,0.5803,11881.08,36,0,74.49,10.2,1,2011.54,2,2.5,5391.85,1
27,36512.85,13967.36,0.1173,18465.51,36,0,90.13,3.4,9,1047.68,1,3.2,2537.11,1
26,45980.12,7244.54,0.5017,24500.77,48,0,69.18,9.3,3,2565.68,3,3.7,30802.3475,1
31,60878.99,12837.66,0.9225,2000.0,24,0,65.53,7.8,3,1949.74,0,2.3,2462.46,1
30,39549.16,36696.87,0.5063,13802.89,24,1,77.61,0.1,8,1312.08,0,7.2,16262.66,0
42,53840.72,2445.15,0.7829,21649.87,48,2,85.12,12.8,2,2641.36,4,17.4,30802.3475,1
19,24723.39,11235.69,0.0383,19224.84,36,0,71.24,5.8,9,1241.0,1,0.7,1515.49,1
52,67617.51,3698.47,0.7235,15476.04,60,0,64.58,5.6,3,2610.46,1,15.0,11403.16,1
24,90298.28,15998.11,0.9379,25891.52,24,0,77.56,6.2,2,2483.35,1,0.6,17962.59,1
38,108025.5475,5378.47,0.4995,12922.88,36,0,98.48,1.3,5,4561.08,3,8.4,25344.06,1
35,56823.36,14129.99,0.341,7780.93,12,0,98.69,0.1,9,2959.97,4,3.2,3503.33,1
20,70764.08,0.0,0.6437,31837.66,24,0,88.35,1.3,9,3849.49,1,1.2,821.67,1
59,19387.49,19940.97,0.9079,30426.49,48,0,91.09,7.9,8,904.89,4,7.7,391.4,0
56,85054.69,24778.76,0.1832,14008.51,24,0,68.14,4.5,8,4067.25,2,7.1,4428.8,1
58,70524.57,11928.45,0.4056,19313.05,48,0,74.99,2.2,7,1819.03,1,18.4,1653.82,1
66,45321.33,13918.96,0.1632,28459.9,12,1,84.19,1.4,3,1455.01,3,12.9,4518.46,1
28,79743.62,13692.74,0.4967,20440.34,36,0,90.02,8.0,3,3979.25,3,2.7,22800.94,1
56,49910.48,16447.29,0.5396,25302.08,48,0,66.66,3.1,5,2130.35,2,29.3,2647.74,1
41,45839.5,14694.64,0.9353,24755.67,48,0,78.31,4.7,9,2042.87,2,7.0,8743.29,1
63,64506.7,21144.94,0.4143,16808.3,12,0,66.51,0.1,1,3355.18,3,33.5,30802.3475,1
36,33732.91,24864.31,0.5656,25159.24,60,0,85.33,2.8,3,1596.1,0,4.7,4777.33,1
21,75432.5,8487.43,0.8776,10350.56,24,0,90.89,0.1,9,2941.61,3,2.2,2411.35,1
43,33880.2,12525.37,0.325,23942.74,60,1,93.33,7.7,7,1947.0,4,6.1,29310.14,1
55,33998.9,22212.96,0.6707,19259.02,24,1,89.29,1.4,2,1123.96,3,8.2,8683.52,1
59,36806.2,3626.65,0.752,16392.8,12,2,66.37,0.9,2,1337.21,3,12.1,562.03,0
49,70190.0,0.0,0.3339,7532.64,12,0,93.14,13.0,1,3316.72,2,12.3,1383.4,1
56,42664.49,16810.53,0.1711,21316.59,60,0,73.38,0.1,3,1396.6,2,9.4,8695.6,1
62,28040.08,18970.77,0.5029,20385.3,12,0,93.43,1.1,4,1056.65,0,23.4,6604.14,1
63,42886.4,9221.6,0.3597,11603.64,36,0,70.04,1.4,1,2060.45,2,19.2,5943.31,1
53,54359.15,10370.79,0.2711,4031.28,60,1,79.03,8.7,1,1971.57,3,16.7,7922.41,1
57,31380.55,8918.46,0.964,3555.25,48,0,83.06,6.2,3,844.37,0,22.0,4513.2,1
54,31966.38,8064.6,0.5021,17459.27,48,0,61.39,17.1,5,1395.86,4,15.2,17939.44,1
50,97225.93,20547.97,0.8493,23064.98,12,1,96.15,5.9,8,4926.52,0,5.3,29214.74,1
53,37788.69,5556.01,0.2014,38499.72,12,0,80.46,1.3,5,1880.43,2,12.2,3782.38,1
20,48539.15,12875.82,0.9307,19548.45,24,0,67.68,0.9,7,2218.38,0,0.9,11352.1,1
26,47655.26,7757.31,0.7885,3746.14,60,0,66.43,7.0,9,2406.99,3,1.8,4765.31,1
25,46572.86,3357.69,0.8025,17930.82,60,2,87.46,11.6,1,1473.76,0,3.1,1704.57,1
50,54915.35,21961.43,0.392,32513.65,36,0,63.27,12.1,5,3335.29,0,6.0,2352.98,1
23,73962.86,10841.4,0.4859,13172.04,48,1,77.59,7.4,2,1972.17,1,1.7,2771.83,1
58,48880.91,16507.52,0.5915,31186.04,48,0,81.61,7.9,1,2427.84,0,27.5,6782.31,1
56,30270.43,2935.39,0.784,21757.25,36,0,69.33,5.4,7,807.92,0,5.0,3039.51,1
21,80488.8,9064.48,0.8421,26468.82,24,0,65.17,6.7,7,4082.07,4,0.4,7229.47,1
30,53093.18,21048.7,0.0865,38588.56,36,1,79.63,0.6,1,2893.46,1,4.6,1.12,1
66,89606.44,35698.17,0.896,2000.0,24,1,73.61,2.0,7,4716.41,4,35.5,3742.16,1
19,12000.0,0.0,0.9287,28965.04,24,0,65.61,3.1,6,439.42,1,0.5,4946.59,0
22,58908.06,13391.14,0.591,19052.99,24,0,68.41,5.5,6,3387.47,0,2.3,9743.93,1
61,93372.13,18298.24,0.193,10508.19,12,1,78.84,2.7,1,3947.81,3,21.1,486.43,1
44,47934.72,10071.2,0.812,18993.65,12,0,65.32,2.4,7,1804.32,4,16.7,25641.83,1
49,50490.13,21796.18,0.5476,36909.71,24,0,97.44,4.1,1,2242.29,2,11.9,3719.44,1
38,60910.23,8066.14,0.8109,33349.46,36,0,91.02,2.5,5,2141.87,2,12.5,6830.74,1
25,43824.08,16230.78,0.8085,2000.0,36,0,73.02,0.4,1,1356.07,1,5.3,11875.39,1
55,48758.56,10823.42,0.095,12301.6,36,1,70.33,17.4,1,1484.44,1,12.6,4597.5,1
25,48243.7,24755.45,0.6049,29428.94,12,1,94.97,13.0,8,1478.6,2,2.7,9939.11,1
67,42451.59,9589.08,0.4835,19782.56,24,0,77.08,0.2,5,1384.34,3,10.9,6801.11,1
20,79577.13,12185.01,0.9372,19819.87,48,0,94.51,3.8,5,4340.82,0,0.4,6431.02,1
61,64221.56,22565.51,0.3007,4316.74,36,0,89.7,6.2,3,2471.91,4,26.9,2029.7,1
20,60012.56,6775.69,0.2119,12545.23,12,0,63.68,4.7,2,1500.51,3,1.0,4982.79,1
39,71171.42,15550.0,0.8891,6417.94,60,0,92.54,2.2,4,2500.21,4,12.6,2318.67,1
23,49712.88,419.73,0.1557,3466.83,24,1,81.6,8.1,1,2893.46,4,1.1,15645.4,1
19,39515.92,6296.53,0.6828,7422.62,36,0,87.1,4.8,7,1957.62,0,0.6,1423.32,1
40,42947.51,18057.05,0.304,10719.02,12,0,68.76,1.4,8,1794.98,0,7.0,434.53,1
61,55035.66,7074.42,0.5665,12388.87,60,0,60.01,4.7,2,1609.53,4,23.0,4998.08,1
19,33815.77,10643.42,0.6139,11578.7,24,0,73.35,1.6,1,1358.92,0,0.7,157.68,1
55,44994.78,18944.69,0.419,30204.56,48,0,67.63,4.5,7,2084.26,0,19.6,4427.89,1
34,44677.67,10366.51,0.9655,10928.56,24,0,77.41,7.2,6,2485.22,3,3.5,15162.19,1
52,97491.12,21582.74,0.1392,34261.85,24,0,63.64,1.8,5,4036.08,4,15.3,16059.37,1
51,12000.0,16725.3,0.3936,15160.24,36,0,95.8,1.7,6,519.24,2,9.1,4771.17,1
40,51407.61,18485.46,0.4318,24391.99,24,1,64.75,6.5,6,2258.0,3,10.7,9683.94,1
47,89513.88,24927.72,0.6284,24711.43,60,0,90.57,3.6,9,4929.34625,0,4.5,9693.48,1
69,57436.89,17558.58,0.4091,11021.57,60,3,97.57,0.7,4,2084.73,2,40.2,5685.19,1
25,54915.35,27310.78,0.1051,16719.09,24,0,65.93,3.9,1,3761.62,3,3.7,7770.27,1
39,56996.53,22290.1,0.9385,14970.56,24,0,73.86,5.4,4,2244.42,3,7.7,9775.62,1
61,41653.33,10812.38,0.4178,23724.41,60,0,89.24,3.4,8,2069.95,0,14.7,5809.98,1
53,12000.0,25345.18,0.3458,18711.56,60,0,88.58,4.9,4,493.24,4,17.7,29113.5,1
22,59109.11,17110.93,0.4478,12516.02,36,0,61.5,2.3,5,2569.83,1,2.3,20008.08,1
30,39487.87,11842.56,0.2223,21190.58,48,0,62.83,10.5,3,1420.44,1,3.2,12110.34,1
46,38993.29,17227.09,0.1082,23396.16,60,1,64.81,1.4,6,1513.78,2,13.6,8322.98,1
48,54915.35,23898.61,0.1556,38500.45,48,2,82.72,1.7,9,1913.88,1,21.0,11757.72,1
64,89897.23,18640.36,0.1733,20681.26,48,0,62.2,7.4,5,4058.25,4,30.7,17722.62,1
33,103096.75,29579.14,0.2037,20100.08,60,0,83.54,0.3,2,3850.0,4,3.4,1237.76,1
59,59344.16,23692.24,0.4216,24283.99,36,0,73.7,21.9,3,3133.73,2,15.1,1174.98,1
47,45704.66,19185.28,0.6214,10505.98,24,0,86.78,5.0,3,2238.1,0,19.0,4751.02,1
33,31455.47,6791.46,0.6263,2744.9,12,0,91.28,8.2,4,1259.82,0,4.7,28762.24,1
29,64370.8,13562.14,0.0101,16878.98,24,0,91.66,4.4,3,3186.19,2,7.0,1464.14,1
34,90658.11,15573.31,0.9125,30720.99,12,1,61.51,7.7,1,2286.63,1,9.5,7189.95,1
33,50053.19,20573.05,0.8164,32335.52,60,0,97.89,2.8,9,2241.64,1,3.4,2557.06,1
29,12000.0,20098.66,0.9547,2000.0,24,0,83.47,4.3,7,510.17,2,6.5,1667.2,0
25,68400.99,16356.32,0.3628,26660.79,24,0,95.83,5.4,4,2883.14,3,4.8,20902.12,1
37,74707.99,15962.8,0.6615,2000.0,12,0,84.61,11.6,9,3370.66,2,14.0,11824.48,1
20,23283.09,20763.66,0.1747,24591.81,36,0,79.36,0.2,2,1204.85,0,0.5,10345.47,1
33,58529.68,8131.31,0.8107,23993.59,60,1,89.19,0.6,9,1553.13,1,12.0,8477.25,1
47,64024.52,28564.13,0.1681,2760.2,60,0,68.78,5.9,9,1918.25,3,12.9,12706.2,1
62,53537.85,0.0,0.3295,30000.46,60,0,64.13,2.1,2,1355.58,3,12.1,14367.26,1
40,39184.58,26643.28,0.491,37438.36,24,0,63.62,5.7,7,1290.18,1,13.3,4625.23,0
45,75318.74,14638.52,0.5926,19375.2,48,1,93.97,1.3,4,4337.49,3,16.2,4993.44,1
68,46932.41,23020.64,0.5584,21410.0,12,0,96.5,4.9,5,1757.54,3,26.5,2190.65,1
57,25296.28,17910.72,0.1101,34791.16,24,1,92.58,3.3,5,1118.77,2,7.9,19860.47,1
22,14010.51,17768.28,0.4232,8736.68,36,0,96.18,0.7,9,812.66,2,0.5,1446.74,1
37,80216.99,19434.04,0.9145,8989.23,36,0,99.39,13.3,6,3682.7,4,11.7,7960.35,1
57,67333.28,21472.43,0.8649,11606.16,24,0,81.04,7.9,1,2067.33,1,13.4,302.78,1
61,56759.47,12369.35,0.589,20370.82,12,0,66.16,7.6,5,2942.13,4,7.2,7106.85,1
18,46194.51,23278.39,0.5709,20344.16,60,1,84.32,6.0,1,2004.75,2,0.0,19577.93,1
47,44420.03,6324.24,0.1194,14467.1,60,1,74.16,0.1,7,2584.3,0,21.7,26187.3,1
38,33485.27,14957.36,0.2063,16995.2,48,1,73.86,3.5,3,1679.92,2,11.0,18544.97,1
37,46370.89,21687.76,0.2576,14604.32,24,0,89.11,7.0,2,2696.95,4,5.1,14427.23,1
23,12598.26,22960.14,0.4884,15082.0,48,0,63.63,1.2,7,689.03,3,3.9,1725.91,0
39,40278.73,18686.31,0.7267,12314.79,36,1,61.5,4.8,9,1251.52,1,5.6,9096.07,0
35,48781.25,11852.86,0.4615,12395.6,60,0,87.81,13.3,5,2435.92,0,1.8,1302.05,1
25,67197.6,22173.66,0.1335,2000.0,60,2,70.43,7.0,4,2795.64,2,5.1,841.91,1
56,54201.47,9645.07,0.4406,17763.25,48,0,75.42,4.0,5,1589.5,0,9.0,110.77,1
49,70898.46,29011.27,0.1694,2000.0,24,0,72.31,1.9,7,3114.4,3,16.8,2546.19,1
50,81982.7,14322.63,0.7461,27505.59,48,0,84.59,5.1,4,2305.59,0,8.5,13567.64,1
33,76163.4,2682.99,0.1732,14400.82,36,0,66.18,6.3,9,3838.67,0,6.2,6543.48,1
29,64410.2,5442.53,0.4829,18805.9,24,0,88.82,5.1,6,2385.85,0,4.2,1811.38,1
55,55237.25,15349.15,0.6895,16267.9,36,0,97.0,7.0,3,2870.38,4,13.4,2852.76,1
69,35384.24,16118.6,0.2336,17558.86,24,1,93.44,1.6,2,1689.33,2,16.4,3100.73,1
51,69798.88,30757.25,0.0845,32633.75,48,0,96.28,3.5,4,3788.6,1,3.7,17290.37,1
31,88594.95,6692.01,0.562,6485.04,12,0,97.48,4.0,9,2763.79,4,3.3,3276.2,1
53,61842.12,15315.7,0.0631,3766.83,48,0,74.89,0.5,2,2875.87,4,27.9,2381.22,1
50,93345.18,6524.63,0.586,21193.72,24,0,91.83,1.0,3,4929.34625,2,3.4,5519.72,1
40,24488.57,11058.76,0.7484,15041.2,36,1,79.79,1.8,3,798.18,1,3.3,21558.45,0
67,31916.73,28471.78,0.3327,23596.24,48,1,70.79,0.2,5,1631.17,0,6.0,13734.45,0
62,72104.03,5909.31,0.4886,27165.77,24,0,89.88,1.3,5,2487.22,1,20.2,11059.88,1
19,60285.8,19696.34,0.9202,8936.57,36,0,69.77,3.7,7,3145.93,2,0.1,25169.35,1
58,81275.64,18143.26,0.4717,26033.89,36,0,64.38,3.9,1,3428.54,0,19.0,15952.68,1
38,54690.57,14806.63,0.9866,9780.57,36,0,88.18,1.4,2,2581.67,4,6.6,4101.85,1
19,37640.49,19155.49,0.1639,20745.75,24,0,71.5,14.6,5,1404.78,3,0.7,566.46,1
44,50728.14,5719.84,0.7048,7630.86,36,0,72.24,3.1,5,2664.7,4,9.1,1013.61,1
26,24346.32,28250.58,0.6496,21321.44,36,3,95.24,5.1,7,708.61,1,5.4,4798.17,0
18,32428.19,30398.76,0.8649,19791.23,48,0,65.42,0.2,7,1019.81,1,0.0,4394.1,0
28,74448.88,15376.84,0.1006,8970.71,36,0,90.59,2.5,3,2084.29,4,7.8,18492.01,1
20,72455.75,34384.85,0.2846,6415.89,12,0,75.45,3.9,4,4104.82,3,0.8,30802.3475,1
69,62260.09,11807.78,0.1395,27506.39,24,0,95.72,1.9,2,2524.21,1,39.2,30802.3475,1
40,20578.45,18203.46,0.9244,15470.0,36,0,77.61,0.9,2,842.0,4,12.2,10712.19,0
43,47831.93,26455.11,0.4281,30120.31,36,0,76.36,1.1,3,1676.49,1,9.2,5181.8,1
21,30500.0,11327.96,0.9019,14566.06,60,0,77.19,3.1,7,1240.03,4,1.3,4628.33,1
35,78530.67,3947.61,0.2985,33021.8,48,1,93.51,0.4,6,2578.67,1,10.4,245.12,1
23,43325.56,2106.26,0.1338,10516.1,36,0,60.42,1.3,1,2457.49,3,3.6,20346.77,1
52,33285.05,31486.61,0.3006,34727.47,48,0,88.19,6.4,9,1124.43,1,13.1,23248.22,1
39,55595.92,10767.8,0.5952,21743.72,48,0,68.21,1.2,1,3104.93,2,16.0,2284.46,1
60,42196.91,13514.11,0.8383,23997.97,12,0,95.29,0.6,7,1741.51,3,18.3,4337.35,1
32,84674.88,6097.89,0.3877,9959.75,24,1,75.04,0.4,8,3350.81,1,8.9,9651.8,1
39,40303.78,22586.71,0.9065,27292.15,12,0,73.56,22.4,6,2087.5,1,15.4,3487.9,1
54,27015.43,8747.52,0.2493,27639.28,24,0,88.5,0.5,1,1120.8,2,9.1,4364.59,1
69,12000.0,11069.9,0.6897,16755.65,60,0,88.9,2.8,2,406.76,3,12.3,6176.78,1
59,54384.27,17396.16,0.731,2000.0,12,1,85.35,3.6,7,2148.42,2,23.7,4515.93,1
29,43761.4,6487.63,0.2785,8866.71,48,0,73.19,16.7,5,1735.34,4,6.0,1149.83,1
64,26421.91,13571.34,0.0364,8865.19,36,1,84.41,11.1,9,920.51,2,31.3,13011.65,1
66,78784.53,26217.68,0.3679,24493.53,60,1,62.17,1.4,8,3073.63,4,23.0,1739.29,1
59,68344.9,18426.04,0.0543,15349.68,24,0,98.21,0.4,4,1982.27,3,25.0,19453.74,1
55,54435.64,16044.34,0.8927,15543.9,12,0,78.11,2.9,5,3066.83,0,8.1,3923.35,1
35,82286.52,16718.92,0.9445,14336.88,60,0,72.18,0.5,3,3812.56,4,8.2,2952.97,1
62,68250.72,11886.92,0.7307,34692.9,12,0,94.43,10.2,2,2145.78,1,4.7,12393.59,1
52,38542.88,30969.22,0.7222,20453.52,48,0,72.97,6.1,5,1977.78,1,19.6,14804.88,0
47,34215.6,8502.74,0.2461,21977.4,12,0,99.89,14.4,4,1159.19,2,22.6,3734.86,1
41,71359.63,16687.41,0.0824,13806.1,24,0,87.62,4.2,7,3202.3,2,5.1,23212.03,1
59,62927.34,15920.2,0.7961,19703.61,24,0,85.98,2.3,1,3491.25,1,8.0,10911.31,1
47,58394.96,23070.1,0.558,10243.11,36,1,66.07,3.5,6,2949.48,0,12.5,1374.55,1
31,38070.04,23825.39,0.678,23437.25,36,0,84.39,0.9,9,1106.6,3,5.4,1561.87,1
23,67158.95,14743.85,0.774,8534.46,24,1,66.2,3.1,6,2900.84,2,2.0,2550.96,1
20,39890.02,17325.33,0.4112,27442.2,24,0,91.34,33.3,9,1938.22,3,0.6,15252.22,1
33,52960.27,17628.28,0.1517,12650.48,24,0,65.54,5.9,2,1680.64,4,3.0,27418.72,1
24,54915.35,0.0,0.7891,29483.93,60,0,74.35,0.3,8,2379.79,0,4.5,14853.16,1
69,41783.32,2288.08,0.4547,39072.94,12,1,79.07,6.5,9,1250.75,2,17.5,249.61,1
31,23540.21,10159.49,0.8204,20011.01,60,0,92.21,0.5,3,1344.32,1,5.0,1605.56,1
26,33949.06,10507.21,0.4389,33116.15,48,0,85.31,2.5,6,1805.01,0,3.2,7557.48,1
32,74885.98,5405.74,0.2227,27514.49,36,0,89.92,7.7,5,4013.74,3,2.7,8600.82,1
38,60094.62,20996.66,0.1776,5672.18,12,0,69.76,0.7,6,1995.62,4,4.8,18230.63,1
52,52422.45,15016.95,0.739,21109.28,36,0,69.49,1.7,9,2286.04,1,3.7,4483.53,1
19,44818.12,13282.44,0.5734,25011.99,48,0,75.22,1.1,3,1848.85,1,0.4,19756.54,1
44,64707.2,4950.76,0.4065,25977.15,24,1,60.75,10.2,8,3417.2,4,12.7,1736.5,1
19,38017.9,14643.64,0.4923,21782.07,36,0,93.23,0.8,7,1484.91,3,0.2,2159.07,1
52,61113.31,0.0,0.5486,21653.11,24,0,74.8,3.8,9,2623.58,2,13.5,3372.23,1
35,40374.91,13696.35,0.2446,20050.87,36,2,62.7,1.6,4,1791.42,0,9.9,2808.57,1
31,37046.81,15505.47,0.3806,21331.76,48,1,94.89,3.5,3,1384.75,3,3.7,15286.67,1
37,42250.25,16935.32,0.2966,7763.21,36,0,98.71,0.9,9,1104.05,2,6.8,4162.94,1
35,47491.85,2487.19,0.3907,17637.89,48,0,85.86,7.1,3,1971.28,4,10.1,1190.3,1
27,54023.4,16798.53,0.5006,5470.19,12,1,74.26,5.2,3,2238.85,3,4.7,7291.76,1
42,59709.12,6668.55,0.1799,15023.72,60,2,76.55,0.2,1,1574.03,0,10.9,1353.14,1
19,12000.0,8500.24,0.3956,14091.94,48,0,70.25,14.7,4,494.51,1,0.7,17346.68,1
42,38846.99,20743.45,0.3878,13453.37,36,0,88.45,11.2,7,1633.05,0,3.6,4040.12,1
50,47168.6,31112.91,0.2903,9479.92,12,1,74.24,1.8,8,1390.63,3,15.0,6818.16,1
53,85101.24,15410.87,0.9885,22692.77,48,0,61.3,1.7,2,2536.01,3,20.6,21526.0,1
48,33399.95,8463.24,0.0822,16819.3,36,0,61.85,3.5,7,1877.67,2,8.8,5132.26,1
31,58255.93,16509.36,0.6401,15795.74,48,0,84.59,4.8,9,1826.1,0,3.9,1012.56,1
18,84900.61,22512.23,0.1809,5924.26,48,1,71.62,1.7,4,3005.82,3,0.0,20050.45,1
63,28740.63,19967.98,0.8327,17021.39,24,0,66.74,7.9,9,1003.69,0,15.2,1477.47,0
33,62879.5,36696.87,0.9059,31455.33,36,0,82.09,0.4,4,2950.26,3,6.0,13934.84,0
63,38954.56,9277.3,0.4034,31608.06,60,0,71.14,2.5,1,1807.44,2,26.3,5819.96,1
69,44907.33,17017.85,0.817,23735.13,48,0,62.93,4.1,6,2488.95,1,18.4,14711.63,1
20,38937.78,27391.34,0.2549,17048.46,12,0,67.74,8.0,4,1496.23,3,0.2,1091.53,1
52,40362.85,26889.27,0.1473,25589.83,36,0,91.12,10.3,5,2058.6,2,5.6,13586.5,1
58,108025.5475,0.0,0.3196,13326.46,60,0,94.08,1.4,8,4112.78,3,18.2,9367.0,1
23,71889.12,14973.14,0.3448,17007.48,36,0,94.89,1.4,2,2372.45,0,3.8,2549.18,1
42,77034.76,26876.17,0.3994,12574.78,60,0,81.39,2.3,9,4214.51,1,7.2,5690.0,1
30,64839.87,36696.87,0.3755,29083.66,60,1,98.04,2.8,3,2666.35,1,1.4,19590.75,1
51,22874.86,20630.37,0.4129,27800.06,48,0,66.07,9.4,3,869.63,4,22.1,7742.54,1
25,62899.16,12057.09,0.7058,19653.18,24,0,87.13,0.0,6,3471.26,4,4.5,1432.47,1
38,76458.59,6926.37,0.2507,37312.52,36,1,88.17,5.8,5,4305.66,4,14.2,14096.25,1
51,37932.01,32749.95,0.0282,24125.15,12,0,62.13,1.2,6,1519.09,0,14.1,1321.14,1
21,74306.53,20829.93,0.4899,23562.28,12,1,71.3,10.7,5,1906.4,0,0.5,4339.14,1
42,69086.72,8215.46,0.4493,22491.2,24,0,97.96,1.9,8,1801.93,0,4.9,1107.88,1
32,92040.8,13374.75,0.0689,7377.13,12,0,90.36,3.9,9,4169.55,4,10.8,5047.76,1
21,46644.34,17481.49,0.1411,11057.2,36,1,62.19,2.0,2,2490.84,3,2.1,19411.6,1
62,33047.78,19350.45,0.5097,19453.62,12,2,81.63,2.8,9,1790.35,3,23.1,15058.23,0
29,47767.44,7803.05,0.2401,19536.17,36,1,85.94,3.7,8,2629.04,1,1.5,24066.71,1
49,83711.42,10086.48,0.87,25897.63,60,0,98.92,6.9,1,4346.06,0,4.5,7764.09,1
49,18431.88,1776.52,0.1798,13321.33,48,1,88.66,0.6,8,996.7,0,7.1,10653.7,1
45,13632.49,23318.1,0.0297,20706.87,24,0,85.55,2.2,7,723.27,3,15.2,10005.85,1
30,56787.91,12267.05,0.4486,20885.6,24,0,96.34,5.1,1,3010.11,2,9.4,511.03,1
48,46148.21,18730.57,0.9764,21281.95,12,3,86.44,4.4,3,1657.44,4,15.2,9318.52,0
31,55154.56,26378.07,0.6312,20164.15,36,1,97.28,7.6,6,2102.68,2,8.9,6368.16,1
37,73906.24,16758.96,0.3569,5961.6,48,0,79.71,11.0,1,2628.73,1,12.1,4469.18,1
35,43948.61,14096.24,0.0265,2000.0,12,0,88.74,0.5,5,1325.16,3,4.8,1733.58,1
46,17539.88,16551.37,0.4852,10582.36,48,1,85.27,6.3,6,632.64,3,14.2,1337.58,1
23,95889.63,15505.55,0.2123,14688.77,36,0,82.1,1.7,2,4929.34625,1,3.0,7076.65,1
49,35055.43,24969.32,0.6448,8215.48,12,0,72.96,3.3,7,2011.11,1,10.1,1829.67,1
46,33819.26,17486.71,0.5813,19443.26,12,0,96.15,4.9,7,1015.12,0,14.8,13832.58,1
60,77074.4,10644.79,0.2699,30901.07,48,0,70.8,0.8,6,3627.69,2,8.0,14813.62,1
19,47310.22,23382.79,0.0775,27260.33,12,0,66.38,2.1,6,2707.65,1,0.7,3400.37,1
40,53732.2,24843.87,0.7499,24663.33,48,0,88.48,18.7,6,1713.47,0,7.0,9607.44,1
36,64655.8,4293.35,0.5838,29853.11,36,0,81.86,0.7,9,3426.85,1,5.6,644.66,1
48,76671.66,27262.27,0.8353,10753.77,48,0,70.51,0.4,9,2674.52,3,18.3,23787.13,1
68,48330.79,17917.69,0.2646,15432.04,36,0,94.81,9.1,2,1869.33,2,32.5,9845.61,1
22,85399.04,17266.16,0.6498,26148.47,36,0,71.45,2.8,9,4743.21,0,2.4,4387.24,1
36,12284.0,23053.0,0.1263,15254.7,60,0,62.55,5.6,2,330.89,3,6.0,8026.07,1
51,70195.74,10464.19,0.296,15801.74,48,0,60.61,1.8,3,2804.39,2,24.6,4302.45,1
27,38209.45,22633.32,0.6534,38624.19,24,0,96.91,1.1,9,1599.34,2,4.6,844.49,1
42,82445.43,11985.8,0.8191,20954.42,60,0,76.09,1.2,3,4537.09,4,8.4,3041.04,1
19,57840.89,3200.39,0.3245,37636.26,60,0,68.54,1.1,4,2552.29,0,0.3,104.2,1
28,41541.89,7017.95,0.7929,2000.0,48,0,82.68,1.4,5,2347.23,1,1.6,14807.2,1
67,68256.82,19536.17,0.6742,13691.34,60,0,79.52,1.3,1,2429.67,0,10.6,30802.3475,1
48,72863.77,7436.25,0.3517,24088.17,60,0,99.99,8.4,2,3020.57,2,16.7,3655.91,1
32,67837.88,27880.61,0.8689,20937.33,12,0,95.54,3.8,6,1747.31,1,4.5,12627.36,1
26,34406.08,24514.27,0.509,2000.0,36,1,70.84,1.8,2,1994.16,3,2.2,7414.34,1
40,45319.66,25667.51,0.6453,17704.21,24,0,87.91,2.1,2,1485.4,2,2.3,214.77,1
36,54918.54,15998.23,0.4957,44730.18,48,1,75.49,15.8,4,3073.27,3,12.4,30802.3475,1
26,54174.81,17062.89,0.4537,22469.13,12,0,74.58,1.0,7,2077.11,4,2.3,30802.3475,1
52,69994.91,5450.31,0.841,26044.36,24,1,74.68,10.9,1,2135.32,0,10.7,22047.21,1
38,14701.98,22966.27,0.2988,13560.57,24,0,85.57,6.7,6,573.31,1,15.9,3782.71,1
26,61686.54,18038.67,0.0459,22432.84,12,1,81.52,4.8,2,2208.39,2,3.5,1437.78,1
45,49200.37,19538.45,0.8722,19876.72,48,0,90.2,4.9,6,2790.99,4,12.8,3780.03,1
63,38229.99,28506.49,0.8185,31188.14,36,0,66.12,2.7,4,1938.46,2,6.4,13354.15,0
68,40150.26,10152.3,0.3692,30870.01,12,1,77.02,2.9,7,1281.38,0,22.8,6499.28,1
24,50709.25,13990.87,0.1917,24075.16,60,0,94.41,8.0,9,2180.68,2,2.4,24883.04,1
33,12000.0,17613.37,0.672,20709.66,24,0,60.13,8.3,1,567.97,0,10.6,196.72,0
33,40974.21,7516.52,0.0872,3208.92,60,0,84.94,4.2,6,1815.61,1,7.0,30802.3475,1
50,37483.7,13499.21,0.4253,2860.45,48,0,91.43,7.3,3,2082.47,4,22.7,30802.3475,1
21,65655.66,18943.6,0.0941,20819.11,36,1,75.35,8.3,7,1888.66,4,1.9,15340.56,1
21,38889.47,12396.63,0.596,28746.34,36,0,95.34,2.0,6,1024.66,1,0.3,7078.18,1
56,50697.72,25471.92,0.0367,33317.46,36,0,89.43,4.9,2,2301.56,1,29.7,4435.49,1
57,85845.53,2912.6,0.6267,11102.61,60,0,84.24,2.9,5,4278.88,4,5.9,30802.3475,1
34,74887.03,23982.17,0.6697,4907.61,48,0,67.93,0.5,7,3892.8,0,2.0,11682.49,1
54,73045.43,20289.48,0.4874,29329.59,60,0,86.8,5.2,4,2340.2,3,11.4,14456.13,1
56,45002.55,10449.37,0.1815,11853.08,24,1,93.35,4.4,4,1410.26,4,15.1,16515.12,1
69,65860.65,7604.73,0.1094,4229.32,36,0,89.2,0.5,2,3487.49,2,13.1,19696.42,1
46,50322.04,0.0,0.317,15063.22,48,0,82.99,0.4,8,1824.23,1,12.5,6960.6,1
69,51078.14,8638.6,0.4659,14889.01,60,0,88.58,1.4,3,2400.11,2,39.7,30802.3475,1
53,63193.71,23377.41,0.6394,33201.71,60,0,99.08,9.0,8,1897.52,1,17.1,3497.06,1
55,43060.13,14551.31,0.0112,28656.34,60,1,60.43,0.3,8,2226.2,2,6.6,15640.62,1
56,84860.06,24303.85,0.7068,12626.13,60,0,86.56,3.1,1,4839.52,1,28.1,1358.81,1
67,51797.4,10041.03,0.7085,33979.54,60,1,91.72,1.0,8,2972.57,2,8.7,4594.46,1
54,67367.21,20656.85,0.4456,21250.26,24,0,85.56,1.5,2,2849.66,2,15.1,5872.64,1
69,84112.01,9260.01,0.3465,30608.36,36,0,70.92,7.3,6,2773.72,2,21.6,8075.87,1
52,75633.08,7275.4,0.8355,33271.79,60,0,92.91,9.5,1,2246.32,4,20.7,784.25,1
24,26821.62,14142.98,0.7789,17374.07,24,0,96.53,4.3,4,890.24,0,3.5,5033.77,1
44,63897.92,9680.27,0.9736,25713.2,48,0,87.34,9.9,7,2921.48,3,13.8,3737.32,1
45,72014.39,2657.42,0.3745,15932.42,48,1,80.44,9.7,7,2846.67,2,14.7,6197.55,1
39,72837.26,13541.48,0.8987,29301.02,24,0,74.65,1.3,6,2980.03,2,13.3,13088.29,1
31,32734.1,15851.48,0.0957,20902.75,24,0,73.2,5.2,5,1335.86,2,2.9,1640.43,1
24,41859.3,25146.87,0.4132,29603.22,24,0,88.93,7.5,4,2153.59,0,4.7,11473.4,1
54,74891.16,22494.45,0.4661,35247.57,48,0,84.28,4.1,7,3947.63,2,17.3,4415.91,1
39,39764.79,24759.55,0.4421,25472.32,60,1,66.27,8.2,5,1012.61,4,12.7,3658.7,0
22,49006.08,20762.86,0.6226,19065.4,36,1,65.64,5.0,7,2725.1,4,2.0,5145.97,1
19,86517.52,17660.9,0.1768,19231.72,60,1,62.84,1.7,1,3283.13,2,0.7,19378.46,1
44,54044.01,5168.44,0.8591,2000.0,12,0,87.34,5.8,7,1784.92,0,13.3,697.04,1
38,54915.35,16198.98,0.5507,12872.06,24,0,72.57,4.4,2,2355.06,0,3.3,8543.98,1
55,37447.65,19774.35,0.8961,29325.74,60,0,60.81,4.9,1,1089.14,4,26.3,13274.23,0
32,61654.39,26659.5,0.0126,29698.81,36,0,73.51,0.5,9,2201.16,1,2.4,9786.56,1
38,54915.35,20490.31,0.6274,12654.32,60,0,93.28,0.7,4,1565.24,2,9.3,7665.34,1
27,50053.28,24923.07,0.4142,21645.75,12,0,69.91,8.4,4,2044.9,1,2.2,9733.02,1
40,61664.61,6744.02,0.505,18107.34,12,0,85.34,2.8,4,3444.6,0,4.1,4371.5,1
56,80983.0,12388.66,0.7389,26896.02,60,0,77.59,1.2,2,2676.53,0,7.1,5529.38,1
22,68350.96,18434.81,0.2326,42086.15,36,0,81.96,0.5,3,2637.02,1,2.8,4910.26,1
18,40718.7,24287.62,0.2108,27084.69,60,0,83.83,1.5,3,1088.08,1,0.0,8675.05,1
30,78568.39,13838.17,0.6989,13298.23,24,0,78.19,1.7,1,3153.91,3,4.2,21602.01,1
38,49009.7,14340.43,0.5209,19215.8,36,0,62.31,20.4,8,1226.05,0,11.6,6400.36,1
43,30285.94,20497.12,0.239,34019.28,48,1,82.71,9.0,8,1077.05,2,17.1,5194.33,1
67,51559.17,5993.03,0.4843,5913.23,36,0,75.9,0.4,3,2518.0,4,33.0,11319.71,1
62,83763.38,27859.24,0.4604,13849.42,60,0,68.0,6.9,7,4115.99,1,24.3,2208.49,1
38,58304.8,7966.91,0.6876,27099.64,60,0,95.86,4.1,8,2289.02,0,12.0,22288.02,1
35,55250.44,0.0,0.0126,32943.31,48,0,89.44,1.3,5,1405.13,3,9.0,14143.35,1
54,87744.23,15080.54,0.585,26089.68,12,1,71.36,6.9,3,2576.75,2,24.6,4304.89,1
62,26372.9,28587.67,0.6036,13933.05,60,0,81.56,0.2,5,872.12,1,15.0,2336.43,1
49,29288.02,19691.63,0.7406,25365.35,12,1,98.52,6.6,1,748.27,0,8.3,10204.63,1
53,22683.07,21008.72,0.8814,24142.93,12,1,69.82,11.3,5,731.17,4,8.3,30802.3475,0
34,62452.96,15331.09,0.4414,23508.22,24,0,97.9,10.7,7,2651.34,0,8.4,20759.05,1
52,58329.86,13780.98,0.3457,19029.26,12,0,87.33,7.4,1,1702.69,4,9.0,803.62,1
66,85854.73,2640.73,0.1103,20529.94,36,0,81.63,13.6,8,4625.52,4,9.2,3253.2,1
28,59869.5,0.0,0.3401,10925.0,12,1,99.33,6.1,7,1616.44,3,7.8,11626.43,1
38,46916.86,16570.18,0.0771,44802.04,24,0,73.35,5.8,5,2386.29,0,7.3,7824.23,1
69,55035.9,25500.39,0.7968,21569.99,60,0,71.13,0.1,1,2194.63,0,37.0,2164.99,1
43,57354.15,17753.07,0.8009,25485.12,60,0,73.58,1.0,9,2605.5,3,14.8,20103.77,1
21,21564.77,19988.8,0.4189,17820.89,48,0,90.03,7.6,8,886.65,1,1.0,30802.3475,1
51,108025.5475,27669.74,0.2644,28453.1,12,1,73.48,30.0,5,4288.89,3,6.6,4908.4,1
69,65397.42,17630.13,0.1257,7015.67,36,0,64.11,6.4,9,3118.01,2,35.1,9005.45,1
65,59200.17,14018.76,0.8442,2543.94,48,0,85.77,4.3,3,1928.2,2,34.0,4371.73,1
35,67303.28,8451.8,0.8699,19695.28,48,0,68.92,1.0,6,2774.62,3,3.9,2314.08,1
57,69188.22,31177.7,0.271,40540.55,24,0,60.17,14.8,6,3591.71,3,21.1,22842.13,1
52,52188.93,19212.38,0.6193,32083.21,60,0,67.97,5.2,9,1574.61,4,16.8,5474.89,1
58,42375.18,7451.19,0.2635,11915.54,12,0,92.77,3.4,8,1190.36,1,30.0,278.67,1
46,66989.01,5630.66,0.2306,25160.87,12,0,97.61,9.9,5,3022.57,1,15.5,3900.61,1
69,62714.22,25024.51,0.0308,13640.11,60,0,86.48,15.3,8,3582.19,2,14.8,5046.39,1
46,38802.2,6700.47,0.5756,24264.17,24,1,72.42,2.3,3,1525.2,3,16.8,1861.6,1
55,83380.71,29830.67,0.1569,25043.94,24,0,77.46,3.6,8,4348.66,2,17.4,13287.0,1
59,60867.04,0.0,0.0221,29264.79,24,0,67.78,0.6,3,2475.74,3,14.1,1947.87,1
38,69596.39,26380.76,0.1128,4343.36,36,0,95.23,16.1,7,2284.28,0,10.5,20175.1,1
59,82838.42,18895.16,0.3175,7344.12,12,0,86.62,0.6,3,3410.37,4,31.7,9346.54,1
30,55437.78,15948.76,0.6658,19244.29,24,0,63.38,13.2,7,2202.52,2,8.1,15711.24,1
66,61339.04,13596.33,0.2086,9675.77,24,0,74.68,1.1,1,2049.49,3,29.7,11434.09,1
58,71200.54,30125.84,0.8798,8902.78,60,0,81.52,12.0,9,2618.12,0,6.1,14389.71,1
34,40502.78,20656.47,0.2927,22718.57,48,1,91.89,3.0,3,1541.93,4,3.0,5398.42,1
26,56081.03,7774.37,0.3346,10839.64,48,1,96.82,4.5,1,3008.36,4,4.2,8995.77,1
58,57510.97,1248.72,0.2236,42576.57,48,0,65.31,0.2,9,2027.23,4,4.9,4804.97,1
18,35878.83,16418.38,0.2587,14668.34,12,0,93.38,2.5,9,2003.42,2,0.0,12727.88,1
19,101352.74,14991.43,0.0827,17297.68,36,0,62.63,3.4,7,2579.41,4,0.3,3718.65,1
65,26854.13,2841.06,0.2989,22975.41,12,0,69.62,0.0,6,786.28,0,10.0,4076.75,1
46,29037.92,14556.85,0.8524,4920.45,60,1,60.84,5.4,2,752.16,0,3.7,17589.8,0
50,81284.53,10408.52,0.6847,25085.05,24,0,62.55,9.1,7,4112.12,2,7.9,1986.31,1
27,69265.33,15074.32,0.8678,23414.68,12,0,61.3,0.1,5,2019.2,2,5.3,5091.78,1
67,34480.7,20807.39,0.1128,16506.94,48,0,65.84,3.4,7,1521.84,2,20.3,8515.68,1
57,67145.78,26940.88,0.4565,22739.27,36,1,95.06,0.2,6,3419.7,0,4.8,1432.97,1
38,84357.01,22271.11,0.2347,24282.83,60,0,71.35,10.3,7,3484.96,1,3.0,9487.66,1
45,54394.74,9228.47,0.7168,34351.91,24,0,79.19,0.9,7,1537.44,4,13.7,4680.94,1
28,106976.46,17951.32,0.9608,45002.61,36,1,79.48,0.3,4,4929.34625,2,6.9,2410.81,1
51,20518.76,15504.86,0.8091,9384.99,12,0,99.81,9.7,8,654.02,4,17.1,587.69,1
25,68876.47,4342.97,0.0446,7026.53,12,0,74.59,2.9,1,1938.71,1,2.6,8284.89,1
39,78330.57,18185.86,0.3203,21027.5,36,2,70.6,0.5,1,3962.31,3,8.5,30802.3475,1
25,72826.88,29853.38,0.038,2000.0,36,0,98.53,5.2,2,1888.41,2,2.7,14837.63,1
66,50912.89,15259.41,0.0494,26494.15,24,0,83.7,6.1,8,2321.26,0,34.9,5044.6,1
32,49191.17,2246.54,0.0879,21130.81,48,0,71.58,4.2,8,1919.08,4,2.9,2102.43,1
34,63882.9,15242.15,0.2808,23672.87,36,1,71.5,2.0,7,2522.1,3,5.9,13891.54,1
40,71315.09,5290.3,0.3081,16964.28,24,0,63.45,2.8,4,3695.15,1,6.9,19930.06,1
41,67049.47,21908.84,0.4024,22550.16,36,0,82.27,15.5,2,1780.6,1,11.8,4233.48,1
62,75801.16,19198.92,0.4068,24722.4,36,0,88.95,3.8,2,3768.95,0,25.7,641.97,1
36,34622.6,13632.72,0.766,22000.23,48,0,78.99,2.5,6,1679.76,0,8.3,9655.68,1
22,50444.58,12350.69,0.1486,6549.01,24,0,95.38,6.2,9,2756.5,4,3.2,961.75,1
49,36199.68,13302.13,0.1646,21720.06,12,0,79.36,0.4,5,1601.42,0,8.6,1906.38,1
61,47277.74,15066.2,0.6241,38539.65,24,0,73.85,1.7,7,1434.24,0,4.9,44.08,1
18,75304.42,8822.12,0.5703,22408.92,24,0,70.03,1.3,3,1999.3,1,0.0,3023.15,1
40,57159.68,3897.98,0.1609,21370.56,24,1,69.73,5.7,6,2271.17,0,6.0,14346.17,1
54,107137.18,24109.59,0.8452,35600.38,48,1,72.66,4.6,9,4929.34625,1,28.1,17188.61,1
25,58868.13,11916.79,0.3325,12543.84,48,0,99.68,7.1,4,1554.72,2,4.6,29592.72,1
30,56193.84,16336.34,0.3696,28896.78,60,1,74.43,2.8,4,1869.84,1,6.5,17303.84,1
25,57123.66,17282.26,0.4221,14698.43,12,1,80.98,1.0,4,2895.76,0,4.2,2373.5,1
40,42243.83,17576.16,0.3262,30865.83,48,0,70.99,1.0,3,1380.56,1,14.5,7412.74,1
60,53843.27,5609.46,0.5563,27980.48,48,1,65.74,11.1,9,2030.11,1,24.3,8839.4,1
18,77555.76,1593.28,0.3909,15877.21,24,0,85.83,3.4,5,3869.81,1,0.0,1363.98,1
62,57279.41,10290.46,0.2642,17340.39,24,0,81.81,4.5,4,2253.8,3,20.0,5717.12,1
68,39130.81,18165.69,0.8964,29778.12,36,1,62.71,1.3,3,1984.39,2,16.0,3643.16,0
41,36498.31,9176.4,0.3122,2000.0,36,0,95.31,1.2,5,1241.22,3,13.6,13977.24,1
52,45995.96,12160.63,0.6945,15580.71,36,0,80.31,0.5,5,2618.81,2,3.6,830.39,1
41,56477.27,32018.38,0.3503,26204.17,48,0,73.41,19.4,6,1588.53,3,8.5,3227.41,1
34,78871.73,236.61,0.4365,16918.93,36,1,91.17,0.3,5,3947.42,0,3.4,1094.61,1
22,28190.23,8959.73,0.2412,21348.63,12,1,64.48,0.8,8,774.47,1,3.1,6218.31,1
37,48603.47,30172.83,0.7473,2000.0,36,0,78.95,2.3,2,2584.28,3,11.5,2093.38,1
38,57886.2,14643.21,0.7325,11455.22,60,0,81.95,3.0,5,1710.54,1,9.0,1108.94,1
57,18325.88,9352.12,0.0318,26794.53,60,0,91.0,15.1,2,816.4,4,10.5,10742.04,1
48,38328.03,24350.15,0.069,12489.93,24,0,74.81,1.4,3,1384.37,0,3.4,18650.84,1
63,41402.23,15441.84,0.9139,6975.4,48,0,94.2,6.4,5,1869.62,1,28.3,2250.23,1
53,39080.59,12213.53,0.8811,30616.09,60,0,87.91,5.3,4,1039.31,1,15.7,1302.91,1
28,58837.79,16538.95,0.506,25156.84,12,0,90.84,3.6,7,3199.5,2,1.6,10798.29,1
69,51788.81,9735.13,0.4935,9114.67,24,1,98.76,1.5,9,2527.65,0,25.6,442.38,1
32,43894.28,6860.07,0.8062,21385.04,60,0,93.79,0.9,1,1603.13,4,1.8,2722.5,1
36,63559.25,14091.22,0.1457,9440.52,36,0,73.87,1.0,6,2585.88,3,7.3,3637.94,1
24,89461.49,6912.02,0.6506,18475.41,60,0,85.83,2.1,5,4103.93,0,2.4,25205.42,1
68,87785.13,15085.55,0.4765,21759.88,60,1,94.74,0.7,2,4002.43,2,35.2,4324.42,1
45,16544.56,17835.25,0.7385,11915.04,24,0,81.0,32.8,4,766.42,1,21.4,7604.47,1
68,66541.44,21824.48,0.0395,27423.33,48,0,87.31,3.0,2,2007.17,1,10.0,14828.04,1
60,51439.53,24023.4,0.5909,28973.52,36,0,66.89,3.9,9,2646.02,1,24.8,18656.73,1
22,58103.11,11754.11,0.5556,22635.66,36,0,92.64,4.8,7,2342.96,1,2.8,1004.4,1
22,47034.34,18995.32,0.834,24139.82,36,0,90.3,1.1,4,2430.47,2,1.6,14031.22,1
47,57351.77,18940.19,0.6733,5471.71,36,0,95.56,3.3,5,3208.83,2,9.5,14013.17,1
49,58028.15,17622.55,0.8726,33621.87,48,1,88.41,0.3,5,1650.46,3,3.5,21061.77,1
25,43420.96,11164.32,0.8795,19086.75,36,0,95.08,17.4,6,1600.84,3,3.5,14507.88,1
27,37072.65,6775.46,0.41,10647.44,48,0,66.49,3.2,1,1582.96,4,2.0,1385.01,1
55,46026.09,19016.02,0.1447,21458.36,24,0,92.55,0.2,7,1357.64,0,5.6,3577.53,1
64,59685.19,1345.1,0.6277,27454.7,12,0,98.12,4.6,3,2007.71,0,4.7,5505.73,1
49,66979.93,12857.28,0.8663,25123.5,48,0,92.62,0.5,8,1784.32,4,24.0,1201.85,1
65,72066.98,0.0,0.0835,9153.1,36,1,84.61,7.8,1,3438.41,2,32.9,1286.64,1
45,45116.2,4308.78,0.5568,27576.38,24,0,97.06,15.3,5,1874.42,0,20.9,15538.32,1
34,60676.89,7982.93,0.1227,19393.41,24,0,63.78,12.4,9,1580.16,0,12.1,1866.99,1
48,74250.05,23773.79,0.0365,25012.04,60,1,60.67,2.8,1,2607.78,3,16.1,23547.98,1
25,78311.9,20504.86,0.676,11984.48,60,2,98.61,6.2,1,3023.18,4,3.7,2389.46,1
57,53823.34,10568.52,0.6782,30459.12,12,1,87.32,0.8,8,1960.19,4,27.0,6749.81,1
42,50581.37,20834.96,0.5986,21827.16,12,0,64.57,0.4,5,1295.32,3,18.3,2378.33,1
26,58822.48,22100.98,0.852,31888.23,60,0,73.6,8.6,5,2034.7,1,4.1,28326.54,1
19,32005.85,13714.68,0.0893,4651.32,60,1,89.95,5.9,6,886.72,0,0.2,7812.31,1
32,51127.81,3924.97,0.1132,5985.81,24,0,90.02,11.9,7,1288.06,2,2.7,8200.74,1
67,69891.73,13336.7,0.8572,17599.72,48,2,66.8,12.3,9,2570.21,4,27.5,20492.66,1
20,54915.35,14216.86,0.5032,34676.25,60,0,78.81,2.1,2,2569.9,2,0.3,1621.57,1
66,49594.65,5140.36,0.2776,39628.11,36,1,92.29,1.9,6,2751.64,1,25.4,908.05,1
53,59354.36,17936.37,0.7334,11115.74,48,0,98.67,2.9,9,1737.69,0,27.1,30802.3475,1
21,38506.99,17238.49,0.8865,20530.47,48,0,84.9,5.5,1,1861.7,1,0.3,25074.97,1
31,69069.84,18560.34,0.6858,21551.52,36,0,85.53,0.0,6,2333.55,2,3.0,2913.22,1
58,53443.57,17231.38,0.7861,27181.58,36,0,78.77,3.8,7,2222.49,4,30.4,8969.15,1
58,49480.97,20838.74,0.2868,28849.63,36,0,81.56,0.1,5,1947.5,1,17.7,11824.24,1
42,47765.52,13565.38,0.293,8856.02,24,1,63.96,3.0,3,1964.79,3,7.2,26132.75,1
67,53742.12,16614.28,0.8568,20645.93,60,0,73.98,0.4,7,2709.69,1,13.4,2359.87,1
27,46042.45,11818.08,0.6126,2000.0,60,0,80.29,4.1,1,1179.39,3,6.3,15519.37,1
38,68162.86,10324.01,0.2395,28107.91,24,0,71.0,1.9,7,2451.98,2,8.0,1967.19,1
53,47094.33,25706.0,0.5237,16613.8,48,0,74.39,3.3,1,1711.55,3,19.1,8196.91,1
29,86859.28,0.0,0.6821,7946.18,24,0,98.85,15.8,6,2445.79,1,3.5,2237.11,1
44,84304.21,22014.08,0.2242,23325.47,60,0,60.21,2.1,1,2137.63,3,12.5,3534.48,1
57,37169.13,10035.67,0.6518,16301.31,12,0,72.11,6.4,7,1820.07,3,25.6,7587.7,1
19,56394.09,8999.69,0.0513,32614.61,24,0,83.36,5.7,4,3069.21,2,0.3,3849.39,1
30,41986.87,17092.62,0.3076,11074.18,12,0,71.16,10.2,5,1484.87,0,4.5,30802.3475,1
49,48467.05,3083.12,0.6705,42229.55,12,0,87.06,2.0,1,2266.69,0,12.7,10345.56,1
48,95048.55,8471.82,0.1564,28545.56,36,1,71.97,0.3,8,4929.34625,2,15.6,18100.59,1
33,48848.57,8206.88,0.2278,32876.94,36,0,85.53,17.6,4,1488.64,2,4.7,2191.26,1
49,62204.52,13228.81,0.8715,9711.64,36,0,93.99,2.2,5,2128.77,1,12.8,1395.16,1
49,65826.43,8566.9,0.6708,37884.59,12,1,86.35,1.1,1,3440.65,3,15.0,3288.41,1
51,34987.41,27808.95,0.4989,7874.53,60,0,62.0,12.3,1,878.5,4,11.5,16845.23,1
28,37898.09,29376.13,0.2167,17901.88,36,1,91.81,1.1,7,1696.17,1,1.0,2211.77,1
27,30879.55,0.0,0.3446,33046.57,36,1,68.51,3.8,6,1264.03,2,2.6,2818.49,1
32,37280.59,19354.58,0.5728,25067.69,48,0,85.39,7.0,6,1827.64,2,9.4,13590.99,1
34,12000.0,21869.31,0.1622,7608.38,12,0,85.87,6.6,7,511.59,2,4.8,16139.84,1
57,65891.65,19343.88,0.4821,31354.1,12,0,92.15,0.1,5,2780.99,4,26.3,7928.86,1
35,96083.88,9735.09,0.4108,23399.54,36,1,80.23,1.1,4,4677.15,4,6.6,1556.81,1
26,57956.41,13047.24,0.4772,15838.0,48,0,75.04,11.0,9,2511.41,0,5.7,18002.11,1
42,26674.62,9013.8,0.1134,4579.91,48,0,80.72,4.0,9,1543.71,1,8.7,8725.32,1
57,42144.47,11637.89,0.1144,24347.51,24,0,81.83,5.8,3,2034.15,2,11.9,26910.28,1
31,45822.46,5320.28,0.9548,18365.72,24,0,92.86,2.6,1,2377.96,4,3.5,2313.18,1
42,34648.3,14081.69,0.9698,21563.09,36,1,68.2,6.8,4,1354.22,3,7.5,1580.1,0
67,54915.35,2977.59,0.4276,4147.99,12,1,93.87,1.7,4,4110.85,3,11.7,2558.27,1
39,71205.2,13398.92,0.7832,15813.43,48,0,74.63,1.3,1,2844.51,2,13.1,2109.3,1
69,31890.96,5011.35,0.6527,24803.05,48,0,89.75,29.2,9,1165.22,0,40.2,16375.44,1
47,69501.62,16654.53,0.1246,38764.65,48,0,73.43,0.9,2,3913.71,4,11.0,1000.75,1
37,85536.25,9564.64,0.3007,17947.18,12,0,88.36,19.9,7,3213.5,4,6.3,16699.22,1
38,93051.16,17324.64,0.3174,34432.99,24,0,91.97,13.1,7,3460.28,3,10.9,10378.5,1
61,108025.5475,23652.65,0.5939,27873.48,36,1,82.32,6.3,8,4890.36,0,17.3,24881.49,1
49,36960.15,27715.58,0.5784,22337.85,24,0,84.78,4.4,1,1970.53,1,4.1,6280.05,1
68,108025.5475,0.0,0.915,9876.58,48,0,88.31,0.0,3,4013.85,2,17.1,3146.14,1
63,47915.87,8326.45,0.7842,10295.21,48,0,87.54,5.0,6,2522.78,2,29.7,23245.18,1
66,43150.69,12575.31,0.8497,26175.41,12,0,89.1,7.4,1,1313.18,4,7.1,72.28,1
38,61541.45,18682.62,0.8834,14735.04,12,0,93.99,6.6,7,1892.57,1,5.6,25016.4,1
52,43358.77,1797.16,0.7953,13846.37,12,2,68.82,0.9,6,1735.7,3,26.6,9801.72,0
49,62980.88,7143.26,0.3362,18193.9,36,0,68.59,3.9,1,2127.29,0,9.2,1762.87,1
47,28598.46,16042.86,0.2207,18361.69,60,0,98.83,4.0,9,1176.7,3,20.2,3468.49,1
56,50224.95,15679.11,0.5703,29007.68,60,0,94.05,5.3,1,1276.51,1,27.7,8918.12,1
66,80711.64,18020.95,0.6858,14945.02,36,0,83.67,8.9,5,2762.3,1,27.7,1021.2,1
29,53858.77,18549.41,0.3888,28012.4,36,1,60.33,6.0,1,3047.58,4,4.8,591.24,1
58,57831.92,17708.76,0.8414,24397.05,36,0,94.19,0.8,4,3140.79,1,30.8,7316.27,1
64,64505.17,16549.24,0.9514,3260.04,24,2,90.06,0.1,5,1674.37,0,35.6,340.84,1
35,78413.23,15445.92,0.568,22945.08,36,0,98.26,0.7,1,4062.68,3,9.3,14740.06,1
38,21895.51,20318.1,0.4575,2000.0,24,0,60.53,0.2,1,871.35,1,12.4,11935.66,1
30,66690.48,0.0,0.836,11047.77,12,2,61.14,2.9,7,3483.12,3,8.6,26244.55,1
38,49637.22,27354.67,0.0338,24630.77,48,0,80.7,1.7,6,1704.38,4,3.5,17468.72,1
25,58332.76,0.0,0.1364,19893.57,60,0,94.24,0.0,2,2528.15,4,3.5,656.53,1
63,76199.0,6366.71,0.8387,2321.08,48,0,99.65,0.4,6,4409.7,4,31.7,2255.96,1
57,31116.27,13185.91,0.7274,8808.38,60,0,72.8,2.5,4,1116.89,3,28.8,2238.2,1
63,34747.11,20380.9,0.4178,2000.0,12,1,61.45,14.0,9,1893.39,0,36.0,5837.85,1
24,16291.4,0.0,0.8811,6574.37,60,0,67.82,26.3,6,883.67,2,3.7,7910.13,1
40,44016.82,14775.01,0.3544,25790.63,12,0,95.08,0.3,7,1326.44,4,5.4,6213.8,1
61,81608.65,21339.16,0.6312,14425.67,48,1,78.66,8.9,5,2702.73,2,23.4,2576.13,1
49,52588.26,22956.14,0.6316,21699.46,24,0,94.13,3.3,8,1539.04,0,24.6,24661.88,1
28,28197.5,9421.36,0.1906,20136.44,60,0,77.76,4.9,6,975.66,2,5.1,376.53,1
39,45286.43,12593.32,0.2892,20325.83,36,0,62.14,3.5,8,1922.92,1,7.8,306.35,1
39,25242.77,10070.81,0.9077,30231.32,24,0,84.7,12.9,1,1411.98,2,6.1,14231.45,1
60,32496.28,11858.6,0.1897,17970.89,24,0,77.43,3.3,3,1241.99,3,14.5,3353.04,1
42,62776.38,6745.39,0.1801,29106.68,12,0,79.65,0.9,7,3636.62,3,14.8,13613.87,1
39,31522.53,7885.98,0.48,2000.0,48,0,97.96,7.6,8,1207.56,3,5.2,3554.92,1
45,77252.69,18475.02,0.1004,31114.26,36,0,78.28,3.6,4,3448.12,3,14.8,8345.78,1
46,53577.59,16052.92,0.8867,7099.22,48,0,91.86,0.6,6,3062.44,4,15.1,20060.47,1
30,56711.89,18932.69,0.1081,9270.6,48,0,62.36,3.1,4,2555.04,1,3.4,2077.06,1
35,49432.54,16712.12,0.6142,12953.83,24,0,79.16,5.8,2,1873.33,0,7.7,12631.96,1
19,70456.96,20634.71,0.343,30838.55,36,0,83.47,1.8,2,2995.66,1,0.7,16682.1,1
46,70663.2,22025.71,0.7982,11107.0,60,1,64.53,12.2,1,3047.38,2,18.4,30802.3475,1
38,61701.09,1066.27,0.588,13441.11,36,1,72.09,9.5,1,1758.59,2,10.2,2117.47,1
32,66295.78,8165.52,0.3905,10383.12,12,1,89.58,4.2,5,2551.61,3,7.9,6953.9,1
69,50758.21,13148.99,0.9742,22553.95,24,0,67.36,0.3,2,2159.51,3,6.4,3480.71,1
44,65844.06,14818.58,0.0749,27436.08,36,1,65.14,4.4,5,3356.42,3,4.2,5720.9,1
67,48242.44,9639.28,0.5762,37043.25,12,0,71.97,2.7,8,1215.77,3,17.8,688.33,1
48,55044.63,22296.19,0.9798,43998.17,60,0,94.36,6.4,8,2869.46,3,11.1,22427.93,1
32,49507.13,30839.59,0.6871,26501.81,48,0,90.52,1.6,4,1683.59,0,4.3,3868.4,1
68,45855.63,16489.3,0.735,23656.54,48,0,91.07,4.7,4,2239.88,4,27.8,30802.3475,1
40,41217.76,15674.73,0.0414,7826.6,12,1,72.9,4.0,3,2091.59,3,11.5,5805.97,1
41,64353.8,21795.65,0.0309,39093.03,24,0,63.96,3.7,6,3452.86,4,13.3,4370.92,1
61,81212.12,73.28,0.0454,22154.03,48,1,61.28,0.6,8,4607.05,2,11.3,7012.29,1
30,78422.04,15227.75,0.9819,17109.35,24,1,83.45,3.4,6,4313.25,3,1.2,1506.98,1
39,29868.69,22832.29,0.9699,23875.32,24,1,88.09,4.0,9,1377.13,3,16.3,18730.39,0
60,80784.06,9854.77,0.3378,13636.49,48,2,75.12,13.1,4,3973.1,2,26.9,16498.82,1
54,48636.83,5187.52,0.2952,2000.0,60,0,81.15,3.1,2,2354.22,0,15.1,17335.32,1
50,67014.66,13513.56,0.153,25718.03,36,1,71.16,5.1,3,2832.21,0,4.2,5358.21,1
20,36875.69,14514.52,0.3326,33424.74,48,1,74.57,4.2,8,1866.64,3,0.5,4443.16,1
36,54915.35,7730.78,0.3727,25569.23,36,0,89.19,1.1,5,2319.31,4,2.5,30802.3475,1
40,61274.46,31769.29,0.7433,19929.21,24,0,88.73,1.0,6,3206.62,1,9.5,8388.7,1
46,25307.9,11170.43,0.859,20132.72,60,0,61.12,6.7,3,1260.16,4,7.1,21968.78,0
47,67165.34,5770.73,0.7418,21722.8,24,0,97.77,3.7,1,2775.76,3,13.8,3005.8,1
56,81918.7,14251.03,0.6435,21416.54,60,1,70.76,11.3,8,3451.89,0,5.4,7865.84,1
61,51507.04,22262.89,0.7606,19392.99,12,0,96.3,11.9,5,2388.42,4,25.7,11221.0,1
64,82203.36,15139.31,0.7337,20253.43,60,1,80.48,1.8,3,2967.77,0,7.8,1033.88,1
42,51206.13,18884.75,0.4762,35550.13,60,0,79.97,0.5,3,2229.27,0,7.6,21524.8,1
54,71991.69,8027.92,0.3391,24722.73,24,0,78.02,2.1,4,3959.38,0,19.9,5828.09,1
64,12000.0,26901.51,0.2871,21051.47,48,1,96.9,0.3,2,424.42,4,8.1,15933.9,1
25,103375.56,19493.69,0.6758,26592.27,48,0,68.32,7.6,6,4929.34625,4,5.5,16038.75,1
59,84909.16,23381.61,0.9501,26592.99,36,1,84.47,0.8,9,2235.52,4,9.6,11437.59,1
33,49307.49,17921.29,0.5794,29459.98,12,3,72.71,10.1,2,1443.38,3,1.9,4778.64,0
25,15558.22,21599.07,0.9043,12430.89,60,0,96.61,2.7,4,847.92,3,4.0,8243.83,1
18,60760.57,8015.58,0.0239,15194.72,36,0,66.77,1.6,9,3348.56,1,0.0,16408.28,1
61,26121.49,11068.72,0.7886,11864.43,60,0,87.05,3.5,3,1148.27,2,33.4,1082.58,1
22,63897.07,25771.84,0.8465,27667.23,60,0,76.87,4.7,8,2868.89,3,0.6,17013.2,1
20,63231.31,27477.94,0.6284,27178.71,12,0,86.45,6.0,6,2444.28,2,0.7,3381.14,1
18,36171.94,5823.48,0.9254,7267.57,12,0,66.3,2.1,2,1623.8,0,0.0,4748.61,1
21,77419.34,16997.89,0.5881,23908.38,36,0,75.75,20.4,8,4195.42,1,1.4,3332.61,1
57,71111.49,11552.45,0.2457,33722.34,48,0,64.29,2.7,3,2144.19,3,17.2,30802.3475,1
52,74516.47,9423.75,0.2214,17646.67,60,0,98.75,9.0,1,3106.22,0,12.5,12484.66,1
49,55177.15,17278.72,0.5547,23139.73,24,0,68.56,0.2,1,2990.81,2,21.2,30802.3475,1
59,26689.52,24127.7,0.8984,27304.86,36,0,99.73,7.5,6,730.39,2,8.1,1010.87,1
51,74557.45,18613.3,0.0809,6794.42,60,1,76.74,4.0,6,2363.96,4,14.9,30802.3475,1
60,49592.57,12443.9,0.6023,21519.88,12,1,62.86,3.4,9,2087.61,3,21.0,2568.29,1
42,27204.4,19118.89,0.7644,32721.16,12,0,60.7,2.3,9,1240.03,2,17.3,188.2,0
27,82040.79,12120.19,0.1231,14067.91,12,0,83.96,3.9,5,3984.84,3,2.7,2435.63,1
38,96988.15,18296.91,0.1244,28324.66,12,1,84.59,13.5,1,3022.66,0,5.8,2034.17,1
63,54175.04,26171.73,0.3688,20271.62,48,1,80.99,2.4,4,2434.0,1,30.0,13757.91,1
56,98182.42,0.0,0.2784,13254.95,48,0,62.66,0.6,4,3578.35,3,11.2,11138.62,1
44,56826.29,21378.02,0.2043,19034.91,60,0,73.26,6.4,6,2019.98,1,3.6,4396.42,1
44,47390.88,2687.56,0.2047,14738.72,60,1,74.36,3.5,1,1284.11,1,12.1,2048.41,1
19,42390.83,24826.62,0.1381,11116.86,36,0,88.19,2.8,3,1234.98,0,0.6,4454.88,1
58,87741.65,9903.8,0.6086,17456.55,12,0,76.75,7.5,1,4530.31,3,8.3,30802.3475,1
65,39397.12,5258.63,0.6844,20684.26,12,1,82.92,4.1,3,1584.81,1,29.8,3590.75,1
30,69705.39,20562.15,0.6989,18339.46,24,1,71.45,5.0,4,3483.09,0,4.2,11626.91,1
26,43816.72,17913.36,0.5317,17346.26,24,0,89.04,13.0,8,2289.57,0,6.1,4085.03,1
69,54915.35,7006.5,0.9438,22259.96,12,0,61.87,0.3,7,2355.9,2,8.2,16389.69,1
53,75604.99,4976.0,0.8729,25314.06,24,0,99.54,1.5,4,4362.96,0,11.2,8577.88,1
39,47399.26,13500.15,0.9485,8559.05,24,1,85.66,11.4,6,1594.62,0,5.2,10967.64,1
59,46904.09,5367.3,0.391,17476.04,12,0,65.95,7.9,9,1286.39,4,29.8,386.43,1
43,77656.09,6508.22,0.8702,2000.0,48,0,88.7,1.0,3,3294.31,0,7.4,13308.06,1
29,86947.95,15924.97,0.7576,18378.17,48,0,91.46,0.9,8,4929.34625,3,3.1,3132.83,1
34,67893.8,7273.03,0.3432,21505.29,60,1,91.54,8.7,7,2154.99,1,9.5,10322.75,1
31,41904.6,18412.31,0.1145,25697.8,48,0,70.83,4.0,3,1807.34,1,9.9,5432.33,1
31,44787.83,26921.15,0.679,21541.05,12,0,98.35,9.8,3,1731.21,3,6.7,3864.86,1
51,56598.31,13811.56,0.1437,25481.76,24,1,60.71,12.5,3,2591.65,1,25.1,4317.79,1
37,61418.6,16041.21,0.2979,20652.25,12,0,75.19,0.4,1,2428.5,4,10.7,1239.1,1
28,35242.68,31144.77,0.5004,13244.82,36,0,64.17,17.5,8,2042.3,2,2.4,1430.28,1
33,69460.76,5499.19,0.6763,8840.65,24,0,75.39,6.3,6,3540.9,1,9.3,1253.24,1
68,56710.27,24529.88,0.9177,17369.97,12,1,62.29,9.0,3,2878.94,1,15.4,11212.12,0
48,20685.83,23566.86,0.5914,12337.24,60,0,85.8,5.0,1,770.15,2,9.5,3292.27,1
23,36421.47,21834.54,0.668,18802.81,60,1,62.5,1.8,9,1839.55,2,3.3,30802.3475,0
36,44917.43,25333.98,0.3138,15081.23,24,0,84.63,4.6,1,1904.16,0,5.1,17178.58,1
54,53542.85,17244.6,0.6835,24190.81,48,0,69.36,3.6,2,2868.62,3,12.0,4234.64,1
21,92785.58,10336.56,0.439,20489.55,60,0,67.17,13.4,3,4738.84,2,2.4,7253.82,1
64,59763.43,23756.59,0.8498,24474.94,36,0,73.88,4.0,7,2829.09,4,10.1,15369.15,1
21,38184.56,24062.74,0.3946,24423.85,24,0,85.64,0.1,1,1261.56,2,1.6,1580.82,1
37,59412.62,23842.51,0.4689,18203.27,36,0,83.13,5.8,2,2621.52,0,7.1,2016.3,1
27,47958.25,15356.02,0.4339,18816.64,24,0,87.22,0.3,2,2626.64,2,2.9,4759.29,1
41,61495.16,9270.44,0.8049,25016.04,48,0,96.76,14.4,1,2816.42,0,4.4,7389.91,1
52,66611.35,16530.9,0.9446,44459.39,12,0,68.13,3.3,1,3512.19,0,16.1,1358.77,1
43,79184.61,22537.84,0.3307,10108.69,24,0,76.53,17.2,7,3388.16,0,12.5,6284.77,1
54,54514.27,23194.81,0.4755,20417.51,12,0,70.63,0.1,9,2894.51,3,20.9,2183.69,1
55,87779.21,11562.59,0.7018,8042.92,24,0,83.45,3.8,8,3901.96,1,24.1,21124.84,1
38,73160.45,17522.98,0.8875,19790.88,48,3,71.34,1.3,9,3904.94,0,7.8,27363.56,0
57,40851.21,4529.77,0.4938,13259.39,36,0,82.32,5.1,9,1665.14,3,18.6,13303.14,1
56,99197.11,22879.6,0.1167,18800.94,12,0,92.93,3.4,4,4683.72,2,5.5,1473.69,1
38,61539.89,8733.53,0.3713,21553.1,36,0,82.04,4.2,1,1656.15,1,7.8,11636.01,1
27,38297.51,21282.04,0.5494,15106.09,24,0,93.53,2.2,1,1516.35,0,1.7,7752.95,1
55,88058.26,5805.56,0.4192,2162.41,24,0,84.45,0.3,3,2610.58,0,3.7,18936.81,1
63,96555.55,23251.33,0.1928,34255.36,48,0,94.81,0.6,3,3155.01,0,6.4,4803.86,1
21,54339.49,17574.68,0.0462,28392.77,24,0,97.22,9.8,3,2338.98,1,0.4,30802.3475,1
62,44926.99,8749.14,0.6837,18694.41,48,1,80.31,6.1,1,1932.86,0,16.5,16149.62,1
37,51552.5,20530.85,0.9829,11052.67,24,0,91.63,7.3,5,2662.46,2,7.0,2259.69,1
34,69294.63,10277.11,0.9108,20850.25,36,0,78.75,0.7,2,2829.65,1,3.8,11074.67,1
24,80557.13,20996.44,0.6796,23609.89,24,0,88.21,0.3,2,4549.65,4,2.6,7313.2,1
21,66409.75,12807.11,0.8347,27700.12,12,1,61.5,0.1,5,2401.72,3,0.5,13296.5,1
46,57034.46,1231.62,0.2606,28622.22,60,0,98.68,3.7,8,2298.53,2,8.5,4709.18,1
31,84960.24,7140.67,0.62,30506.76,12,0,95.77,3.5,3,4305.78,2,1.7,136.11,1
20,48743.27,11556.68,0.0694,2591.4,12,0,95.73,0.6,1,2286.23,0,0.2,4903.09,1
41,75618.39,25945.51,0.703,16953.57,48,1,71.25,2.1,1,2310.91,3,11.8,10735.81,1
54,49238.74,22209.15,0.9605,29931.01,24,0,71.33,3.8,3,2082.79,4,21.7,1441.12,0
33,63620.46,27990.89,0.8536,10763.68,36,0,76.1,5.6,7,1751.22,3,4.2,27897.9,1
69,52728.75,28229.08,0.5338,32192.68,24,1,95.21,8.3,8,1580.67,4,29.8,4105.47,1
21,53882.96,10721.99,0.783,38103.78,60,1,94.35,5.1,6,1534.9,2,1.6,8916.13,1
41,47452.27,13492.11,0.935,31912.54,24,1,71.58,0.2,7,1336.61,2,14.8,1173.4,0
51,81897.08,11709.76,0.2217,26615.9,60,0,81.67,4.4,1,2446.95,3,8.0,252.13,1
47,40341.48,9627.92,0.7874,15524.94,60,0,79.01,0.5,5,2205.93,1,12.7,7412.48,1
35,40195.35,268.04,0.2745,22816.35,12,1,86.03,4.2,7,1926.8,0,4.2,6397.21,1
36,97419.87,14882.02,0.8694,6539.05,60,1,68.56,2.4,4,4629.05,3,12.8,30802.3475,1
48,74556.95,4715.48,0.1064,12188.89,60,0,63.4,1.7,4,4090.41,1,16.6,17400.74,1
36,12000.0,14726.62,0.1847,12891.97,36,0,61.09,3.3,9,579.12,3,2.9,12137.72,1
66,43694.83,31926.17,0.7162,20619.73,48,1,75.26,2.4,3,1979.2,3,17.1,10230.46,0
63,18760.21,10925.24,0.1813,16078.23,24,0,97.86,8.9,2,935.07,1,5.7,29002.08,1
36,35986.19,16558.19,0.1649,22616.0,36,0,87.39,1.3,8,1736.76,4,14.2,22355.75,1
39,12000.0,22253.19,0.5544,28778.27,48,0,89.97,0.7,7,540.33,0,14.2,1044.23,1
41,52260.21,17242.33,0.8283,12902.72,12,0,97.81,9.1,5,1494.03,4,8.0,3778.1,1
62,32161.16,17339.87,0.2731,21486.01,36,1,76.88,1.4,3,879.28,1,16.2,2412.88,1
29,56198.11,12100.78,0.8343,15840.31,36,0,78.97,0.2,3,1713.83,1,3.9,11081.06,1
47,22497.57,13144.98,0.8018,21901.62,12,0,74.38,2.4,2,1028.37,4,16.2,19240.14,1
55,56658.24,7319.92,0.5775,26861.73,60,0,67.25,8.5,5,2402.14,1,12.7,29608.92,1
48,46701.67,21768.36,0.6436,29212.36,12,0,90.66,2.8,8,2018.4,0,7.5,30802.3475,1
53,85039.06,1068.07,0.0496,26703.04,24,0,96.27,3.2,1,3219.01,3,10.1,19854.83,1
36,83227.14,22768.71,0.3698,24139.86,12,0,92.56,0.2,1,4363.65,0,11.8,4162.02,1
65,70706.91,3770.41,0.2681,5797.87,36,0,61.91,6.2,9,3516.88,1,8.1,2251.01,1
62,48467.72,22700.86,0.157,9187.34,12,1,71.97,2.1,1,1294.83,1,17.6,3186.59,1
53,94707.61,12169.46,0.3919,11758.22,24,2,83.68,6.5,6,2999.98,1,13.2,11981.34,1
47,23939.29,5145.05,0.3578,23586.2,60,0,73.09,2.6,3,1033.96,2,14.2,10429.77,1
66,26928.83,19634.39,0.7243,7089.95,60,0,66.0,3.7,9,844.93,1,6.8,18316.14,1
50,53324.34,22430.14,0.5961,23375.22,48,0,81.53,4.5,6,1583.99,2,4.0,3111.39,1
35,100080.76,11495.37,0.9048,22644.69,48,0,80.86,1.1,8,2533.81,3,10.0,8317.11,1
69,50953.22,20764.88,0.1525,2000.0,24,1,88.4,1.7,9,2943.32,2,23.8,23709.05,1
66,51335.1,0.0,0.0686,9123.97,48,0,99.99,4.4,6,1679.23,1,8.9,723.76,1
45,26161.79,4435.23,0.5339,30438.76,60,1,85.93,8.7,4,1022.44,1,10.0,4471.36,1
64,73918.59,25339.27,0.011,26974.09,60,0,72.68,16.3,7,3392.7,0,21.5,837.12,1
28,74063.53,13210.65,0.782,11496.06,48,1,98.26,3.7,4,2459.48,4,3.5,13901.58,1
62,70781.5,102.29,0.5059,9651.39,12,0,82.85,0.4,2,3689.98,0,7.9,564.17,1
50,42415.59,9409.07,0.4883,2000.0,60,0,85.83,15.6,3,1898.12,0,6.6,29182.02,1
34,40865.86,7612.8,0.3652,34712.98,48,0,74.3,2.7,3,1954.46,4,4.3,18001.04,1
23,29137.55,13672.31,0.3775,20410.54,48,0,78.07,0.5,9,877.7,1,0.5,587.73,1
21,56677.45,12033.99,0.4325,38837.24,24,0,76.75,17.9,3,2782.12,1,1.8,17059.42,1
37,33391.85,16431.45,0.0257,18083.29,24,0,97.45,1.6,5,893.76,0,11.0,1163.52,1
65,31451.67,14444.27,0.0919,22825.89,60,0,92.38,5.3,7,1122.77,0,33.7,12074.74,1
64,46526.19,25877.91,0.5049,28912.98,36,0,63.63,0.8,6,1830.88,3,8.3,11888.45,1
44,45216.88,18396.39,0.1571,36388.43,48,0,72.55,6.4,7,1273.8,1,13.8,30802.3475,1
32,44240.43,18661.37,0.7732,25010.22,12,1,62.23,18.7,1,1930.69,1,8.5,6109.14,0
23,64328.89,24321.26,0.279,20024.07,36,0,80.67,21.0,6,2339.3,0,2.6,13916.14,1
64,56580.96,11889.85,0.1059,20279.58,48,0,71.18,0.7,5,1669.68,1,16.1,8349.42,1
31,49236.88,4904.98,0.2405,9541.64,36,1,62.94,7.3,2,1699.44,3,4.3,30802.3475,1
28,58660.26,24655.76,0.36,16181.17,48,0,90.88,5.5,7,2601.08,0,2.0,6982.08,1
56,35169.46,16086.73,0.0446,20512.19,48,1,63.65,8.1,4,1143.38,3,29.6,28280.28,1
26,57105.57,16114.81,0.1488,33818.94,36,0,70.86,2.0,8,2322.81,3,1.4,5226.69,1
43,58012.05,9933.36,0.3274,15699.57,24,0,90.87,2.6,7,2785.38,3,14.4,2085.73,1
33,24939.06,10065.16,0.3143,30626.55,48,1,80.46,2.1,3,1131.68,2,10.8,4735.01,1
22,74913.88,21773.78,0.7944,19181.62,60,0,92.68,7.3,9,3780.84,2,2.9,5926.85,1
69,37371.33,22877.25,0.8364,32435.59,36,0,76.58,8.3,5,1796.28,3,38.1,10685.81,0
27,56806.2,21270.59,0.1996,26767.22,24,0,92.59,1.4,3,2337.36,4,5.1,9597.05,1
67,78288.23,21343.69,0.1315,26091.95,12,0,81.53,4.3,4,3313.38,1,9.4,2063.17,1
20,73513.54,19552.24,0.6315,29788.27,48,0,63.52,0.7,8,2486.51,4,0.9,1351.02,1
30,55686.67,16052.18,0.7985,28331.6,48,1,78.86,0.1,1,3122.22,0,4.9,7315.32,1
60,47750.02,13596.96,0.9544,30638.13,60,0,82.14,4.7,6,2629.32,1,23.9,609.55,1
66,73950.24,24682.59,0.0167,41317.64,24,0,84.48,9.2,8,3861.22,4,20.2,9587.12,1
47,68493.9,12010.23,0.4154,36168.95,48,0,97.12,11.9,7,2052.63,4,19.6,9509.86,1
62,42632.7,17959.83,0.7293,24664.24,24,0,67.34,4.8,8,2163.34,0,17.1,2227.44,1
23,39102.13,8567.9,0.822,15582.53,48,0,84.24,8.3,1,2186.49,3,3.1,28965.74,1
34,13552.9,9725.61,0.071,23664.18,12,1,90.08,2.6,3,749.84,0,12.3,8537.59,1
62,58080.64,13110.76,0.677,2000.0,60,1,95.6,10.4,5,3204.22,3,26.8,30802.3475,1
68,53346.05,8568.49,0.2932,28289.87,12,0,81.01,7.5,2,2532.06,1,31.7,439.3,1
36,77723.83,21382.81,0.0831,9399.67,12,0,68.56,1.8,5,2591.36,0,10.8,14161.36,1
59,62181.1,4215.73,0.4893,31224.81,36,0,92.71,4.5,8,2768.21,1,28.2,2962.79,1
52,81684.58,15793.84,0.165,39802.89,12,0,96.2,0.3,3,2814.91,2,10.3,7309.07,1
63,41052.72,16060.06,0.7323,5490.66,60,0,64.25,0.8,5,2122.15,2,35.8,1108.63,1
43,77763.01,513.6,0.7364,19496.96,60,0,69.19,14.7,1,2390.35,4,16.4,1625.5,1
68,44421.67,11471.81,0.8352,9355.87,48,0,94.86,0.0,6,1430.96,2,31.5,3831.8,1
22,70551.92,17045.6,0.38,2716.9,12,0,79.38,1.1,9,2387.22,2,0.7,15094.16,1
46,25824.83,18429.82,0.023,18936.78,24,0,66.76,0.7,1,1157.2,0,9.3,17386.91,1
54,59702.71,13365.54,0.2645,26351.67,36,0,85.81,6.0,1,2662.69,4,10.0,1981.96,1
37,15306.24,20415.11,0.4685,27544.0,36,0,78.33,0.6,7,662.91,0,3.4,1401.92,1
66,49657.25,14125.47,0.6901,21539.26,36,0,98.72,0.1,8,1481.93,0,35.5,29405.96,1
38,63807.08,15109.22,0.3844,3357.68,60,0,68.91,13.3,2,2580.86,0,10.5,12776.42,1
27,44580.63,17013.23,0.5353,21233.79,60,0,74.49,10.3,3,2494.24,2,6.6,1498.31,1
22,33991.25,22416.0,0.5238,5074.52,48,1,66.65,3.4,8,1912.84,4,1.9,845.85,1
53,71922.37,9594.26,0.1717,5730.12,12,0,61.99,0.5,6,2949.93,3,25.8,4876.36,1
23,52930.74,11105.43,0.6206,10031.8,60,0,70.96,5.7,6,1786.24,0,3.7,1193.39,1
43,45208.59,9648.83,0.4405,30498.11,36,0,92.79,10.7,6,2626.13,4,13.9,12401.97,1
21,55837.92,12342.42,0.8018,25452.55,60,0,70.69,18.4,5,1805.35,4,1.4,2005.71,1
56,107733.38,26409.87,0.6868,23225.91,12,0,87.85,0.7,4,4929.34625,2,9.7,6793.94,1
56,78070.06,19581.8,0.1192,11373.86,60,1,81.04,4.6,3,2718.6,2,28.1,4562.26,1
67,78251.47,5951.28,0.489,16122.25,12,0,80.79,2.8,8,4329.68,3,31.6,9723.82,1
52,63710.93,10196.42,0.6984,6298.77,48,0,91.26,3.4,3,1845.36,1,11.4,26095.44,1
18,58329.71,17982.14,0.0953,33643.01,60,1,84.71,8.2,8,2073.21,4,0.0,5439.42,1
41,12000.0,7747.94,0.7866,41972.58,12,0,66.39,7.6,1,557.19,3,12.1,6509.62,0
53,41420.39,9197.28,0.2276,25565.98,12,0,68.83,16.7,9,1166.22,3,6.1,20054.37,1
23,45388.51,25759.68,0.503,27317.54,24,0,81.75,0.4,2,1727.38,0,3.8,10010.5,1
58,17502.16,10092.99,0.9318,18410.4,48,1,93.81,1.4,2,667.23,1,4.2,548.53,0
63,31851.68,22637.33,0.5699,3805.48,60,1,66.09,8.8,2,1339.07,1,30.6,289.02,1
61,15383.27,25042.59,0.4256,11560.35,24,1,64.28,2.5,5,386.45,4,19.7,26900.96,0
48,54233.52,9132.3,0.0167,15346.15,60,0,80.7,3.2,2,2533.2,1,20.3,2256.49,1
37,71375.32,7880.3,0.1407,16147.44,36,0,67.55,4.7,3,2758.3,0,9.3,24258.97,1
41,77135.49,12790.94,0.5771,13846.06,36,0,99.77,3.4,5,2550.87,3,4.8,5720.47,1
42,63295.69,6290.98,0.4939,20477.53,12,1,60.17,0.2,9,2017.56,4,10.4,6121.57,1
53,35732.07,15968.27,0.3666,11498.31,24,0,77.95,4.6,9,1816.42,3,25.0,30802.3475,1
38,16358.7,13354.78,0.9148,41677.24,12,1,66.5,1.3,7,565.09,3,5.2,7232.85,0
47,19862.63,17884.64,0.3358,6346.26,12,0,87.24,17.3,8,945.0,4,5.3,30802.3475,1
41,29620.35,26175.55,0.5364,28873.1,12,0,85.21,5.9,1,750.21,0,9.0,10162.06,1
61,37222.81,21539.88,0.5673,17381.45,36,1,92.28,9.2,2,2134.48,0,28.7,14734.86,1
59,51805.03,18913.92,0.5269,24627.98,12,0,82.54,15.4,2,1433.94,1,24.3,678.74,1
47,34716.72,0.0,0.478,25081.15,12,0,67.57,0.3,7,1336.05,4,23.1,144.75,1
39,61779.52,18547.01,0.3403,21570.43,12,0,62.13,0.8,5,2919.34,4,15.0,12747.32,1
45,50354.53,28781.02,0.9006,8666.29,12,0,88.89,8.3,5,2306.67,3,5.9,7065.42,1
24,55210.91,0.0,0.4518,16679.6,24,1,77.6,10.8,6,3022.8,3,3.9,16038.3,1
52,77805.01,20515.06,0.5279,21690.95,60,1,68.89,0.0,6,4460.09,1,20.5,1969.91,1
45,31395.37,13725.13,0.6533,21064.34,24,1,70.07,14.5,3,1538.12,1,6.4,16936.8,1
31,63374.09,8201.64,0.0763,9768.68,48,1,65.96,3.0,5,2933.74,3,8.4,10925.05,1
27,54720.54,21409.03,0.7757,32912.12,24,0,71.34,3.1,3,1547.41,0,2.4,2932.63,1
33,48330.27,28677.65,0.5123,2000.0,48,0,91.68,10.5,3,1918.12,0,6.3,24134.77,1
33,54915.35,21201.85,0.654,17498.75,36,0,84.83,1.7,4,2270.8,4,4.4,30802.3475,1
48,72580.28,12030.46,0.7666,10786.81,60,1,99.5,4.4,5,2732.96,0,12.5,6157.14,1
59,36070.18,7452.24,0.8666,21821.65,12,0,80.97,2.0,8,1071.72,4,12.8,6002.05,1
42,51356.79,16157.02,0.3944,30167.26,48,0,80.86,0.6,6,2628.36,2,13.5,8472.05,1
30,60624.23,21985.35,0.8052,5930.31,36,0,67.66,2.2,7,2552.56,3,7.9,12574.05,1
23,49539.87,11903.58,0.2637,43536.05,60,1,83.46,0.9,1,1421.08,1,0.6,12073.34,1
61,66700.43,12676.94,0.6571,22018.49,48,0,84.33,3.7,1,2825.44,2,16.4,7593.63,1
26,60623.84,36696.87,0.1107,23817.24,36,0,68.26,3.8,4,2181.25,3,1.6,25068.17,1
62,91651.22,23629.22,0.0296,5602.46,12,1,63.52,2.9,8,3822.95,1,5.0,1778.75,1
53,24394.42,24201.03,0.1038,19534.33,36,0,74.75,1.0,2,818.72,2,27.6,2219.63,1
60,52551.28,3317.71,0.323,29716.75,36,0,66.88,0.6,9,2638.74,4,24.0,12789.77,1
37,36829.95,9342.49,0.0405,22099.22,12,0,80.13,0.6,5,930.73,1,7.9,13532.73,1
35,67082.15,15597.45,0.6279,21401.96,48,0,81.04,0.6,8,1990.6,4,6.8,5001.48,1
60,22656.56,6990.9,0.3202,19481.4,36,1,84.33,1.7,4,997.9,0,28.9,3550.55,1
38,61926.25,27803.18,0.7316,6220.0,12,0,84.11,0.0,6,2886.36,4,10.0,471.08,1
21,42399.03,26282.5,0.055,6162.91,48,0,87.0,0.3,1,1118.77,3,1.9,4890.86,1
67,40316.76,10731.64,0.2224,31693.27,12,0,69.22,3.2,6,1903.35,3,36.5,2846.94,1
50,26070.04,29271.35,0.4098,28822.87,24,1,89.23,1.0,7,826.89,3,23.0,17961.02,0
44,45698.48,14965.98,0.385,30302.71,48,0,80.99,1.5,3,1367.17,1,4.3,6723.75,1
24,76690.01,35715.12,0.1384,11771.8,24,1,77.49,2.2,5,1968.68,3,2.6,8325.91,1
23,54496.23,16157.49,0.9843,18424.32,36,0,85.92,0.2,8,2255.66,3,2.7,13584.77,1
32,67553.61,19609.54,0.2888,32318.0,36,0,80.05,1.2,9,3382.98,1,5.9,3540.58,1
35,88292.84,26199.23,0.7166,7713.45,36,1,81.03,7.5,6,3959.85,3,5.2,21921.83,1
49,60275.11,25221.07,0.2256,31298.82,48,0,60.93,2.1,2,3246.36,2,23.0,5016.28,1
28,43824.01,19085.86,0.8703,14134.8,60,0,92.08,1.0,5,1875.84,3,7.3,1136.11,1
37,64345.04,13870.88,0.39,11447.67,48,0,76.97,1.1,9,1627.9,2,13.1,19479.09,1
41,44114.08,19113.06,0.8929,19680.84,48,0,80.72,20.9,3,2359.7,3,17.3,25598.79,1
32,44911.55,8470.53,0.345,8829.98,60,0,75.6,0.8,6,2498.28,0,8.7,2460.02,1
65,24602.14,16217.07,0.0185,2000.0,48,0,82.06,11.8,6,1331.21,2,17.5,10569.09,1
24,73525.15,6125.54,0.5167,20760.3,24,2,62.16,0.4,2,2304.19,1,2.7,11657.31,1
38,47279.95,752.95,0.5243,25342.66,60,1,75.36,10.4,3,2743.1,4,13.5,2808.47,1
59,58641.96,15403.41,0.1274,32152.9,60,0,86.75,3.5,9,3345.15,0,30.2,5589.75,1
43,34280.76,25098.22,0.2403,26069.75,24,0,97.54,4.7,9,1835.59,1,14.2,5067.45,1
61,63718.95,22406.44,0.7778,39653.97,60,0,93.97,1.4,9,2827.68,0,21.8,9884.25,1
31,39761.18,14344.7,0.046,33610.75,60,0,98.51,11.4,2,1256.65,3,9.4,6709.44,1
54,52165.83,28975.92,0.4897,27380.79,24,1,91.26,4.4,3,1640.99,1,22.5,11271.48,1
38,72556.52,10447.51,0.5298,24686.19,12,0,85.3,5.6,9,3068.71,4,14.8,959.94,1
35,70815.19,0.0,0.6849,32301.02,12,0,76.93,4.1,8,3877.23,0,12.2,3408.18,1
22,54559.4,0.0,0.0467,2000.0,12,0,64.93,0.7,4,2060.32,4,1.3,539.52,1
20,19637.38,5550.47,0.5839,15199.43,24,0,70.03,9.0,7,814.3,0,0.4,8058.77,1
40,108025.5475,21533.0,0.013,2000.0,36,0,70.85,1.0,5,4476.31,4,13.0,5453.15,1
43,89917.18,9921.58,0.2699,26630.98,48,1,77.12,1.7,2,4460.86,4,18.8,30802.3475,1
54,69453.5,18687.67,0.4997,12572.36,60,0,84.39,5.5,7,1965.53,1,26.5,3627.27,1
41,39935.92,28170.27,0.9031,47423.698749999996,24,0,84.75,0.5,8,1957.0,3,17.1,3235.58,0
66,52728.16,6199.22,0.1341,14820.74,48,1,78.22,13.5,4,2698.56,3,34.1,4367.49,1
36,44131.59,18828.0,0.1759,21063.63,24,0,70.99,0.7,8,2155.33,4,7.3,6544.69,1
68,80277.12,19311.7,0.6659,15977.33,60,0,62.26,5.5,7,3818.67,3,37.8,9482.68,1
42,60250.06,8114.1,0.3774,15111.69,36,0,99.55,5.0,3,2290.18,2,13.1,4436.68,1
38,39316.72,25833.69,0.621,7534.78,24,0,97.58,6.0,3,1616.68,2,13.6,11079.1,1
29,45584.9,12698.34,0.9875,7198.51,48,1,67.32,2.8,3,1461.52,4,3.4,12722.06,0
58,77423.76,11929.98,0.9771,2000.0,48,0,84.22,2.4,3,3722.07,4,18.0,13537.76,1
50,87001.96,31892.91,0.3566,25454.62,60,0,71.83,19.0,7,2781.31,2,5.8,18666.45,1
67,85566.63,19182.13,0.5038,15753.53,12,1,67.78,8.5,5,3730.61,2,10.2,1662.78,1
21,70140.64,22402.32,0.8966,39336.28,60,1,87.38,3.3,4,3499.89,2,2.0,13727.85,1
59,49947.5,25839.14,0.1003,7558.6,60,0,91.45,1.0,8,1555.8,1,31.2,3505.06,1
24,12000.0,9796.21,0.4533,34763.15,12,1,76.26,11.1,9,408.35,0,2.8,12963.88,0
39,60943.2,24998.57,0.38,35722.59,36,1,62.36,5.2,3,2415.51,1,9.2,301.61,1
50,54963.42,10984.85,0.299,32770.43,24,1,76.06,0.7,6,2559.74,2,24.3,2402.11,1
34,57799.64,10643.01,0.9843,22347.97,48,0,81.29,1.0,4,2067.75,0,10.9,6567.85,1
41,56077.95,12824.0,0.7289,16617.94,24,0,95.73,3.9,5,1734.35,3,5.2,8977.82,1
51,28474.76,10023.48,0.391,32760.68,24,0,86.27,3.5,7,859.54,2,4.3,29343.41,1
45,66148.17,21577.25,0.8224,12085.37,48,0,88.42,2.6,4,2233.03,2,20.7,2831.35,1
60,67644.33,17137.69,0.4899,22707.08,12,0,68.11,2.8,8,2603.42,3,20.1,7464.61,1
58,68646.78,11070.2,0.8654,19562.52,48,1,88.81,0.9,3,1928.85,0,22.1,6783.7,1
56,73931.54,20396.04,0.2711,11085.83,12,0,80.07,1.5,7,4194.74,2,17.9,11797.71,1
39,67081.03,12798.54,0.2291,22780.47,12,1,92.82,3.4,3,3910.76,0,13.0,2790.12,1
66,46799.41,12375.44,0.2523,27418.38,60,0,68.65,0.3,2,2529.09,1,35.0,26356.46,1
34,53583.26,15389.47,0.5377,10691.72,36,0,80.59,2.2,8,2817.45,4,12.7,30802.3475,1
51,56822.5,18707.68,0.2955,24601.2,60,0,68.38,1.2,2,2233.37,1,11.7,21591.81,1
23,57153.99,18118.78,0.1542,2000.0,36,0,71.44,1.0,9,2071.0,4,2.3,12197.57,1
63,74964.35,12094.01,0.9847,9508.45,12,0,93.29,0.8,5,2955.74,2,32.3,11185.93,1
23,67873.38,21776.89,0.8924,15426.54,60,0,87.51,0.8,4,1739.56,1,2.0,13866.44,1
51,96546.87,13220.85,0.6323,23573.37,24,1,89.14,0.9,9,2927.77,1,11.6,8192.51,1
18,99129.38,9760.12,0.8837,28693.15,48,0,62.74,2.3,8,4283.81,3,0.0,2691.55,1
27,56592.99,3255.83,0.9268,20828.23,48,1,89.15,0.5,2,3163.78,4,5.5,22042.53,1
38,12000.0,22865.43,0.6726,25665.96,48,0,79.66,11.4,5,670.92,4,9.1,10692.94,0
22,79736.65,15099.12,0.5183,18394.18,36,1,78.37,3.4,1,3892.2,2,2.6,822.3,1
19,44192.47,16686.98,0.8744,24047.48,48,0,76.51,3.5,2,1819.11,3,0.3,6873.74,1
39,38970.32,23366.42,0.5664,23519.09,36,0,94.07,1.2,5,1321.88,3,10.8,5939.36,1
65,47031.09,11180.75,0.1343,14909.79,36,1,67.1,10.1,3,1824.85,4,28.1,997.21,1
19,46067.14,4004.81,0.3695,16446.2,36,0,92.56,8.8,1,2664.1,3,0.6,4551.63,1
27,67245.4,15558.25,0.447,26001.27,24,1,97.13,0.2,7,3602.59,0,2.1,2329.78,1
51,23811.28,17463.69,0.9267,38120.88,12,0,66.73,6.6,7,979.84,2,26.3,452.83,0
33,33445.59,12897.21,0.656,32068.19,24,0,99.98,1.0,3,1787.75,1,9.4,223.24,1
65,61863.17,26789.9,0.8678,8708.84,12,0,99.62,4.1,7,3088.04,4,29.1,3267.73,1
68,67458.88,0.0,0.7524,8744.18,24,0,84.85,10.2,5,2593.88,3,25.5,961.46,1
56,67830.83,23960.45,0.3137,14643.69,36,0,70.74,13.6,8,2812.91,3,12.9,18463.22,1
39,39259.27,21329.23,0.7143,20989.21,12,0,77.19,1.0,2,1588.08,3,9.3,30802.3475,1
29,35434.69,18654.17,0.2014,20482.56,48,0,66.82,14.0,7,903.01,2,4.4,6233.16,1
41,44867.3,0.0,0.41,32402.8,24,0,64.81,0.4,3,1602.3,1,4.1,8913.19,1
64,59797.46,25271.11,0.8,32951.13,12,0,88.16,12.0,4,1572.2,3,34.4,29866.6,1
57,84709.55,6788.53,0.6097,20056.66,48,1,83.19,7.4,1,4616.44,1,17.8,13879.1,1
55,14051.26,10938.46,0.8189,17723.03,60,0,82.54,12.3,7,626.0,1,4.8,7118.13,1
27,50585.42,13635.26,0.2596,25167.46,36,0,69.91,2.3,8,1945.97,2,3.5,5550.1,1
52,28346.43,18259.34,0.7448,30632.01,24,0,69.4,14.1,2,802.82,3,13.4,13729.52,1
68,21955.15,20115.42,0.2083,25524.37,24,1,99.59,8.5,5,578.63,3,8.0,3887.57,1
66,74339.13,22142.72,0.5444,15684.54,60,1,85.15,2.0,5,2493.26,1,11.4,13859.75,1
49,65892.49,21526.83,0.4349,13877.46,12,0,92.78,2.1,8,2516.67,3,4.8,747.9,1
24,63988.67,17023.42,0.5553,8893.96,24,1,75.14,2.2,3,2876.91,2,1.3,7229.23,1
38,73420.52,18327.38,0.1428,21934.87,24,0,93.75,4.4,2,2697.09,3,3.6,1997.87,1
37,45405.62,6273.97,0.364,26231.2,24,0,88.9,1.0,2,1863.46,3,13.9,13263.92,1
43,46347.25,8991.79,0.6636,27348.45,24,0,74.0,2.8,1,2209.08,3,16.1,30802.3475,1
21,98714.61,22163.68,0.5574,31517.6,60,0,88.71,0.4,7,2611.72,2,2.1,10645.91,1
63,50068.58,21697.68,0.548,34803.1,36,1,97.02,2.2,6,2127.66,1,8.9,12903.15,1
69,69702.64,20790.4,0.5106,6250.34,24,0,68.55,5.5,3,2404.25,1,29.0,1784.7,1
39,55127.63,10884.67,0.935,24047.62,60,0,81.91,4.5,9,2815.24,3,15.4,7982.78,1
32,18034.83,22283.94,0.9259,24392.59,48,0,98.67,1.9,5,645.0,2,10.7,15088.54,0
57,14107.42,5710.04,0.3629,19260.54,24,0,92.86,1.5,9,432.54,3,5.5,19492.97,1
38,43420.32,23618.88,0.3549,11716.55,12,0,84.81,2.0,1,2228.07,2,7.3,30802.3475,1
32,76122.03,12913.03,0.5538,34446.3,60,0,62.79,0.4,3,3853.77,2,5.0,13729.4,1
39,70765.83,28473.36,0.1037,14113.99,12,0,76.25,1.5,8,2863.49,1,4.9,8522.82,1
69,73281.54,2828.46,0.3069,2000.0,36,0,86.03,6.2,3,2282.14,0,10.6,16848.06,1
45,35259.08,29107.23,0.2363,20200.72,48,0,76.39,1.0,8,1437.35,0,9.7,2983.22,1
31,87317.45,12108.29,0.2289,17621.36,12,1,99.88,0.7,1,3468.99,4,7.8,20615.87,1
44,35702.13,11964.17,0.6357,38576.97,24,0,90.14,9.4,4,1067.6,4,15.9,15209.22,1
58,59256.49,16558.71,0.3867,24896.94,60,0,67.48,1.3,9,2198.28,0,20.2,1825.95,1
57,54792.95,9423.37,0.1777,16947.37,48,1,79.62,1.4,7,2857.63,1,25.4,19058.83,1
45,51522.52,14421.37,0.8798,18031.45,60,0,75.36,3.1,5,2151.97,4,16.0,17771.96,1
43,81771.84,9098.99,0.8667,17915.96,48,0,83.75,3.2,1,2397.04,0,16.4,25893.33,1
66,40897.79,9391.49,0.8552,42171.33,12,0,77.86,1.0,9,2228.29,1,37.6,23123.0,1
19,28007.89,18895.09,0.3929,26754.84,36,0,69.52,4.1,6,1394.8,4,0.5,3981.87,1
42,55399.91,7787.48,0.0658,5928.4,60,0,88.97,5.9,6,2388.09,4,15.3,7162.79,1
20,47003.47,8854.45,0.1146,17555.6,24,0,64.27,3.3,9,1594.06,0,1.4,16383.94,1
25,54915.35,4017.67,0.2805,19763.68,60,0,81.29,11.3,8,3458.9,4,5.2,14678.39,1
61,68530.15,10968.55,0.2256,8924.32,36,0,72.41,23.9,9,3399.5,1,20.7,16459.94,1
50,46813.19,25492.82,0.8665,2170.45,12,0,98.66,3.8,2,2149.18,0,23.8,2650.64,1
59,33877.77,8232.53,0.9766,25955.63,24,0,72.14,18.0,3,1772.54,1,19.6,15780.98,1
69,17394.23,9146.93,0.8103,11953.67,24,0,73.64,5.2,5,834.4,4,29.8,1071.48,1
52,34495.62,16551.38,0.7253,32487.72,12,0,88.28,3.8,5,1040.08,1,11.7,6611.27,1
23,57298.84,12033.63,0.5869,20081.94,60,0,65.14,10.2,6,2296.64,3,3.9,576.31,1
56,83546.57,32825.24,0.7645,15257.31,24,0,72.99,17.0,2,2957.78,2,9.6,6035.6,1
69,77433.78,13699.78,0.9381,2000.0,60,1,87.84,34.6,8,4169.69,4,14.3,2814.3,1
40,59581.9,17681.75,0.5993,32223.18,60,1,61.23,7.1,1,2033.1,3,6.1,7320.67,1
42,48536.65,22550.15,0.1615,22935.27,12,0,72.44,3.3,7,2014.81,2,9.5,12482.99,1
67,60376.25,22396.62,0.1706,15518.05,36,0,60.33,1.8,6,2612.98,0,31.2,314.7,1
60,44627.24,16866.3,0.5822,11097.09,36,0,66.01,4.1,9,2045.95,2,33.1,3056.6,1
36,89367.28,13710.98,0.3368,35990.91,60,0,84.17,7.5,7,4126.54,0,9.6,1621.82,1
22,51216.2,31192.23,0.902,9357.8,12,0,78.27,0.1,8,2382.64,3,2.1,2028.66,1
68,53273.24,14201.92,0.6094,16313.53,36,0,66.24,1.6,2,1962.9,2,23.5,8721.83,1
28,12000.0,11466.48,0.673,25697.45,60,0,63.12,2.2,4,502.3,4,7.3,661.28,0
29,51091.3,9833.21,0.0157,34507.67,24,0,62.25,7.6,9,1376.8,3,3.7,12241.65,1
27,71729.68,1185.57,0.4989,17836.8,24,0,63.41,4.8,7,3054.41,2,2.1,2652.96,1
25,33645.55,21572.93,0.4325,12651.83,48,0,63.84,2.8,2,1538.81,1,1.8,30802.3475,1
41,39985.59,0.0,0.7018,18932.61,48,0,63.45,12.6,1,1991.79,1,16.1,27267.74,1
45,70854.22,14954.22,0.385,29044.71,48,0,62.2,3.9,3,2119.26,0,5.9,13163.02,1
58,25466.86,13361.11,0.967,31293.95,36,0,87.88,6.4,6,1162.89,3,18.0,15485.37,1
53,76156.02,32919.72,0.6668,6248.41,24,0,97.65,5.3,5,2734.95,1,11.4,12699.1,1
54,44357.12,346.79,0.6567,21149.4,24,0,94.24,9.8,1,1705.99,2,8.2,12962.46,1
38,47228.64,7791.17,0.911,5657.35,36,0,70.63,8.4,3,1928.22,4,10.0,1986.4,1
25,32522.43,13911.23,0.9853,28842.17,24,0,68.17,22.6,5,952.84,0,4.9,26082.32,0
26,62560.93,13419.77,0.2039,24223.84,24,1,61.92,2.4,9,2064.51,2,2.6,16173.13,1
64,104197.44,10603.64,0.8043,10788.14,60,1,66.24,0.9,5,2824.37,0,8.5,8506.08,1
32,70629.94,14352.1,0.1691,35341.46,24,0,82.71,7.1,1,4059.3,1,7.5,1817.29,1
65,37714.29,4923.5,0.4579,23350.13,60,2,99.92,10.4,9,1182.68,3,29.0,14961.51,1
63,77712.41,17857.54,0.1082,22251.92,48,0,94.36,0.3,3,3584.45,4,22.1,23913.28,1
57,48666.41,0.0,0.6209,18208.89,12,0,80.6,2.0,8,1404.05,1,7.1,6385.4,1
35,82489.7,14793.85,0.4691,19919.62,60,0,76.94,8.2,1,3978.62,3,1.8,898.65,1
59,71133.53,10197.15,0.6261,16185.17,24,1,65.91,5.8,9,3853.05,4,6.6,30802.3475,1
37,12000.0,23130.3,0.6744,12587.92,48,1,76.74,7.0,3,490.11,3,14.2,1873.23,0
23,34918.41,29042.49,0.617,32291.31,12,0,83.79,3.9,7,1671.98,1,2.5,15809.48,1
29,73887.7,12351.58,0.2981,15072.57,12,0,83.82,2.4,7,3474.35,4,4.0,30802.3475,1
19,58033.15,26125.81,0.8302,14735.92,48,0,82.3,8.3,6,2715.51,2,0.2,3451.18,1
24,34524.88,12471.07,0.5507,18707.06,48,0,92.96,4.0,2,984.98,1,3.5,1046.73,1
33,42328.21,7270.99,0.4901,34245.14,12,0,80.4,3.6,1,2210.54,0,9.5,16650.71,1
20,16875.27,28967.23,0.9773,31311.66,12,1,78.91,6.6,3,751.54,4,1.3,720.21,0
62,53232.53,19166.21,0.2878,16051.52,24,0,72.23,1.1,7,1733.44,3,5.0,7511.82,1
20,99213.79,15035.51,0.5275,32267.85,60,0,67.21,4.4,8,3935.04,1,1.3,13115.56,1
44,71098.67,20497.42,0.6787,21081.2,60,0,60.06,3.4,5,3495.82,3,5.5,10242.22,1
67,98808.34,17193.72,0.1327,11565.75,12,0,72.88,0.1,3,4586.28,2,32.2,8342.15,1
60,54915.35,14446.24,0.3572,15238.71,12,0,85.32,6.9,3,2185.79,3,8.6,2881.12,1
57,75549.59,4388.52,0.7957,33732.54,36,0,82.36,3.2,3,3401.82,1,10.6,3799.67,1
55,94481.57,12835.71,0.242,40828.45,12,0,81.22,11.7,4,3963.67,4,23.8,4440.82,1
50,62545.27,19986.04,0.4934,23198.17,60,1,90.9,3.5,7,2927.17,1,17.3,10658.48,1
45,51255.45,14017.83,0.628,14334.63,24,1,69.31,0.1,7,2621.58,0,3.4,11388.61,1
18,75653.15,22218.61,0.6677,18750.83,36,0,87.14,2.6,9,2721.04,0,0.0,1925.11,1
25,84076.8,18069.24,0.7237,12375.56,60,1,84.29,0.9,1,3247.95,3,1.8,230.18,1
54,45400.71,7974.91,0.8587,13832.37,24,0,73.56,12.7,5,2034.52,3,24.8,766.64,1
49,40568.62,4446.62,0.395,12849.52,36,0,68.74,3.0,7,2071.89,1,16.4,11497.31,1
65,57777.12,13742.57,0.7025,19206.56,36,2,82.51,3.6,4,2632.53,3,10.8,996.88,1
60,71629.98,10806.17,0.7275,21206.81,36,1,97.81,2.3,4,1825.98,3,11.7,3746.34,1
54,70961.82,17690.57,0.3043,18518.39,36,0,63.05,3.7,4,4118.16,3,15.1,7999.04,1
21,26516.65,9254.9,0.9588,17786.77,36,0,98.12,0.4,5,688.07,4,0.5,8019.47,1
47,93232.12,10076.86,0.8579,27604.92,36,1,78.59,3.1,2,4929.34625,0,11.3,7713.89,1
23,42176.7,23424.56,0.2941,17707.91,48,0,88.4,5.4,1,2327.69,4,3.3,25220.6,1
63,49698.7,16185.62,0.6716,18349.84,24,0,92.13,2.3,6,1598.2,1,17.0,5863.54,1
36,36946.91,9378.18,0.7134,18234.4,60,0,66.06,2.5,2,1878.43,2,11.7,1815.1,1
49,108025.5475,15141.13,0.4329,35432.88,12,1,61.8,9.1,7,4455.9,0,16.7,560.58,1
26,59841.41,26031.29,0.8565,15087.85,60,0,65.14,3.8,8,2328.92,1,3.1,7211.27,1
29,37980.5,17350.29,0.6864,25962.96,48,0,73.64,4.4,3,1135.39,3,8.0,9304.66,1
28,72278.47,19743.61,0.655,12516.22,48,0,98.26,1.8,9,2915.91,2,4.1,8616.0,1
63,70382.72,8982.12,0.2264,23499.45,36,0,61.71,3.3,7,3255.28,2,27.6,2131.16,1
33,51245.46,23211.36,0.4097,25462.33,48,0,96.79,0.3,5,2131.99,2,9.9,436.34,1
18,71812.13,33544.82,0.4352,30842.59,60,0,82.45,2.8,4,2331.35,4,0.0,20934.81,1
62,38494.16,8668.26,0.729,16157.32,48,0,64.09,8.1,7,1587.22,1,12.9,5887.36,1
38,45141.63,5544.85,0.616,8860.37,60,0,66.11,0.9,6,2442.4,4,4.8,1121.17,1
47,14795.67,16404.34,0.0941,12160.15,36,1,87.57,7.2,6,773.22,4,12.0,10796.58,1
30,28520.98,22004.04,0.3115,29645.42,36,0,84.34,2.3,2,895.35,0,8.6,10576.73,1
51,91152.62,14268.88,0.4736,40817.52,48,1,66.7,0.1,4,3765.56,4,10.9,9490.77,1
21,87828.57,6574.35,0.732,28344.53,12,0,96.17,15.3,8,3963.47,3,0.9,2642.98,1
45,56315.77,14131.33,0.7387,7378.61,36,0,65.32,1.0,7,2406.62,2,3.4,18976.48,1
55,88258.63,19784.74,0.4907,28006.53,24,0,80.46,2.0,3,4149.94,1,21.8,920.03,1
48,51798.51,11743.75,0.1246,10562.09,24,0,81.13,3.3,4,2476.53,4,17.7,1243.62,1
44,50131.79,19858.04,0.297,16508.57,36,0,94.82,14.9,3,1928.66,1,17.8,4859.75,1
22,56130.21,24317.69,0.2596,21872.31,48,2,60.89,4.4,9,1855.9,0,1.8,22985.75,0
42,52501.57,16921.85,0.7754,23553.69,36,0,65.46,11.8,7,2086.47,2,17.4,17287.35,1
20,50696.07,14776.42,0.1864,20654.42,48,0,66.83,4.2,8,1449.97,0,0.3,23960.21,1
50,77867.96,21634.75,0.4656,13988.88,60,0,62.52,1.1,5,3886.59,4,15.8,12063.27,1
21,58002.71,8151.19,0.6673,30599.58,12,0,85.26,4.2,5,2949.56,1,1.3,9718.27,1
42,69249.64,7362.32,0.9555,14724.34,12,0,69.18,0.5,1,3908.51,0,17.5,15311.16,1
37,75627.61,12867.42,0.9893,32545.13,60,1,83.07,0.6,9,4156.94,2,14.0,2229.1,1
51,62763.72,11064.96,0.9439,6406.2,60,0,91.3,0.6,9,1835.45,4,25.9,1180.81,1
43,35594.57,8573.26,0.7139,22155.3,60,0,76.34,0.1,4,1537.59,4,8.7,26652.11,1
22,27942.68,29643.75,0.7415,7738.49,12,0,90.75,0.8,1,1355.71,2,1.5,18174.02,1
52,57975.61,32375.95,0.754,11659.17,36,0,91.11,2.2,3,3050.06,0,8.0,5472.7,1
45,51574.87,12170.36,0.8554,14869.88,24,0,70.54,0.4,5,1801.81,1,16.7,15055.51,1
46,56747.83,15733.75,0.9427,35206.05,48,0,60.63,0.0,6,3285.56,2,19.1,7133.4,0
26,54678.92,13497.26,0.4468,33080.25,24,0,64.13,0.6,9,2286.18,0,5.6,164.55,1
69,106671.47,23859.99,0.4182,28742.49,48,0,92.94,13.7,8,4310.58,3,40.5,152.23,1
55,28395.47,25445.16,0.4613,20332.86,12,0,76.21,3.7,8,1109.28,0,18.3,6403.31,1
67,15201.07,781.89,0.6566,21880.59,36,0,93.56,2.9,1,470.22,0,12.3,8825.37,1
23,61647.54,18808.09,0.7699,32664.79,24,0,81.9,3.3,7,2688.01,3,2.6,17302.89,1
36,47471.55,4545.43,0.8631,27013.05,60,1,67.9,4.0,7,1384.07,2,6.4,8909.12,1
61,61321.36,29066.18,0.4571,20180.08,60,0,88.49,0.6,4,3257.25,2,14.3,8992.86,1
28,66677.66,18521.98,0.3661,34866.72,60,0,82.33,4.4,8,1773.95,0,5.9,30802.3475,1
19,80682.09,8413.2,0.9737,28145.3,24,1,74.07,9.0,7,4309.84,3,0.2,16.16,1
64,24855.48,13069.43,0.2372,22424.2,36,0,63.51,4.1,1,1293.17,1,22.1,4285.48,1
61,43865.64,12688.18,0.2276,15410.23,36,0,64.09,10.7,5,1536.31,0,8.5,26525.64,1
61,63575.23,19200.9,0.7111,14507.58,60,2,67.54,0.7,7,1664.93,1,31.1,4828.5,0
26,70409.27,23335.3,0.1861,16638.25,24,0,86.92,8.7,7,3836.05,4,1.3,2749.8,1
38,98868.99,5814.34,0.4014,24569.91,60,1,89.12,5.4,4,4929.34625,2,15.0,5768.58,1
41,74114.08,29710.04,0.2965,28357.83,48,1,85.24,4.6,1,3420.82,0,18.4,14600.18,1
51,53864.23,27845.52,0.1753,5557.08,48,0,73.49,4.4,9,1445.42,0,8.7,14389.16,1
39,37191.28,7997.41,0.5781,2000.0,24,2,77.62,0.6,5,1560.47,3,3.5,4055.06,1
20,43714.2,15582.41,0.376,10485.1,48,0,88.38,5.1,8,2453.91,3,0.2,1252.41,1
29,43145.94,28686.47,0.463,15923.23,12,0,86.39,2.5,1,1232.28,4,2.2,30802.3475,1
45,68104.67,24863.35,0.2019,31959.47,12,0,90.92,0.3,4,2860.32,3,20.0,2619.43,1
47,60139.95,12306.06,0.7625,17195.82,12,0,69.65,1.1,2,3114.1,1,17.7,26215.82,1
43,28527.01,21514.72,0.3184,22547.73,48,0,60.18,2.9,8,1341.88,3,4.1,5161.5,1
65,46281.97,36696.87,0.3459,24179.05,36,0,70.66,24.8,5,1765.6,3,36.3,30802.3475,1
38,72550.95,15841.28,0.2571,9764.29,12,0,73.92,2.8,3,3970.95,0,11.2,2852.32,1
45,62033.25,9938.81,0.4357,34598.89,60,1,98.42,0.8,6,2640.71,3,20.3,11054.98,1
43,66372.89,16379.36,0.4643,13351.94,36,0,68.71,11.6,8,3581.64,0,15.0,17160.31,1
50,62658.43,16972.42,0.5291,35597.91,24,1,93.06,0.2,8,2843.91,1,11.6,5209.54,1
38,87528.61,10803.71,0.9582,18738.24,48,1,84.9,0.7,8,3101.21,4,2.9,1596.05,1
52,59720.86,18533.0,0.8966,16624.97,60,2,66.7,3.2,7,3282.09,4,3.8,1024.13,0
69,47279.54,4964.79,0.6072,8892.11,24,0,76.14,0.5,9,2568.32,0,26.9,2558.55,1
51,36684.9,9675.73,0.0481,21972.85,48,0,80.41,4.2,1,1292.18,4,14.9,565.02,1
58,59992.19,21065.96,0.61,42543.82,48,0,73.77,0.9,2,1932.44,3,20.2,20258.77,1
68,12000.0,961.03,0.0979,24135.88,60,1,69.05,5.3,4,691.52,2,38.7,12178.06,1
64,51314.22,22225.34,0.7061,22704.37,48,0,70.11,0.6,2,2092.88,2,33.7,10559.53,1
35,50883.2,0.0,0.3923,13333.96,48,0,83.41,8.3,1,2964.17,2,5.9,11898.63,1
28,27710.58,1149.4,0.8309,25919.84,48,0,87.52,6.6,8,927.13,2,3.2,10095.67,1
40,36434.68,11008.17,0.9337,21576.18,36,0,78.76,13.0,6,1033.95,3,6.6,363.73,1
65,71193.15,17294.91,0.4188,19371.66,12,0,97.67,0.4,4,1798.0,1,35.6,8582.05,1
39,59614.23,25602.11,0.4613,24947.95,60,0,89.14,4.1,4,2110.73,1,15.5,5326.66,1
34,57035.77,15460.98,0.5883,2000.0,36,0,95.67,6.2,8,2537.75,4,12.1,1721.33,1
22,61126.95,13027.57,0.2032,18994.76,60,0,79.03,11.6,8,2035.07,3,1.0,10968.64,1
61,56852.55,19636.65,0.9188,8029.72,36,0,60.6,3.3,7,2512.43,4,18.4,5583.89,1
28,79857.25,8032.81,0.4343,20288.98,48,0,83.68,15.1,3,2146.46,4,3.5,2968.13,1
47,57468.58,16115.32,0.1735,12758.01,48,1,92.73,0.7,8,3295.81,1,9.5,13173.38,1
32,25835.74,5404.43,0.7575,13441.6,36,0,81.46,2.8,4,945.04,2,2.3,621.97,1
44,87602.6,15660.72,0.2248,6665.59,48,0,82.72,1.5,9,4929.34625,0,17.9,4552.52,1
52,62406.81,13961.31,0.1507,31156.65,12,0,99.0,0.8,7,2672.27,3,10.5,3256.63,1
50,43214.93,8565.86,0.5616,13222.54,60,0,74.65,1.7,4,1752.04,2,11.1,1299.23,1
37,29931.97,16320.33,0.6681,13757.61,48,0,92.07,5.5,5,837.7,4,10.0,1393.25,1
33,62918.28,16268.4,0.5682,35306.15,24,0,80.2,3.3,5,1750.74,0,11.2,2425.15,1
51,52656.56,24403.63,0.6534,25679.57,36,0,78.55,1.0,1,2218.05,2,20.0,205.26,1
19,86482.94,2154.93,0.1232,2000.0,36,0,65.82,0.2,7,3079.9,1,0.6,9072.34,1
52,48081.85,14391.61,0.4765,33853.6,48,0,89.94,12.9,4,1500.52,3,5.7,7156.79,1
57,38252.38,8917.9,0.3599,36478.91,36,0,92.93,1.9,3,1128.89,1,20.9,19443.28,1
45,72915.92,21958.1,0.9639,35543.76,24,0,77.24,0.7,5,3180.74,4,7.7,15874.77,1
64,54915.35,21031.3,0.0586,26681.89,36,0,90.54,0.8,1,2575.75,4,25.2,30802.3475,1
56,58373.03,19063.04,0.3023,8982.9,24,1,83.24,1.5,2,3027.39,2,12.5,228.71,1
23,68527.14,9369.33,0.933,19507.74,36,0,70.3,1.3,2,1918.52,4,0.8,6945.03,1
26,54246.26,22083.76,0.9738,5515.55,36,0,96.95,1.6,9,1370.89,0,5.5,1844.12,1
37,59677.3,2758.95,0.8184,11339.84,24,0,87.87,1.3,3,3365.76,0,9.3,6339.44,1
18,78299.82,1117.51,0.0845,8891.13,60,0,95.13,2.8,1,2002.54,4,0.0,2030.82,1
25,67506.37,4793.03,0.5601,13729.7,12,0,71.26,7.3,7,3622.73,2,2.5,761.98,1
40,51614.51,14732.2,0.4021,21639.54,24,1,96.65,0.1,2,2805.02,0,11.7,17722.13,1
20,82047.25,20401.32,0.8003,15550.88,12,1,74.59,1.1,8,4640.66,3,1.2,5653.24,1
21,12000.0,0.0,0.0639,15121.38,36,1,60.38,6.2,4,497.92,2,1.3,11556.24,1
42,96041.47,25581.94,0.2032,17091.06,60,1,63.0,0.8,6,4397.94,2,11.2,1184.55,1
64,20880.82,16048.9,0.4894,34994.73,24,0,63.57,6.8,1,776.96,0,8.0,8568.39,1
55,42458.14,2457.82,0.1645,41637.56,60,0,68.29,3.6,7,2436.74,4,7.5,17625.58,1
32,54181.65,15807.58,0.6889,15493.04,24,0,67.46,10.7,8,2676.25,1,3.5,22205.65,1
38,52070.39,23740.2,0.8144,23360.74,48,0,62.32,0.1,9,2552.49,3,9.4,3606.31,1
52,75128.22,19795.53,0.7004,11587.22,24,2,95.82,7.7,5,2763.28,1,13.4,24244.61,1
63,33843.27,23792.58,0.4415,27676.51,12,1,93.13,4.2,1,1185.84,2,22.5,6681.63,1
69,60215.34,4070.03,0.8708,15235.5,48,0,90.51,3.2,3,2624.13,0,11.3,2833.26,1
31,43435.76,11687.96,0.1449,12888.95,36,0,79.17,0.8,9,1203.61,4,10.1,7999.6,1
53,60902.82,7602.46,0.2651,40015.87,24,0,77.01,1.3,6,2373.05,2,18.6,11654.04,1
29,53704.55,28740.64,0.4897,6439.31,12,2,77.01,7.7,5,2294.96,3,2.1,859.45,1
34,56858.71,20114.9,0.0701,2000.0,36,1,70.47,0.8,9,2843.31,2,5.7,11827.28,1
56,44001.5,36696.87,0.1038,27348.3,12,0,84.33,3.7,9,1938.49,3,29.9,14155.03,1
26,44798.72,11259.12,0.3995,16323.72,36,1,62.36,1.2,3,1702.37,4,6.2,5638.16,1
52,60745.45,9202.61,0.935,13540.03,24,0,86.35,3.4,5,1575.21,3,5.1,22635.54,1
30,73874.31,13857.39,0.9002,47316.59,60,0,80.55,1.5,9,3591.31,3,8.2,2510.77,1
32,43034.41,26026.86,0.4667,27302.27,36,0,92.66,2.2,9,2177.3,0,7.7,2111.73,1
35,37624.65,12071.04,0.1493,19414.86,60,0,98.91,8.1,7,2011.94,4,3.9,9847.86,1
68,67269.2,15995.5,0.1845,12920.68,36,0,95.06,0.2,1,2126.01,2,34.2,6155.19,1
50,54349.92,15773.53,0.38,24457.88,60,2,88.8,12.9,9,2273.37,2,17.5,5406.58,1
23,71609.96,15315.97,0.2159,2671.47,24,0,77.31,1.9,6,2889.23,4,0.9,9855.57,1
44,36884.06,9780.81,0.0913,14838.99,12,0,68.58,4.5,8,1857.48,1,18.0,4546.25,1
40,19411.22,13901.67,0.6703,19629.01,24,1,86.59,1.3,3,810.73,4,13.9,30802.3475,0
44,54915.35,13559.18,0.5798,22134.92,36,0,68.06,2.2,7,2287.71,4,2.7,23163.49,1
51,39672.95,14939.48,0.2955,18575.69,48,0,60.81,3.1,1,1101.44,3,9.2,3712.09,1
63,53424.23,22548.13,0.7734,13067.89,12,0,82.93,5.8,1,1431.19,3,13.0,2135.49,1
55,42263.1,29085.02,0.7704,29206.62,60,1,75.77,10.3,8,1432.29,3,15.6,1956.03,0
31,69820.34,8276.52,0.4912,3483.46,12,1,95.04,10.1,2,2849.38,2,3.4,15085.65,1
53,49236.99,11864.05,0.1046,17220.76,12,0,85.83,2.1,1,2463.88,0,23.8,9282.1,1
25,58009.49,8399.9,0.9101,14820.69,24,0,85.89,0.5,8,2157.01,1,4.1,7786.58,1
52,58152.69,16496.81,0.6653,30118.43,36,2,91.52,13.0,9,2890.42,3,4.1,10672.82,1
36,58899.1,10693.2,0.2521,15411.17,24,0,73.43,0.2,2,3104.75,1,10.7,13406.69,1
47,54517.42,16918.37,0.6082,24376.64,36,0,98.33,10.6,3,2276.22,1,22.2,2562.0,1
31,65212.01,23829.02,0.4069,23330.47,48,1,68.85,0.1,5,3712.92,0,5.8,30802.3475,1
37,39086.9,0.0,0.6326,2000.0,24,0,94.87,18.8,2,1175.52,0,4.3,4375.75,1
66,82988.36,18934.24,0.4744,19343.53,48,0,96.43,0.1,6,2892.55,2,34.4,814.68,1
42,50269.25,11318.5,0.4858,2572.64,36,0,61.56,0.1,2,2928.28,4,13.5,17999.25,1
57,28769.02,18683.38,0.7312,23512.85,12,0,85.27,3.6,4,879.15,0,15.6,7575.01,1
41,58761.47,7828.24,0.6115,12696.78,48,0,89.98,5.5,8,3254.05,3,8.9,181.59,1
31,37976.39,24570.09,0.0884,31866.7,48,0,98.15,2.2,1,2114.29,4,3.9,9363.37,1
43,68306.69,22306.24,0.0741,18192.32,36,0,70.06,4.7,4,3163.56,1,4.4,9677.79,1
55,99192.11,19546.82,0.3089,12299.44,36,0,82.47,9.3,3,2641.71,2,26.3,11246.27,1
40,39268.56,21345.81,0.4316,31998.59,24,0,90.92,7.9,1,1648.44,4,17.3,9056.26,1
39,61647.45,9035.04,0.2797,11281.1,24,1,65.93,10.8,4,1683.43,0,16.0,3103.45,1
65,19889.89,10043.01,0.6484,28946.95,36,1,94.12,0.9,1,717.05,1,10.3,30802.3475,1
36,64078.1,21019.49,0.2012,24675.29,48,0,76.15,1.3,7,1638.9,4,7.1,6303.11,1
63,37285.72,8858.17,0.7001,16345.68,60,0,85.59,4.4,9,989.14,0,13.7,4911.82,1
68,42503.31,26565.08,0.7677,6640.22,24,0,61.68,6.4,5,2050.37,1,17.0,38.2,1
20,32974.27,12411.27,0.1318,32416.63,36,0,68.92,0.6,4,1903.99,0,0.7,8412.73,1
59,69643.02,19015.16,0.6478,25004.64,60,0,79.13,1.0,1,3557.77,1,30.8,6695.22,1
36,75146.09,31794.0,0.9522,12280.52,60,0,71.57,12.8,1,2870.63,3,13.7,29343.32,1
26,55467.7,9350.21,0.199,22446.06,60,0,98.31,0.1,7,2010.46,3,1.0,3848.8,1
45,37711.47,15550.09,0.9011,30061.62,60,0,91.8,2.6,9,2192.15,2,12.8,11376.21,1
37,86790.46,23433.47,0.6039,21120.19,12,0,94.6,1.2,3,2840.23,1,10.7,9949.14,1
62,39991.8,22610.22,0.5891,22383.99,24,1,78.65,7.4,1,1051.35,2,12.0,15619.58,1
24,12000.0,12377.48,0.0609,30320.04,60,1,78.95,10.0,5,404.47,0,0.9,15860.24,1
31,64167.78,10866.16,0.7433,35372.63,60,0,92.21,1.4,3,2335.02,2,2.0,36.66,1
26,32904.51,13134.91,0.4787,18804.01,36,0,75.5,4.5,1,1357.86,4,4.9,20268.96,1
36,74772.18,26582.86,0.7168,6625.57,36,1,79.23,9.3,1,3608.6,0,6.4,1255.49,1
64,47377.25,12767.15,0.803,6974.24,12,0,81.14,4.6,6,2220.53,2,22.8,540.96,1
69,67074.26,15624.93,0.5233,13090.07,60,0,84.29,4.6,7,3082.2,4,16.4,16459.35,1
31,83030.01,11585.71,0.2684,10651.08,12,1,86.0,2.7,9,4533.74,0,8.7,885.41,1
55,30822.82,20644.39,0.1487,3175.31,36,0,87.23,5.3,5,1367.12,1,6.1,461.42,1
53,43681.26,16244.2,0.1673,38478.25,24,0,77.76,16.1,1,1348.17,2,3.9,2773.44,1
57,53486.58,6972.53,0.8596,25280.99,48,0,71.81,1.8,1,1980.73,0,15.9,7419.8,1
34,85751.03,7249.41,0.1311,14762.02,48,0,96.81,1.1,9,4065.7,2,6.1,20423.5,1
47,41832.35,0.0,0.387,19674.83,12,0,93.07,15.9,9,1778.22,1,3.2,25004.49,1
26,43109.93,8349.43,0.3376,2136.01,36,0,60.14,0.3,2,1909.56,1,5.4,6039.73,1
50,64562.81,21351.57,0.8581,31573.22,48,0,80.52,9.2,2,2256.04,0,15.3,8927.99,1
69,43455.43,25590.08,0.4781,2000.0,60,0,70.98,12.0,9,1503.84,3,35.1,25759.75,1
42,58050.52,20484.47,0.9865,25100.28,24,0,85.71,1.2,5,2322.71,1,10.1,14865.7,1
31,23969.25,19437.06,0.7323,2000.0,36,0,80.11,2.8,7,626.31,0,6.9,9730.32,1
28,99286.6,13987.79,0.8439,15859.92,12,0,60.85,0.7,5,3914.27,3,1.2,2809.47,1
52,28045.82,21199.32,0.1067,32426.89,36,0,89.11,2.3,8,1160.12,1,22.1,6360.95,1
58,48564.95,17290.23,0.258,3660.48,24,0,71.02,3.1,8,1311.62,4,5.8,19594.5,1
31,54350.38,29435.59,0.1427,18512.91,36,2,70.41,3.6,7,1418.14,3,3.8,3722.44,1
47,93253.76,14212.44,0.4643,26277.71,12,0,61.28,0.7,1,2359.47,4,12.4,1569.32,1
58,28503.08,25744.06,0.7139,24641.7,60,0,93.13,2.6,1,1056.3,2,11.0,1677.37,1
21,94674.08,21992.91,0.1757,20701.86,36,0,83.15,4.9,8,3939.31,2,0.4,14806.21,1
21,70143.54,20883.55,0.1376,24957.64,12,1,79.39,3.5,7,2157.6,4,1.8,1802.44,1
45,63341.91,0.0,0.6123,13891.76,60,1,87.03,9.2,5,3474.54,3,10.2,460.17,1
25,35307.33,22433.52,0.2357,39327.96,48,1,73.81,15.1,2,1569.16,0,4.3,19255.93,1
19,66422.82,13979.94,0.4797,3893.82,36,0,82.78,8.5,2,2983.64,3,0.3,27162.51,1
58,40530.27,11448.59,0.0601,31620.71,60,0,69.97,0.2,9,1102.12,3,17.2,30802.3475,1
63,80333.23,3136.7,0.677,21894.95,48,0,62.52,1.2,7,2223.46,4,15.7,4549.32,1
39,35578.76,14955.3,0.5405,26171.09,36,1,82.45,0.5,6,1488.04,4,8.5,24020.62,1
58,52736.83,15268.41,0.6445,27945.46,36,1,68.85,2.8,5,2658.85,3,31.2,1675.79,1
33,43894.54,4575.98,0.2799,25556.29,24,1,90.0,6.4,9,2324.47,1,5.7,30802.3475,1
46,35249.54,3213.76,0.283,11889.78,36,0,78.07,0.2,3,1517.0,3,12.9,171.34,1
66,69826.4,18892.96,0.7953,17137.3,36,0,70.02,1.6,8,3117.01,4,37.0,4251.74,1
65,65709.17,21973.64,0.7142,5484.1,60,0,84.33,0.5,6,2988.5,3,6.3,13651.7,1
47,79180.2,16522.26,0.5781,17015.04,12,0,64.66,2.6,9,2798.78,4,9.4,9209.87,1
29,19402.5,24206.68,0.6256,23225.19,24,1,90.46,13.0,9,1115.91,1,2.7,5104.09,0
52,76283.41,14308.92,0.1022,26071.28,36,0,78.09,2.7,5,4388.34,4,14.2,808.28,1
28,105108.98,14565.19,0.849,23914.34,60,0,92.51,5.0,7,4816.84,4,1.8,30370.19,1
63,45967.18,7663.78,0.7645,2449.1,60,0,65.52,2.4,6,1729.6,4,19.0,19242.43,1
67,92902.97,2518.06,0.5887,14378.26,12,0,75.3,6.6,2,4929.34625,1,14.9,785.35,1
38,49736.77,29837.3,0.9102,13377.51,48,0,67.2,6.8,8,1534.1,4,15.6,13964.22,0
38,27551.81,24050.39,0.1753,6898.32,36,0,62.45,0.7,8,1243.11,4,4.2,1821.98,1
22,54915.35,3859.9,0.6829,11640.67,48,0,98.21,5.3,9,2508.19,4,1.7,30802.3475,1
65,75964.08,16246.02,0.9537,20012.79,12,0,89.07,2.4,1,1909.45,2,27.3,688.22,1
37,38236.47,14199.63,0.3138,34137.89,60,2,73.02,9.8,6,1506.2,1,9.9,2028.41,0
54,42993.23,12808.06,0.025,10469.36,48,1,69.85,0.9,4,1450.23,2,11.9,14814.35,1
20,66870.79,11727.86,0.7302,8711.36,12,0,68.17,11.4,6,3451.14,0,0.6,172.25,1
61,55061.2,18050.15,0.0168,14005.28,48,1,61.72,3.6,3,3071.67,2,16.6,20905.38,1
50,66692.46,21545.4,0.8651,23374.66,60,1,64.11,1.5,9,2052.45,1,4.8,3025.36,0
26,59756.59,18219.13,0.0652,32237.08,36,0,64.12,2.0,6,1851.87,0,2.7,19749.9,1
26,64592.51,14035.85,0.6497,19134.91,24,0,86.65,0.0,6,3685.83,1,4.1,6380.03,1
21,46353.98,13742.19,0.3796,5541.21,60,0,83.79,15.0,3,1949.91,1,2.4,584.92,1
52,59634.62,22494.51,0.2093,7669.17,48,0,82.73,1.3,5,1685.29,3,18.4,7768.12,1
34,36452.54,18707.56,0.8903,21882.81,36,0,89.38,12.0,9,1003.72,4,12.2,12793.75,1
51,80768.67,15581.52,0.7413,29952.54,24,0,70.05,9.6,8,4615.41,1,3.4,7661.66,1
41,42314.51,14712.79,0.3436,38157.42,12,0,73.7,2.1,3,1667.15,4,14.7,23073.29,1
49,77576.95,17762.16,0.2885,8175.99,36,1,65.07,1.2,1,4375.74,2,13.2,13983.86,1
18,50327.86,11253.21,0.7313,21397.74,60,0,83.51,2.8,6,2225.96,2,0.0,1323.58,1
25,59039.98,21572.31,0.8298,9701.55,48,0,97.32,13.6,7,2897.25,3,2.5,471.92,1
62,45100.71,6393.13,0.7115,11013.73,24,0,94.53,9.7,9,1547.02,3,13.5,4489.49,1
40,34680.09,11708.35,0.6372,10166.88,36,1,82.2,3.4,8,945.06,4,7.6,12175.72,1
64,20104.79,19888.85,0.2334,16657.39,24,0,85.78,3.9,1,1029.48,4,23.9,19453.7,1
57,33893.52,5936.94,0.8457,11177.21,24,0,99.69,2.6,4,1037.44,2,20.8,19707.67,1
29,48521.82,2415.93,0.7447,44788.46,36,0,80.69,14.5,4,2371.65,2,5.4,703.39,1
29,59237.58,15504.62,0.5169,15403.24,48,1,94.82,22.5,1,1630.12,3,4.2,16362.06,1
63,75207.59,1428.33,0.5114,29877.78,12,0,80.03,1.7,6,3322.47,1,29.2,3394.74,1
64,46084.85,4609.57,0.5678,13404.72,36,0,61.91,15.0,1,2309.11,1,30.3,25056.72,1
32,37360.78,21052.75,0.8217,42332.41,12,0,97.39,15.0,2,957.87,0,8.5,6860.14,1
58,26145.7,13361.72,0.7374,23390.65,24,1,64.48,3.2,2,992.14,3,8.8,1641.42,0
36,64601.27,25283.9,0.8491,28369.32,24,1,88.17,2.7,5,2882.05,4,6.4,30802.3475,1
43,82663.89,5361.49,0.5071,14089.22,48,0,69.52,10.2,9,4266.28,3,18.4,2286.7,1
69,80326.61,14248.38,0.6222,29764.41,36,0,96.04,14.3,5,2699.06,1,21.8,3198.51,1
46,69198.65,18196.68,0.8475,23348.89,36,0,68.02,2.6,1,3612.7,1,13.0,7518.7,1
39,67770.87,5635.88,0.2377,16210.22,60,1,65.6,3.4,4,3157.92,2,14.2,268.6,1
57,88952.48,23254.1,0.4451,9201.09,48,0,77.55,2.0,5,3251.98,1,29.5,17503.15,1
38,61641.63,19085.43,0.6182,17624.56,36,0,79.87,1.2,4,2156.55,3,15.1,6014.47,1
68,67922.59,2125.7,0.9068,16768.57,24,1,92.76,27.9,3,3287.49,2,13.9,4324.29,1
55,48584.32,14698.07,0.0255,28690.28,48,0,90.5,1.0,9,2387.23,2,5.6,5798.6,1
37,27759.13,18087.65,0.2183,17677.51,60,0,73.13,8.4,1,1283.45,2,8.8,30802.3475,1
46,41323.02,10279.55,0.2398,2000.0,60,1,75.4,2.7,6,1644.83,0,16.5,6782.97,1
68,54816.82,3161.08,0.3301,26461.8,24,0,83.07,0.4,6,1410.7,4,31.9,13979.48,1
21,56215.71,17227.67,0.2862,32931.67,36,0,82.06,2.0,6,2481.0,0,1.7,153.07,1
24,93525.72,32689.94,0.5883,3339.33,24,1,94.48,0.4,5,4246.65,4,1.0,14086.37,1
45,56625.54,11904.13,0.8779,38047.31,60,0,78.9,20.1,3,1869.08,4,9.0,996.34,1
45,78576.87,27553.93,0.6342,33966.52,48,0,95.74,1.5,9,2496.68,3,2.8,15782.91,1
21,46298.46,8981.69,0.2467,13691.19,36,0,68.2,6.9,6,2491.3,4,2.0,25058.02,1
39,48766.48,16724.37,0.8565,8828.4,24,0,94.71,2.8,3,1511.52,3,3.4,2665.32,1
29,28419.85,21172.18,0.6294,30529.77,36,0,72.17,5.7,5,909.23,2,5.7,3245.93,1
62,40153.44,14932.69,0.2246,6303.51,48,1,91.57,1.5,1,1837.48,3,15.0,16505.6,1
20,65539.63,12618.11,0.3644,13316.59,60,0,82.62,0.5,9,2335.66,1,0.8,15357.85,1
39,55151.2,20809.02,0.7842,6848.7,24,0,95.02,8.3,8,2189.77,0,6.4,15750.65,1
61,73858.77,30131.64,0.7342,20059.08,60,0,69.25,6.3,8,3151.55,3,26.5,16503.37,1
19,58625.08,17404.7,0.5751,34651.85,24,0,88.06,0.6,7,3284.99,4,0.3,4235.71,1
41,47950.93,10871.52,0.1519,23749.17,36,0,93.96,6.6,6,1615.23,3,13.8,30028.12,1
51,97965.94,13481.99,0.7972,30180.74,12,0,91.07,4.6,2,2594.52,3,12.2,22871.71,1
44,53121.93,35157.66,0.3114,16481.98,24,1,82.64,0.9,7,1533.19,2,10.0,1366.41,1
58,78260.02,16079.26,0.7662,20973.03,24,0,87.02,8.7,3,2091.15,0,19.3,431.2,1
18,46975.82,10244.69,0.6446,7735.62,60,0,67.86,6.0,5,2355.27,2,0.0,25008.16,1
25,69191.99,5839.46,0.2689,19031.14,12,0,68.66,3.5,4,3992.21,0,3.6,2418.25,1
40,73560.31,392.79,0.2181,12540.3,12,0,70.69,1.0,1,2035.7,0,16.3,13514.19,1
55,59169.84,17908.67,0.1383,18397.3,12,0,93.12,3.9,7,2040.45,4,13.1,10854.72,1
23,12000.0,20237.14,0.2471,17709.88,12,0,66.7,0.9,1,641.51,2,3.0,12906.44,1
39,55365.05,11826.43,0.1647,16855.6,48,0,71.96,1.0,4,3040.44,3,14.9,9618.3,1
42,79609.2,14880.24,0.6147,41075.57,36,0,96.82,1.4,8,2564.17,1,3.8,3373.42,1
35,65549.62,5636.31,0.5968,37675.45,24,0,90.21,5.3,9,3646.6,1,8.3,9014.63,1
34,63916.78,16063.43,0.5844,34161.42,36,0,89.33,5.7,9,2829.16,4,2.9,7591.49,1
29,20554.86,18851.96,0.6391,37950.59,36,1,78.21,0.4,8,1195.63,4,7.2,3657.34,0
23,40590.9,10718.69,0.8085,34193.03,36,1,88.09,5.3,5,1045.19,4,1.8,4278.24,1
43,63227.15,28523.62,0.9053,19776.23,36,0,82.63,0.2,6,3237.12,4,11.5,10417.84,1
44,63207.67,8303.15,0.2358,18750.9,48,2,62.86,11.8,2,1696.67,2,12.3,18064.31,1
25,79293.34,17267.81,0.586,22354.0,60,0,83.06,7.5,9,3923.51,0,3.6,9021.64,1
36,52102.66,21786.54,0.0868,17893.15,48,0,78.09,6.4,2,2942.02,3,14.1,5755.81,1
59,63116.48,14381.68,0.1277,9599.55,24,2,64.56,1.4,1,2265.38,3,18.8,1307.41,1
18,55327.48,13492.19,0.6513,22966.05,12,0,73.77,21.9,5,2008.17,2,0.0,182.49,1
46,35261.15,3569.07,0.4868,4338.79,60,0,95.79,12.9,8,1162.8,3,21.9,918.2,1
62,12000.0,25858.73,0.7532,21376.42,24,0,92.15,3.4,3,472.52,1,27.9,705.54,0
66,63620.19,13640.85,0.4272,10052.27,12,0,96.56,0.2,6,2593.18,3,32.8,1800.1,1
52,58478.94,19298.92,0.135,19189.61,48,0,88.68,3.6,9,2576.71,0,4.5,23415.84,1
57,42636.5,20381.76,0.8646,21912.03,36,0,85.3,0.8,8,2044.3,3,9.1,1634.15,1
31,22616.54,9973.61,0.0912,16471.47,24,0,65.57,4.5,6,1031.17,0,7.5,2147.05,1
52,67594.79,13419.77,0.1952,3594.89,36,0,64.29,21.6,2,1912.77,4,24.9,9486.7,1
65,49681.6,25675.86,0.2814,8119.81,36,0,69.87,7.1,4,2288.9,2,6.8,7741.06,1
62,66137.49,6062.42,0.9854,24582.44,36,0,72.57,1.9,7,2078.28,1,29.3,18102.1,1
37,92280.97,32023.34,0.4185,14425.58,60,0,84.28,3.4,9,3951.92,3,4.4,2609.96,1
66,12171.38,9041.02,0.5017,25608.5,12,0,95.09,14.5,2,542.66,1,19.8,6604.69,1
30,41007.98,5563.86,0.7643,20097.01,36,0,95.63,0.6,7,1621.55,3,8.3,1155.26,1
55,50812.49,16058.47,0.6337,18021.68,24,1,87.29,11.0,8,1977.86,4,8.1,8847.75,1
66,84096.52,32666.79,0.8346,23476.44,60,0,82.96,0.4,7,3294.64,0,26.8,9220.66,1
63,22271.94,0.0,0.4867,13251.03,12,1,69.78,2.7,5,731.2,2,30.6,18823.29,1
66,93717.22,13871.87,0.9627,24003.95,24,0,97.52,6.8,5,4851.98,2,25.9,4009.07,1
25,57717.12,18810.12,0.7909,15804.93,60,0,86.84,2.5,9,2377.41,1,0.8,3536.95,1
60,53079.99,15269.2,0.4033,45362.86,60,0,81.34,4.2,1,2220.81,0,23.5,30429.51,1
37,51038.8,18055.37,0.3836,8660.64,12,0,64.16,3.4,7,1590.07,2,4.3,5980.12,1
50,46274.74,9255.74,0.9209,16427.51,36,1,93.04,4.6,2,1890.35,1,7.2,3414.07,1
43,75962.34,10202.23,0.6807,16830.93,24,0,73.96,0.9,5,3006.2,0,9.3,9317.0,1
56,33629.58,13812.62,0.619,6481.34,48,0,96.02,4.3,6,1304.86,4,24.4,1545.24,1
38,61908.28,5960.9,0.7527,27258.13,36,0,66.74,21.8,4,2468.36,4,3.4,4881.14,1
66,47316.37,14642.51,0.5596,15712.76,48,0,61.94,1.1,4,1571.0,1,21.2,6143.2,1
59,39757.33,11890.04,0.166,2000.0,24,0,77.39,0.3,5,2047.38,4,29.6,21486.96,1
60,106719.5,11239.64,0.3228,26951.29,48,0,63.13,2.5,4,3362.52,3,18.4,12973.27,1
58,63381.01,17564.05,0.5568,13638.31,48,0,62.47,2.3,3,2723.91,3,12.7,4962.38,1
26,67265.31,434.72,0.0278,18950.99,12,0,88.55,0.7,9,2404.61,0,2.4,6258.61,1
41,77755.54,13167.28,0.4386,26768.23,12,0,70.3,4.2,1,3807.41,4,18.2,28508.68,1
54,26573.0,33538.83,0.7507,16352.93,12,0,85.55,2.9,6,1276.56,2,6.3,18139.03,0
66,90045.84,6311.12,0.1709,16271.03,48,1,82.83,9.1,1,4347.16,1,18.6,1249.91,1
58,12000.0,25284.0,0.0733,44647.02,48,2,65.63,2.7,5,654.13,2,25.0,4443.46,0
34,39624.67,15437.25,0.8293,2000.0,60,0,75.43,21.2,3,2021.87,3,5.0,6217.85,1
41,54915.35,10176.34,0.6149,7140.35,60,0,62.64,7.6,5,1648.94,4,15.9,2254.24,1
38,66634.47,4434.87,0.183,9079.39,12,0,76.87,3.3,8,2540.13,2,10.6,1379.31,1
68,59374.37,16117.46,0.8002,37890.23,60,0,67.29,4.0,8,3201.05,1,21.1,3820.49,1
56,54915.35,26627.18,0.655,13553.87,36,0,63.85,10.1,9,2710.15,0,28.4,10838.83,1
58,54760.05,11886.31,0.3374,22402.09,60,0,72.68,7.4,4,3050.59,0,14.5,30802.3475,1
56,35439.54,14352.31,0.3787,15259.22,60,0,60.14,5.4,2,1876.68,1,29.5,30802.3475,1
30,25055.35,23082.97,0.1628,26032.0,36,0,90.31,1.6,8,734.4,3,1.8,20861.27,1
28,69530.23,17726.97,0.8286,19872.86,36,0,66.33,2.6,8,2503.67,1,1.3,12406.38,1
63,68874.12,2421.79,0.5088,22530.99,24,1,85.03,7.7,9,2393.49,1,7.1,778.16,1
36,86689.89,15791.1,0.5559,32872.46,48,1,93.3,4.9,7,3262.38,4,2.9,159.87,1
28,39199.66,27097.88,0.8758,24402.7,48,0,96.69,15.7,2,1361.98,2,2.6,240.44,1
30,68856.3,14704.47,0.0255,12649.33,12,0,82.3,10.3,8,3522.8,1,4.6,1052.51,1
63,49325.87,0.0,0.0756,23120.67,24,0,91.53,2.8,7,2385.41,1,30.1,6229.02,1
62,78809.5,18105.72,0.1683,44186.53,24,0,78.19,1.7,6,2492.56,0,16.4,187.05,1
18,75439.26,13412.35,0.0394,25649.7,24,0,79.61,0.7,6,2338.18,2,0.0,4390.08,1
57,59224.19,367.24,0.655,21519.1,24,0,81.87,2.6,9,1910.95,0,4.7,30352.57,1
61,48209.4,1566.34,0.6312,6294.47,60,1,86.81,1.3,5,1709.93,3,21.1,8233.57,1
36,74218.64,22800.86,0.2166,27244.19,24,0,86.8,0.1,8,3544.36,0,4.7,9309.8,1
29,67938.09,9140.94,0.1564,28722.27,12,0,91.42,0.7,9,2533.87,3,3.9,6744.52,1
25,41311.19,7740.03,0.1528,23127.23,48,0,84.68,3.0,6,1616.94,3,1.9,30802.3475,1
25,28444.03,14714.89,0.9442,21140.94,24,0,95.31,11.1,6,750.98,2,2.7,1827.21,1
62,49229.34,9846.38,0.6896,47423.698749999996,48,1,88.37,1.9,1,2018.6,3,34.4,30802.3475,1
29,85308.28,15800.39,0.5837,28554.28,36,0,97.16,2.9,9,3388.41,1,8.6,6292.85,1
65,77929.74,13378.24,0.326,32400.28,12,0,90.02,2.4,9,3724.0,1,28.2,25947.83,1
50,32753.45,5400.04,0.4344,20668.82,36,0,89.55,2.3,4,1038.98,0,8.5,10234.16,1
62,31644.85,10910.42,0.0976,18684.06,24,0,94.42,6.4,3,1553.36,0,30.7,2262.95,1
43,80493.68,18542.03,0.9882,26320.99,60,1,86.23,3.5,3,3938.26,2,2.7,15902.47,1
56,32287.28,15335.34,0.75,18674.57,60,0,67.18,2.6,2,1477.04,3,17.5,1427.99,1
45,65185.91,14344.46,0.619,19495.66,12,0,63.32,14.4,8,2407.69,1,19.3,16704.41,1
22,42678.58,30499.07,0.586,24632.06,24,0,72.63,1.6,2,1150.46,0,1.6,357.99,1
25,87340.9,20848.3,0.5042,14871.9,24,2,92.58,8.9,7,2872.68,4,1.9,1540.31,1
42,39591.5,21819.53,0.2623,22204.09,24,0,60.87,3.6,5,2217.33,2,12.9,4449.1,1
44,77867.23,13672.25,0.2319,20800.84,24,0,66.0,2.9,6,4228.8,3,17.5,673.11,1
63,58697.17,16761.16,0.5485,29670.26,12,0,64.24,0.3,8,1853.24,2,25.6,17058.42,1
40,60043.9,11551.2,0.0788,13886.86,12,0,61.49,9.8,5,2144.15,3,6.1,6005.21,1
47,15593.83,21220.4,0.083,2000.0,12,0,92.41,1.6,4,394.98,3,5.4,9647.18,1
62,12000.0,14116.8,0.5596,16893.65,60,0,71.18,5.7,4,424.2,2,12.8,1067.08,1
64,50588.68,16779.02,0.9114,23972.86,24,0,89.16,10.4,8,2614.75,0,9.2,69.62,1
40,59938.12,16284.89,0.906,29641.07,36,0,65.68,3.8,4,2639.63,0,17.0,30802.3475,1
66,32496.04,14854.66,0.0206,13071.57,48,0,76.36,5.1,1,1753.59,3,17.2,1557.56,1
64,33226.13,36696.87,0.1152,25421.0,12,0,64.66,2.1,5,1895.54,1,35.8,17720.21,1
37,66229.45,9667.05,0.5814,31351.54,12,1,60.1,6.5,1,2144.09,3,9.6,10234.55,1
35,66257.09,9594.31,0.8415,27512.51,60,0,84.53,5.3,1,2881.57,4,9.9,16372.48,1
35,52245.18,20552.77,0.9454,12093.65,60,0,79.24,2.9,2,2621.23,0,12.5,9222.14,1
19,70604.03,10238.65,0.8534,13167.74,48,0,76.67,5.0,8,3228.14,2,0.8,4927.85,1
21,31515.95,12668.75,0.6741,24350.03,60,1,63.15,1.5,8,1061.31,3,2.3,7525.51,0
47,47881.3,6308.71,0.2065,36253.4,12,0,83.53,5.4,8,2756.62,0,12.0,7645.31,1
50,87957.55,18932.46,0.0812,20141.65,24,0,91.2,5.6,2,4176.13,0,18.7,1964.7,1
53,56366.44,19034.06,0.0566,18346.72,24,0,62.69,2.9,3,1428.24,3,13.0,10193.41,1
35,57526.25,12478.46,0.6098,6303.83,60,2,76.54,1.4,3,2428.06,3,9.2,1922.56,1
54,101118.93,20718.53,0.0455,16357.13,48,1,72.46,8.1,4,3087.26,0,16.8,7800.69,1
36,27013.16,135.0,0.7345,12847.62,24,0,95.68,7.0,2,1326.46,4,2.0,11152.38,1
64,70928.61,9345.17,0.7082,20271.99,12,0,70.51,0.3,1,1927.07,2,32.5,16687.38,1
45,88279.73,13640.17,0.088,4871.76,24,0,97.77,3.4,7,3209.44,3,9.4,7838.97,1
57,48502.84,5621.74,0.8985,16714.1,48,0,93.14,0.5,8,1719.43,3,16.2,9532.01,1
37,72192.62,1010.3,0.5215,9910.66,60,0,64.01,1.9,9,3950.08,1,6.5,12994.98,1
66,35359.61,12536.83,0.8963,29402.29,36,1,79.23,2.7,4,1913.67,3,21.0,4508.21,0
50,41265.35,20552.16,0.8936,11408.28,24,0,85.96,1.0,1,2164.15,4,14.3,479.4,1
29,62699.33,25256.87,0.2031,14276.51,12,0,83.72,3.2,5,3127.16,4,6.0,3506.88,1
68,70971.33,10621.7,0.383,22821.27,48,0,87.17,6.1,5,4032.33,3,18.2,1259.61,1
32,77418.73,20865.73,0.1419,15462.84,24,0,77.05,2.9,2,2428.82,2,3.6,14276.35,1
58,86392.57,20092.34,0.7695,43594.53,36,0,96.19,1.3,5,4521.06,2,15.1,16817.84,1
56,53651.07,24748.87,0.504,29305.15,60,1,70.81,2.7,5,2545.65,3,12.4,30802.3475,1
19,78872.24,12198.47,0.9202,20172.07,24,0,63.76,4.5,9,3815.9,3,0.5,9201.47,1
46,48153.9,612.0,0.2141,23681.01,48,0,99.12,13.8,4,1889.02,4,17.0,6468.1,1
58,73041.83,15561.49,0.6846,2000.0,24,0,86.08,3.5,1,3414.04,1,24.1,28291.19,1
27,59149.78,6889.65,0.9795,32317.25,60,0,86.37,10.9,7,1946.84,3,6.5,25197.72,1
19,63913.56,9211.96,0.6621,25118.97,48,0,92.7,20.9,5,2727.44,2,0.2,10264.56,1
68,54915.35,12590.25,0.0774,19268.42,36,1,76.86,4.1,9,3640.42,3,22.6,14864.36,1
28,22905.9,12288.58,0.5867,25658.5,12,0,75.45,0.8,3,1095.47,0,5.4,2215.46,1
30,32517.56,16132.47,0.1862,26878.49,60,0,97.97,10.4,4,1545.07,4,5.5,7233.23,1
27,57050.83,20625.25,0.0399,15836.27,24,0,75.47,9.9,2,1873.78,4,4.9,4165.45,1
31,21254.42,12058.12,0.3383,23801.62,36,1,63.14,10.1,6,1127.06,1,9.1,17347.8,1
35,71624.22,18165.58,0.2708,30487.25,48,1,72.31,15.0,3,3995.14,2,2.8,22080.89,1
68,72431.12,15118.53,0.783,24548.98,48,1,94.94,1.6,6,2072.37,3,18.0,5129.79,1
26,61543.41,22483.96,0.3762,17473.94,48,1,63.8,2.0,2,2466.74,1,3.6,6516.44,1
56,32577.32,13491.27,0.7283,22966.51,24,0,88.67,5.8,7,1537.49,2,17.7,2623.56,1
45,82602.78,14368.59,0.0259,33822.39,60,0,70.66,4.1,9,4497.75,4,2.9,21040.07,1
20,95744.21,12004.8,0.0245,27839.76,36,0,89.83,10.1,8,4107.11,0,1.0,1494.38,1
37,57941.54,13702.01,0.0387,8369.33,48,0,80.58,1.5,2,2259.87,3,11.2,24903.87,1
23,65210.71,8732.09,0.225,25866.84,12,0,85.46,5.4,2,1715.58,2,1.9,9600.21,1
44,59034.77,7939.22,0.3765,24541.58,60,0,69.73,14.1,1,2560.95,2,19.2,2811.49,1
19,65607.38,21206.12,0.6057,31641.14,36,0,66.72,1.2,6,2360.36,3,0.6,5553.45,1
46,52608.82,6334.39,0.9762,20328.2,36,0,62.53,1.8,5,3056.8,4,15.2,1071.52,1
55,54308.72,12447.06,0.3573,16306.6,48,0,93.02,2.6,2,2440.46,1,9.0,9025.02,1
20,54915.35,23122.74,0.0645,6318.35,12,0,88.42,0.5,3,2350.85,3,1.6,16448.18,1
33,101912.48,12178.39,0.201,13054.06,48,1,71.73,1.0,9,4929.34625,2,6.4,10555.71,1
47,26998.58,21629.92,0.8899,32079.46,60,0,93.48,2.4,8,1206.87,4,3.6,1804.73,0
57,52923.75,10271.63,0.6954,21979.56,24,0,93.35,0.4,8,2680.2,3,5.9,8033.09,1
19,31390.79,6590.69,0.7844,19002.12,60,0,65.51,2.3,2,1798.7,1,0.3,17593.74,1
34,86840.5,2241.39,0.1317,32956.24,12,0,88.55,1.4,4,4343.47,4,2.1,19710.33,1
58,43245.24,25501.79,0.1423,30896.02,24,0,71.69,10.0,9,2441.01,0,8.7,13668.08,1
29,26135.98,5905.03,0.12,12642.54,36,1,78.69,3.4,8,968.8,0,6.3,4545.64,1
52,67763.74,20977.49,0.85,32009.96,48,0,77.21,11.4,4,1810.53,1,11.6,30802.3475,1
60,89886.22,7000.42,0.2158,3414.19,60,2,84.01,1.1,7,4929.34625,3,16.3,16968.7,1
18,68271.96,25539.07,0.6403,24595.45,48,0,73.89,0.4,8,2953.29,4,0.0,18416.69,1
62,59095.96,32654.26,0.5158,23413.08,60,0,62.93,2.2,8,2996.78,2,24.3,18999.27,1
32,54915.35,1507.76,0.5435,31497.82,48,0,86.91,0.3,7,2740.89,1,4.3,13171.71,1
43,83296.81,6321.95,0.2015,23810.12,24,0,98.42,10.7,6,4195.51,2,8.5,7017.55,1
54,37516.01,21185.05,0.6325,17554.4,48,0,86.71,1.0,2,1012.48,0,27.4,5907.53,1
38,52763.06,19104.34,0.0522,18344.37,12,2,81.58,0.8,8,1436.6,3,8.2,14317.75,1
66,45946.2,21215.37,0.9836,46932.49,12,1,66.54,7.8,2,2557.37,1,19.5,6653.39,0
48,31642.69,10409.96,0.0362,20826.4,48,0,85.01,6.2,3,1250.69,2,8.8,23055.34,1
42,48432.49,30900.27,0.0592,25970.76,36,0,84.44,0.3,3,1696.55,0,7.8,2591.16,1
40,77154.42,15944.4,0.3282,2000.0,12,0,84.75,3.6,2,4281.65,1,13.9,15116.06,1
41,66332.04,5264.3,0.825,11726.43,60,0,95.69,3.0,9,3866.8,2,15.4,2734.56,1
55,67886.21,12974.81,0.262,25187.68,48,0,88.65,2.4,7,3087.05,3,10.0,6334.71,1
45,57929.51,5371.46,0.4725,3854.77,48,0,91.34,0.7,9,2529.49,1,20.4,892.38,1
38,65466.48,27727.53,0.0276,25493.99,12,2,72.53,7.7,2,3638.88,0,6.5,6856.25,1
60,38988.19,9717.35,0.0873,12748.75,36,0,70.82,1.4,7,1206.5,1,25.1,7493.18,1
35,48809.8,18939.87,0.6058,9661.49,60,0,68.27,3.1,6,2250.04,1,9.1,1988.78,1
53,58840.08,11234.61,0.2005,12711.64,12,0,91.13,10.6,3,3052.41,3,4.2,3928.44,1
52,60550.32,10076.9,0.6904,35275.39,12,1,87.94,1.9,3,3006.25,1,23.9,2383.87,1
62,61403.76,0.0,0.7797,23334.18,24,0,73.68,0.2,8,3066.86,0,23.8,5620.62,1
26,52233.29,19785.4,0.8433,10895.64,12,0,65.64,11.0,8,2707.42,1,4.0,10158.09,1
55,54915.35,25393.45,0.1411,27753.4,60,0,93.87,3.4,2,1522.19,4,18.0,1532.77,1
47,108025.5475,7672.26,0.4564,28297.38,24,1,75.37,3.4,1,4929.34625,2,16.4,5018.25,1
61,73135.75,2638.17,0.9381,16186.92,36,1,67.59,4.0,2,2096.11,2,6.8,7909.76,1
51,63262.95,21426.53,0.7666,29591.74,36,0,65.78,1.0,5,1772.98,4,20.8,15982.49,1
49,50335.83,1830.07,0.1246,30067.5,12,0,96.79,6.3,8,2630.53,1,9.7,9740.51,1
20,45975.62,24756.26,0.5025,28513.32,60,1,65.21,1.3,4,2393.7,3,0.8,17355.67,0
20,52383.99,7764.84,0.9139,13262.48,36,1,74.39,1.8,6,1628.07,4,0.3,723.95,1
45,60856.58,6173.66,0.4412,8209.48,60,0,85.29,5.0,4,2668.69,4,5.3,2060.4,1
61,17391.29,16987.7,0.8307,3071.33,60,0,76.32,6.9,8,457.38,2,28.6,25968.34,1
32,23612.21,6694.89,0.4959,13444.85,24,0,79.1,6.6,4,882.14,2,5.0,10860.02,1
58,42262.35,9343.11,0.1147,16321.89,12,1,92.1,0.4,3,1263.97,2,24.4,5305.65,1
40,59142.79,17831.86,0.1549,17135.64,60,0,99.97,7.0,1,2212.79,1,7.9,4504.31,1
57,50214.54,0.0,0.0557,19527.96,60,0,78.69,5.4,4,2226.11,2,27.6,13774.01,1
28,84562.42,28139.35,0.2014,37329.89,60,0,75.15,4.6,8,4382.24,4,4.4,21818.14,1
65,25352.06,15349.12,0.8857,16604.23,12,0,76.27,17.0,5,1067.55,0,15.3,7626.84,1
49,39973.09,4656.27,0.6472,19512.26,24,0,74.76,2.1,7,2240.48,3,20.2,1423.04,1
53,85401.83,6862.04,0.7341,2000.0,60,1,78.95,5.7,6,2422.85,1,17.4,20240.5,1
50,57622.39,22933.17,0.6192,42279.71,48,0,73.32,4.3,7,2475.57,1,15.8,5155.25,1
41,72696.85,19808.42,0.3888,6840.93,24,0,78.5,2.5,7,4015.59,2,13.9,22236.46,1
56,96024.94,26094.25,0.2225,12931.45,12,0,97.82,7.8,8,3150.74,1,30.1,14652.96,1
51,41123.91,9538.06,0.9171,26957.22,36,0,71.45,2.6,9,2084.84,0,11.9,3930.99,1
45,53013.71,17372.67,0.5145,22461.92,60,0,86.07,4.1,3,1776.26,4,12.8,1183.91,1
54,49551.46,18412.54,0.4815,36431.86,48,0,79.48,4.1,9,2853.65,4,11.1,7126.41,1
24,15908.14,20562.14,0.9862,27200.14,36,1,89.3,3.6,1,799.09,1,2.2,840.9,0
21,48792.06,24018.25,0.3863,19187.16,36,0,78.89,3.1,4,2282.32,2,0.4,17596.72,1
54,72621.24,9261.89,0.847,30440.84,60,0,66.42,0.9,5,3928.99,1,13.6,581.5,1
18,65811.79,14086.64,0.8551,31613.08,60,0,94.9,1.4,4,2934.51,1,0.0,28589.84,1
18,67381.66,10118.8,0.238,13398.41,36,0,87.03,0.7,6,2340.95,3,0.0,6873.5,1
64,47489.82,14579.11,0.1029,29630.29,48,0,81.03,6.4,8,1690.7,3,6.0,6596.6,1
37,41878.06,20587.46,0.9661,17777.39,24,0,93.24,6.8,4,1868.86,4,3.6,18496.13,1
36,80385.11,1767.72,0.4274,18965.22,60,0,99.05,5.1,7,3424.58,2,8.6,7918.42,1
46,45053.66,23874.97,0.0122,21429.33,60,0,76.38,12.5,7,2489.98,4,10.8,5489.85,1
27,60881.64,5886.54,0.499,16192.19,12,0,74.12,1.5,8,2621.81,1,3.5,2280.24,1
35,58266.69,12541.04,0.6169,15654.09,60,1,90.14,8.6,9,2448.67,4,8.1,13079.59,1
45,84234.34,24951.54,0.7706,29847.21,12,1,78.18,1.0,6,3364.82,3,7.1,6933.86,1
52,74428.25,17624.08,0.9341,4710.61,36,0,63.43,0.4,1,2179.97,0,6.8,7053.01,1
60,29094.83,17716.24,0.9069,9383.73,48,1,74.18,0.0,2,844.32,0,6.7,2939.2,0
64,31248.94,5554.99,0.9313,26747.34,12,1,92.35,4.3,1,1476.93,1,32.9,1550.24,1
48,66578.2,6647.31,0.0415,19271.01,12,1,88.27,7.5,1,2682.62,1,19.3,3802.11,1
44,53713.25,22530.05,0.7075,29915.13,24,0,94.51,8.7,6,2320.82,1,9.4,16362.87,1
28,45896.56,10286.85,0.2313,23579.32,36,0,65.87,3.2,1,2565.74,4,2.9,9855.04,1
66,75312.56,11040.71,0.1938,6662.95,12,0,69.76,0.3,6,3848.39,4,22.2,4339.7,1
66,58749.19,22711.61,0.7943,20628.34,12,0,68.59,0.2,6,2211.98,3,7.7,3506.12,1
55,56049.15,6600.69,0.4188,25345.48,36,0,98.85,12.5,8,2854.65,4,27.5,37.06,1
22,70596.57,17153.88,0.9083,22340.4,60,0,66.76,0.5,3,4056.24,3,2.0,312.84,1
25,47497.82,15343.26,0.0516,15317.26,48,0,83.92,3.4,6,1446.15,0,5.3,6546.59,1
51,86370.38,14978.51,0.7961,17260.6,36,0,85.32,0.4,9,4741.18,4,25.1,2961.61,1
65,39239.05,10852.51,0.1441,14399.15,24,1,84.76,1.0,8,1444.33,3,22.6,27617.4,1
69,68138.58,10361.16,0.183,6748.03,24,0,87.67,0.9,6,3374.72,1,22.9,8146.39,1
29,83676.66,6373.09,0.4778,5372.6,48,0,79.36,1.6,4,3987.07,0,3.4,23228.59,1
55,27454.09,18861.32,0.3977,23900.21,24,0,63.35,2.6,9,1333.45,3,24.9,2269.83,1
18,48133.3,9654.81,0.4864,11285.42,36,0,88.05,0.7,7,2634.36,3,0.0,1311.72,1
48,77844.15,22749.96,0.9312,25755.98,60,1,71.24,18.1,2,3582.07,3,6.7,17909.22,1
21,78144.89,13203.56,0.6542,14049.33,24,0,63.03,0.0,4,2450.37,0,1.9,9401.03,1
66,51570.09,6532.4,0.2945,6868.51,36,2,66.79,7.4,2,2439.14,2,10.9,12351.96,1
62,40306.58,13097.49,0.1795,15920.56,24,1,71.49,3.7,8,1462.5,4,9.9,8032.32,1
67,74118.72,11713.14,0.4216,40943.75,12,0,77.3,0.4,8,4210.82,0,13.9,4423.63,1
22,78670.98,23072.83,0.4526,19043.89,12,0,94.45,0.6,7,2788.3,1,2.3,3403.83,1
47,31706.73,12048.0,0.5993,26458.67,60,0,81.46,4.5,6,1047.47,0,4.3,1001.28,1
41,30921.73,12790.32,0.2707,21688.04,12,0,78.88,1.9,7,789.09,1,7.4,830.86,1
20,59505.13,26292.37,0.7622,5948.02,12,1,67.65,3.0,4,3197.55,0,0.9,5980.25,1
28,67587.21,19066.14,0.1065,34489.63,24,0,98.37,4.0,3,3753.49,1,6.6,3460.13,1
62,49018.62,28301.65,0.5592,17521.78,24,0,96.34,4.3,1,1335.98,3,14.7,8652.56,1
21,68585.88,25072.36,0.6211,6894.87,48,0,92.64,4.4,8,2662.55,2,1.3,12334.69,1
43,40797.27,7902.7,0.2127,14877.66,60,0,72.93,0.4,2,1589.18,4,13.5,10629.42,1
44,12706.13,22919.61,0.8195,17937.56,12,2,82.47,6.7,6,656.6,2,7.3,21467.59,0
63,46521.98,27202.43,0.6131,27494.8,48,0,75.55,1.7,8,1696.03,0,33.8,13267.29,1
60,56264.64,27262.51,0.6428,13192.37,24,0,76.12,0.6,4,2050.64,4,14.8,5014.14,1
44,49483.2,22904.77,0.4978,46203.46,48,0,62.89,0.5,2,1784.24,2,16.2,4473.48,1
59,31827.93,22740.18,0.9014,10628.31,12,1,65.6,1.4,3,1251.06,4,23.2,622.81,0
68,18687.02,12578.71,0.69,26119.95,48,0,98.45,5.0,7,867.49,3,27.5,8017.78,1
67,44718.22,8300.94,0.3842,2000.0,36,1,84.4,3.2,4,2561.69,2,18.9,11347.64,1
23,72953.12,12182.26,0.2438,18763.01,60,0,60.25,0.6,2,3108.25,4,3.5,3831.97,1
32,80123.95,1681.69,0.0796,23672.34,12,1,92.37,0.2,7,3043.34,4,9.1,18733.7,1
47,78754.27,25742.36,0.1721,8804.17,36,2,63.48,0.1,4,2015.02,4,14.3,4487.3,1
59,38681.81,12733.66,0.9828,34990.45,48,1,88.33,2.7,7,1173.62,4,13.1,4419.96,0
54,31925.87,25330.65,0.4086,24344.77,12,1,84.83,7.8,8,1807.09,1,17.7,3816.64,1
54,64932.69,5148.0,0.8907,16823.6,48,0,62.52,4.3,6,2185.49,1,5.8,988.65,1
59,67702.0,23661.0,0.1772,24236.78,60,0,81.24,8.3,8,2147.85,1,19.6,30802.3475,1
54,63003.39,11040.95,0.4269,14066.86,60,0,61.9,1.9,7,1936.77,3,21.2,6607.53,1
52,14718.73,4725.04,0.9513,32513.8,24,0,62.58,0.8,2,656.5,3,25.3,28077.48,0
40,37662.31,28016.94,0.0993,30152.99,36,0,62.05,8.1,2,1437.38,2,13.3,8552.75,1
23,54406.22,23858.49,0.5921,23733.9,60,0,70.22,6.5,6,2419.13,1,1.3,20285.06,1
21,64744.36,16694.34,0.9108,26116.92,36,0,92.07,4.4,9,3720.67,2,0.4,9221.34,1
35,70346.15,15271.5,0.9407,5228.04,48,1,74.5,10.9,6,1933.53,4,5.1,10444.64,1
26,57885.07,18516.08,0.8391,34669.45,36,0,85.58,5.0,9,1707.07,0,3.0,30102.33,1
66,61615.68,16557.03,0.8488,19006.42,12,0,64.99,3.7,7,2718.48,4,5.3,14359.7,1
46,56697.31,8661.79,0.6491,30250.46,24,0,97.31,3.5,8,1727.3,2,21.3,1962.78,1
30,68712.39,11703.58,0.226,27498.42,36,1,80.17,4.8,3,3237.24,0,6.1,10731.14,1
64,61257.31,30685.74,0.7261,30097.15,36,0,60.98,3.6,4,3193.94,3,35.0,4143.58,1
69,56314.75,36377.25,0.9688,9522.37,60,0,81.5,1.6,1,2773.96,0,17.5,5218.59,1
34,49632.62,27501.35,0.5254,10795.01,12,0,67.38,15.4,9,1765.88,4,9.6,20299.03,1
62,56625.83,18825.79,0.2655,42482.75,60,0,67.83,15.9,3,2997.73,2,24.2,19185.77,1
49,64691.83,12298.01,0.572,4806.58,36,0,84.01,0.9,1,2717.73,1,8.4,4358.53,1
65,60349.51,8614.51,0.6868,9023.9,48,0,69.06,3.8,9,3084.07,4,13.7,23806.33,1
39,62616.53,9141.74,0.2141,20432.44,60,0,68.56,7.8,9,3573.06,2,8.0,6420.39,1
21,81854.44,10573.86,0.7148,20449.8,60,0,81.64,0.3,2,3315.62,4,0.7,3359.43,1
22,60303.28,32209.31,0.5857,14599.82,12,1,69.42,0.7,7,2442.41,0,1.3,448.49,1
54,42020.03,29450.26,0.6101,26160.79,60,0,64.42,3.9,2,1399.55,3,18.0,3708.57,0
58,72672.14,20970.23,0.3099,29020.83,60,0,76.33,0.1,5,2114.65,0,10.8,14546.9,1
66,27676.03,7315.09,0.1622,19818.32,24,0,62.08,8.9,2,1370.03,1,14.4,6549.94,1
30,33371.73,22144.45,0.621,17315.1,36,2,96.21,10.3,7,1666.6,2,8.7,2425.48,0
51,61716.95,13091.06,0.5845,19777.38,12,0,78.06,6.7,2,2559.82,0,14.2,6480.22,1
62,65327.93,0.0,0.3413,15026.39,60,0,60.52,8.6,6,3281.17,2,26.2,23968.72,1
39,30098.98,17296.81,0.3,3017.63,36,0,68.99,5.6,8,996.96,4,6.1,3464.95,1
40,47343.65,8264.7,0.3503,23009.24,12,0,98.31,0.8,5,1189.07,0,11.4,11625.83,1
68,42878.32,8535.57,0.4901,27658.36,60,1,79.86,0.2,3,1118.62,0,28.9,1423.72,1
20,45266.47,12996.74,0.9653,18460.73,48,0,74.36,9.4,9,1974.22,1,0.6,20658.32,1
59,73871.96,11013.42,0.7583,2000.0,24,0,72.6,6.1,9,1972.58,0,16.7,7109.72,1
51,69130.11,14725.95,0.8447,14282.85,12,0,76.68,2.5,7,3639.63,3,22.8,3356.09,1
49,54617.56,14341.36,0.5055,29057.22,48,1,68.47,8.0,3,2664.83,2,18.4,19145.43,1
62,44080.76,0.0,0.5256,5617.51,12,0,89.97,0.3,1,2388.61,4,31.9,1531.1,1
68,28007.01,27162.22,0.2102,26958.84,12,0,80.33,1.9,3,1343.1,3,11.5,4351.12,1
66,83403.7,7132.99,0.7166,15545.84,24,0,90.06,2.1,6,2257.25,3,27.4,1850.58,1
38,66842.28,7380.81,0.4232,19812.25,48,0,70.18,0.6,9,2384.02,0,2.2,20511.13,1
63,40866.62,12371.57,0.7376,13141.0,60,0,60.06,6.8,1,1507.9,3,12.1,5760.57,1
61,69391.99,14133.32,0.4109,8644.17,36,1,98.65,7.5,7,3077.36,4,6.1,3477.49,1
38,53595.53,26671.84,0.1163,34342.46,48,0,80.48,4.4,3,3059.93,3,12.6,19375.83,1
61,49257.81,17155.39,0.1796,28158.39,12,2,63.19,2.7,7,2495.53,3,19.5,23396.74,1
28,63704.23,19531.72,0.8053,26447.21,48,0,64.15,4.7,2,2127.99,0,4.5,1020.43,1
56,40170.04,17196.29,0.2634,29085.55,36,0,77.39,11.4,3,1134.78,2,14.6,9214.25,1
21,48124.87,16851.69,0.2691,25027.15,48,1,87.81,2.2,1,2642.16,2,0.4,8099.49,1
68,57429.22,17477.84,0.9208,29441.31,36,0,75.87,2.0,9,2543.63,1,31.7,17941.9,1
18,45010.98,0.0,0.6545,13360.99,24,1,92.81,4.9,9,1343.22,2,0.0,7027.99,1
45,68381.7,13000.65,0.122,33776.87,12,0,73.16,5.8,9,3616.04,3,16.2,967.33,1
41,92381.33,24298.09,0.1507,32884.31,60,0,61.82,3.1,4,4257.17,1,18.3,30802.3475,1
52,39914.04,36696.87,0.2769,23804.82,48,0,60.33,9.8,6,2181.46,1,23.4,7929.62,0
30,21697.49,5365.53,0.5921,17120.05,24,0,94.38,2.2,7,1093.08,0,3.4,10105.37,1
64,14965.2,18384.64,0.7478,7764.71,48,0,99.38,5.1,7,634.08,1,9.3,533.77,1
51,51990.64,10431.63,0.279,22286.58,24,0,65.31,5.5,5,2276.85,0,13.7,16147.88,1
28,41736.71,31381.22,0.8632,36849.15,36,0,62.48,1.7,4,1771.43,4,6.8,23423.5,0
53,59157.21,4169.74,0.117,8391.63,24,0,96.58,0.1,1,1586.73,1,7.4,3422.82,1
68,57651.95,19999.52,0.2134,30180.75,36,1,64.03,8.8,9,3237.56,0,32.2,3388.83,1
34,22935.66,3742.31,0.9611,15285.61,24,1,69.14,3.3,4,1328.45,4,12.1,2278.51,0
52,18702.32,12451.47,0.142,16139.02,48,0,92.07,0.5,4,657.32,4,6.7,7879.38,1
35,60918.66,14725.49,0.8803,8245.41,60,0,99.92,15.8,3,3186.91,0,9.8,216.38,1
57,57708.58,23557.53,0.6999,12475.07,12,0,79.44,1.8,9,3361.62,1,9.8,1369.95,1
39,46483.64,6382.67,0.0816,26467.82,60,0,68.43,3.2,2,1192.17,4,16.7,9464.31,1
41,21857.13,20307.06,0.484,27711.28,24,0,93.91,3.3,2,781.26,2,16.7,6638.14,1
36,64427.83,15150.22,0.5186,22358.58,36,0,75.77,2.3,2,2834.75,2,6.5,13655.43,1
54,80437.99,17182.35,0.9235,14991.87,48,0,70.91,0.8,4,3068.49,1,4.7,13565.42,1
56,60559.65,22666.66,0.4227,8964.43,12,2,79.62,6.1,3,3467.69,4,5.0,5700.07,1
38,38050.52,4739.55,0.4478,20617.58,12,1,94.23,1.1,1,1194.53,0,8.9,11254.1,1
25,55891.04,21484.76,0.1202,16350.46,48,1,69.32,5.7,4,2129.49,1,5.4,19658.84,1
45,27677.72,10448.76,0.6364,22111.81,24,0,76.95,8.1,2,1368.2,2,18.7,9089.59,1
22,76159.21,23766.99,0.2167,16787.62,12,0,77.77,0.1,9,3927.21,4,1.7,30802.3475,1
34,56636.89,17676.46,0.086,17043.35,48,0,93.31,6.6,9,1606.6,2,4.0,30802.3475,1
54,19636.86,13323.77,0.987,21589.61,24,0,87.04,5.1,2,635.44,3,5.3,7199.33,1
53,48986.51,10279.79,0.2742,23521.92,48,0,91.22,1.1,8,1440.37,3,12.9,3016.68,1
36,64266.03,21586.36,0.1482,32239.21,12,1,87.74,4.8,6,2677.8,0,12.1,15513.68,1
44,48339.05,25087.61,0.6955,16630.12,60,0,83.71,2.7,8,2066.53,0,11.4,1912.68,1
51,49482.09,10737.19,0.8152,25454.95,12,0,65.3,0.4,8,2453.04,0,14.3,14868.69,1
28,30511.96,5935.95,0.0728,38036.22,12,0,93.32,3.7,9,1651.29,4,4.3,5864.16,1
62,66330.82,20553.69,0.1133,25720.76,60,0,84.29,18.1,1,1962.2,0,10.9,15082.37,1
64,42030.62,3411.75,0.0984,31642.51,24,0,88.05,5.2,2,1793.51,2,30.7,3537.95,1
29,12000.0,4555.9,0.056,13793.73,48,0,91.15,2.0,3,492.24,1,6.9,6062.31,1
38,47574.85,6498.4,0.6563,12796.44,24,0,72.47,4.1,5,2609.49,3,6.2,18083.01,1
28,74622.99,11676.4,0.5865,18406.26,24,0,77.49,6.7,8,3178.9,0,2.3,4148.72,1
56,47261.41,4309.34,0.6596,19470.6,48,0,81.65,0.8,8,1544.57,0,24.8,5226.02,1
45,89759.7,0.0,0.5056,30708.25,24,0,73.71,3.8,8,4929.34625,1,21.2,8562.4,1
22,63579.36,5916.45,0.8112,12703.16,36,0,70.34,3.5,6,3562.55,1,0.8,10269.28,1
34,61775.16,20139.8,0.5457,19113.72,12,1,91.07,2.4,2,1803.28,0,3.4,2092.06,1
37,52432.03,4827.65,0.9104,30748.25,36,0,90.15,6.9,5,2801.54,1,9.8,9462.88,1
58,53634.28,12277.84,0.4859,22155.44,48,0,93.27,4.2,4,2837.39,0,17.5,6570.76,1
63,49731.53,30573.59,0.7848,19891.83,60,1,87.87,6.0,3,2220.43,3,9.3,15638.69,0
29,48954.61,14606.61,0.4092,22384.98,60,0,72.47,4.5,5,1995.51,2,5.7,10565.3,1
23,65617.34,17740.25,0.4365,8724.47,48,0,73.08,7.6,7,2044.62,4,0.6,6919.45,1
34,36283.38,7431.68,0.842,8562.47,48,0,81.11,5.0,9,1161.25,1,7.1,19631.16,1
68,33482.12,32307.8,0.1155,4117.86,24,0,93.42,5.7,1,1130.55,3,9.1,9168.65,1
36,32536.1,10669.64,0.5636,22066.82,12,0,73.85,1.3,5,900.9,3,6.6,6325.73,1
43,95913.09,13175.16,0.7218,29188.55,36,0,90.64,9.3,4,4674.0,1,19.7,2171.47,1
65,65606.86,25536.47,0.7454,27655.86,48,0,72.23,0.8,1,1748.88,3,16.8,2307.79,1
61,61089.84,13546.13,0.5897,31436.28,60,0,73.54,2.1,7,1722.77,0,14.8,1607.49,1
61,33849.71,15383.11,0.4491,34542.22,12,0,90.09,11.0,2,1032.6,4,17.4,17265.14,1
69,67466.85,12746.49,0.2656,21446.47,12,0,87.14,0.6,7,3235.99,0,24.8,364.69,1
49,52668.57,12801.34,0.9012,19353.92,24,0,68.33,10.1,7,1520.35,1,3.3,30802.3475,1
23,59283.38,17964.02,0.3724,34759.65,60,0,93.08,3.2,6,1832.92,0,3.4,8933.38,1
53,35467.59,19423.55,0.793,12989.85,12,0,91.38,1.0,9,1994.27,1,10.8,1198.69,1
55,54915.35,9854.01,0.041,8214.67,60,0,91.9,6.7,7,2005.9,1,25.6,16703.15,1
28,46523.33,8871.36,0.2375,16611.21,36,1,78.81,1.7,8,2239.39,3,2.0,20846.83,1
50,39687.78,10126.91,0.3487,15442.57,60,0,73.15,5.7,4,2226.35,1,12.8,4589.11,1
41,69682.13,3789.97,0.6681,20483.27,12,0,93.99,7.8,4,1838.39,2,18.2,4512.95,1
40,24245.84,2276.56,0.3229,11499.8,60,0,83.53,4.2,7,983.2,2,5.2,18745.83,1
32,54915.35,17377.34,0.0505,23697.33,60,1,97.24,7.7,4,2840.01,3,6.4,6640.55,1
44,68689.72,22508.77,0.1804,14308.88,60,1,70.15,13.7,4,3459.13,1,8.5,7177.42,1
28,37407.13,21968.36,0.264,32282.04,12,0,99.03,4.0,2,2137.35,4,5.5,22168.08,1
68,38593.43,0.0,0.1825,8054.34,36,0,75.17,0.8,2,1017.36,4,7.5,1383.4,1
67,50539.49,13039.48,0.2097,18605.27,60,0,75.38,6.2,5,1904.27,4,32.5,21620.9,1
34,60640.72,6183.26,0.7636,16650.86,36,0,69.55,2.6,7,2387.02,0,8.7,26126.5,1
68,51942.9,16149.9,0.4138,22308.9,12,0,98.6,3.8,6,2972.32,4,35.4,136.13,1
31,63671.25,11657.41,0.4071,29267.04,48,0,61.59,4.9,1,3205.06,1,8.2,11464.18,1
44,90259.59,19735.3,0.9573,22662.11,60,0,78.93,6.3,9,4929.34625,3,5.1,3318.28,1
35,44845.66,14846.78,0.4478,18714.09,36,0,74.62,5.1,2,1323.57,3,12.0,8314.83,1
45,20696.4,0.0,0.9191,26912.55,60,0,66.37,1.3,3,534.46,4,10.1,10468.8,1
68,71518.47,7263.31,0.3031,28430.25,24,1,88.53,6.9,4,4102.86,0,22.2,8761.24,1
64,88666.29,15046.28,0.4026,22692.0,24,1,95.93,8.2,7,3194.74,1,6.5,11364.61,1
64,62855.37,15720.88,0.3984,23875.92,12,0,69.74,0.2,7,2947.97,1,11.9,8162.85,1
21,33245.03,3754.59,0.5452,26466.36,36,0,79.91,1.8,2,1005.23,4,0.9,13542.32,1
24,52522.15,2708.32,0.5826,3560.73,36,0,83.13,19.0,6,2281.86,0,4.0,7697.75,1
62,32629.53,15449.96,0.2532,16491.95,60,0,75.62,1.0,9,1839.34,0,19.0,2269.38,1
52,67857.11,3770.66,0.7877,23762.34,24,0,96.86,1.0,9,3285.94,1,12.1,2219.82,1
65,27974.19,1650.96,0.4966,17083.93,60,2,78.46,4.5,3,1120.59,0,35.9,10511.94,1
26,48997.42,11438.88,0.0169,17118.53,60,0,99.31,2.1,3,2731.31,4,2.1,7102.05,1
25,34913.24,11092.43,0.5895,23749.02,12,0,71.81,5.4,8,1019.41,3,3.1,4437.84,1
69,57536.49,7972.8,0.7921,23976.45,48,0,62.93,1.5,1,2338.47,3,14.3,8378.7,1
62,47673.17,9370.1,0.2555,24670.59,12,0,83.0,2.8,5,2102.12,0,11.6,30802.3475,1
34,58535.24,15110.69,0.0471,12077.77,12,0,92.93,32.3,5,1490.02,3,11.5,9954.78,1
34,55447.01,9238.7,0.801,5821.97,12,0,75.54,2.3,7,1419.47,3,7.9,11832.31,1
66,35266.82,15565.58,0.9668,28043.87,60,0,67.4,0.5,9,1608.42,4,4.8,11057.22,0
50,67537.54,11956.25,0.085,12575.84,60,0,89.53,6.8,2,3161.81,1,6.5,11879.35,1
49,54024.69,16341.2,0.9293,11884.75,60,1,70.84,4.4,8,3118.58,4,22.2,2172.76,1
25,35229.42,22025.64,0.3621,10982.48,60,0,90.79,2.9,6,1245.3,0,1.0,1405.37,1
36,99818.53,21713.98,0.9326,31510.3,24,0,70.49,12.0,5,3636.13,0,13.1,15146.48,1
55,64528.6,25305.68,0.6459,22120.27,36,0,82.29,0.8,1,2891.9,1,9.0,2751.5,1
20,51934.79,21705.18,0.8824,23425.23,24,1,95.51,3.4,2,2582.88,3,1.6,91.53,1
22,83304.09,16908.46,0.7801,26895.51,36,0,68.18,1.1,5,3526.66,0,2.1,3549.8,1
30,91836.31,11532.55,0.0374,19576.29,60,0,92.83,0.4,8,4187.17,1,9.4,6238.84,1
64,52093.01,11897.91,0.0741,30126.88,24,0,70.62,2.9,9,1660.54,1,21.2,3128.37,1
63,61947.95,7977.78,0.5252,8031.97,36,0,86.43,14.7,7,3027.21,4,29.2,981.23,1
48,35239.94,15036.23,0.137,9143.93,48,1,69.75,6.4,2,1354.05,1,8.8,2890.37,1
33,52056.14,20579.1,0.4618,8592.31,12,0,64.58,1.3,3,2303.25,4,3.1,839.07,1
67,51018.75,9194.66,0.9455,24216.68,36,0,86.56,3.1,9,2396.49,2,8.5,7681.25,1
49,58696.54,14702.26,0.2989,25064.18,24,0,83.8,8.0,8,1481.79,0,10.3,11560.22,1
39,61655.21,9581.1,0.4891,15274.18,24,0,76.06,1.1,6,2725.72,3,7.8,12482.83,1
46,66196.57,16674.83,0.3866,17675.62,48,0,61.47,1.1,3,3734.83,0,9.1,15598.75,1
39,59752.85,10604.93,0.6272,32680.71,36,0,79.01,1.0,1,1691.5,0,16.2,526.62,1
60,30785.15,9083.92,0.2,13055.64,12,0,65.95,4.7,6,881.09,3,8.3,13621.5,1
20,36230.66,9560.27,0.2647,22954.33,24,0,74.38,0.1,6,1146.56,3,0.5,13707.3,1
27,44071.85,19026.63,0.8516,13142.84,60,1,83.45,4.4,7,1248.51,4,2.2,7086.33,1
59,49355.19,14226.0,0.8051,30959.74,60,0,97.57,8.7,9,2638.22,3,25.1,9184.0,1
38,76015.49,11572.63,0.7834,26284.26,36,0,80.45,7.6,1,4133.31,4,11.3,11290.82,1
33,31741.22,17091.24,0.7655,6010.79,48,0,67.79,5.5,8,1294.93,4,3.4,6871.99,1
29,47851.7,11683.87,0.4602,17391.99,12,1,97.85,1.2,6,2458.35,4,1.3,30802.3475,1
19,74060.19,24012.14,0.7243,2000.0,36,2,61.04,8.5,2,2600.58,1,0.1,499.64,1
58,49002.45,7209.07,0.3895,29004.56,36,1,85.71,15.8,7,2048.15,0,10.8,1205.15,1
41,64208.31,13504.23,0.1087,40473.09,12,1,70.5,1.0,9,2756.25,0,14.5,3220.65,1
52,52209.16,3761.88,0.3955,2000.0,24,1,90.3,12.1,1,1838.29,1,24.7,8500.59,1
47,60135.67,12225.0,0.1655,5729.01,60,1,73.25,9.6,8,2680.67,3,21.2,25643.76,1
47,50430.55,1562.92,0.393,21673.2,24,0,77.15,19.4,6,2678.05,4,11.7,30802.3475,1
64,68341.31,20970.53,0.3015,19815.41,48,0,90.82,1.9,2,3861.55,1,31.1,30802.3475,1
52,24098.87,21132.03,0.5972,15891.55,12,0,95.91,13.6,2,847.27,4,20.5,30569.97,1
36,47733.76,21273.36,0.3643,2623.8,24,1,67.3,1.0,1,2665.19,2,2.7,19796.42,1
67,60931.45,15230.98,0.7015,23234.47,36,0,71.85,1.0,1,2797.26,0,36.5,7619.84,1
25,65673.9,7961.04,0.5119,28875.14,36,0,60.17,0.6,2,2956.01,0,3.4,11194.59,1
43,84859.05,8597.27,0.9111,47423.698749999996,48,0,94.26,2.8,6,2469.02,0,10.6,234.74,1
66,47179.51,27241.38,0.0992,33072.88,48,0,97.89,0.1,6,2296.8,4,24.5,289.12,1
57,84589.64,26485.42,0.684,7012.84,12,0,71.18,2.4,3,2980.42,3,8.7,20547.15,1
24,41819.52,15980.44,0.6689,19881.09,24,1,75.38,4.9,4,1639.92,0,1.3,4570.17,1
47,81572.93,10874.93,0.9416,25920.78,36,0,77.16,0.4,9,2424.17,0,11.7,4698.26,1
24,71349.34,25948.99,0.3741,13117.39,12,0,76.39,8.5,2,2332.02,4,3.0,2126.34,1
20,36730.83,9443.97,0.3093,27800.12,12,0,75.72,1.7,5,1679.69,3,0.3,3011.49,1
18,61140.78,16830.79,0.1789,27033.78,36,0,79.03,0.2,1,2780.19,0,0.0,12365.49,1
53,53975.28,25815.66,0.27,32373.6,24,1,66.15,2.3,9,2174.13,4,26.5,19831.87,1
42,67511.69,8309.29,0.5019,28022.43,60,0,62.31,0.7,4,3106.91,0,8.4,4720.61,1
54,50534.57,21633.79,0.831,22851.44,48,0,88.94,7.9,2,2724.08,1,6.3,10898.83,1
18,48855.08,19164.49,0.2886,13620.68,24,0,93.86,2.0,9,1273.72,1,0.0,13166.27,1
32,82381.89,14683.87,0.1646,7069.21,60,0,92.41,0.6,7,2624.53,0,5.3,7257.93,1
54,53025.58,7052.53,0.2767,22190.16,60,0,85.07,3.0,7,1849.11,4,25.0,5093.96,1
30,71528.45,9204.48,0.1089,15961.66,36,1,98.75,3.0,7,3164.36,4,4.1,9224.73,1
57,50492.97,17315.61,0.9182,16928.03,60,0,60.06,1.6,3,2383.12,4,24.0,8290.73,1
25,88333.27,3613.31,0.8652,31217.9,48,1,72.78,2.0,7,3837.61,3,2.1,3861.68,1
22,41433.31,16045.95,0.3123,33689.24,12,1,72.4,7.3,6,1999.46,2,1.6,4105.21,1
26,42717.13,19328.41,0.252,7646.33,24,0,73.99,5.1,8,1703.63,4,2.2,2220.67,1
18,54915.35,22881.76,0.8973,17895.69,48,0,92.0,1.2,5,4408.08,4,0.0,8392.51,1
53,46101.07,3813.14,0.0117,15667.95,60,1,74.06,14.8,7,1263.65,0,22.8,27759.24,1
52,87021.49,25529.98,0.5986,23149.09,12,1,81.08,1.8,3,3973.56,4,14.3,4163.14,1
19,72836.81,28562.91,0.9077,2000.0,12,0,84.56,3.8,1,1925.94,2,0.6,11136.82,1
57,51907.01,18281.21,0.5084,5391.62,60,0,93.82,4.2,7,1697.3,0,12.7,17322.94,1
40,18734.13,6695.61,0.0129,18825.05,48,0,84.63,1.2,3,506.92,4,9.3,30802.3475,1
26,54613.63,12375.13,0.2245,27861.15,60,2,75.25,1.7,7,2447.09,2,5.7,16324.44,1
51,57032.6,14619.22,0.914,20752.91,24,0,87.79,3.3,6,1825.88,0,4.4,1006.64,1
63,78344.35,17163.71,0.0267,26715.07,12,1,80.62,1.5,9,2198.86,3,18.9,760.12,1
31,86768.94,15175.85,0.3969,21973.08,36,0,81.14,1.8,1,4406.01,3,1.8,12579.99,1
21,41300.26,17249.32,0.7839,32762.9,12,0,73.41,4.7,9,1033.29,0,1.2,13088.99,1
47,71023.64,14274.03,0.8313,34858.88,60,1,60.06,6.6,2,3075.51,2,13.5,21135.67,1
48,70308.04,17120.86,0.4781,12395.37,60,0,74.23,8.1,2,3912.47,2,18.9,15567.59,1
55,76468.25,11315.81,0.2378,28836.45,36,0,72.11,0.6,2,3920.23,1,11.6,8941.14,1
28,64973.8,12294.51,0.5977,25081.2,36,0,64.01,6.7,9,2932.11,1,6.5,12070.52,1
52,16150.05,10391.8,0.2685,45046.68,12,0,67.95,13.8,7,459.28,4,4.8,9491.67,1
25,51891.55,30338.08,0.2602,12021.65,60,0,99.24,4.3,1,2664.1,1,1.8,23252.38,1
20,31885.85,26711.21,0.8014,18832.64,12,0,71.19,4.6,1,1153.59,0,1.0,5999.89,0
31,50947.88,19442.35,0.1612,9677.26,48,1,80.73,15.5,7,1534.25,2,1.4,1997.06,1
30,74600.08,25602.47,0.0154,10270.64,60,0,81.97,10.2,1,4322.94,2,6.6,2054.44,1
62,61103.02,21387.69,0.34,23855.64,12,0,82.4,4.1,7,1713.14,0,26.5,206.41,1
49,77961.82,16450.17,0.4912,22055.43,60,0,61.89,7.3,2,3815.64,3,21.4,17007.75,1
51,61835.08,2955.43,0.701,25414.51,60,0,90.86,1.0,8,2273.43,1,20.9,8765.17,1
62,29033.48,12902.69,0.7755,25197.54,24,1,89.21,2.7,3,1540.08,0,33.2,6236.7,1
36,12000.0,12319.7,0.6602,17643.61,12,0,99.09,6.3,8,518.92,4,8.5,13603.79,1
55,57976.18,5935.4,0.624,17574.61,60,0,67.39,1.7,3,3170.3,3,22.9,3798.81,1
33,50721.47,3110.7,0.6624,10292.01,36,0,82.15,3.0,4,2205.32,0,10.0,13064.77,1
19,35461.09,18941.75,0.2761,12988.46,36,1,92.15,3.4,3,1269.02,1,0.5,19478.57,1
57,20987.46,17596.03,0.3847,19431.98,24,0,64.97,11.4,8,1196.65,3,29.3,9580.81,1
34,40305.14,5660.82,0.6141,21970.3,60,0,91.58,11.3,4,1620.2,4,6.9,30802.3475,1
51,51110.17,9032.97,0.0743,27107.88,12,0,70.8,3.3,9,2726.35,3,8.5,13254.59,1
59,68317.56,24289.78,0.2994,26088.61,12,1,71.23,1.1,1,3620.83,2,11.7,5772.88,1
33,58772.62,7978.43,0.4083,35570.77,36,0,97.82,5.7,4,2571.48,0,5.3,9807.23,1
55,87161.34,16366.39,0.5328,10273.12,48,1,72.55,1.2,4,3634.41,3,22.8,1284.88,1
19,34287.92,13481.77,0.4868,17674.15,60,0,83.37,1.3,2,1194.73,0,0.5,24363.39,1
19,72621.18,19050.91,0.7138,11146.95,24,1,77.6,17.9,7,3173.24,0,0.8,10517.96,1
43,55945.97,8151.14,0.474,32772.87,24,0,63.13,0.5,3,2470.27,0,18.2,5285.08,1
30,54915.35,15720.67,0.896,14975.26,60,0,98.02,2.4,6,2274.13,2,5.0,19209.97,1
64,46269.7,16349.78,0.3827,31550.27,60,0,68.55,4.0,5,2397.92,3,17.3,631.58,1
48,76433.61,16841.45,0.5249,34527.86,24,0,70.71,0.6,9,2770.69,2,23.4,7588.96,1
51,60904.5,15632.59,0.0131,24134.37,24,0,75.09,0.2,4,3053.47,1,14.4,13584.27,1
56,41411.1,17756.87,0.3143,22930.59,12,0,79.94,3.9,5,2399.07,3,30.2,12179.42,1
20,54759.52,32534.16,0.8592,20386.45,24,1,65.77,0.6,7,3186.02,3,0.5,171.51,0
25,50208.88,35490.38,0.3369,16828.94,36,0,85.2,1.4,8,2700.09,2,5.1,2562.81,1
40,64783.57,9886.27,0.2581,15626.15,24,0,80.59,3.4,6,3470.17,3,6.3,19689.4,1
31,31404.47,0.0,0.5427,18525.83,24,0,72.12,2.1,1,1628.81,2,7.2,3004.55,1
44,54412.97,19763.96,0.0872,38243.78,36,0,87.71,6.2,7,2625.0,0,20.8,6521.77,1
46,62906.15,16490.02,0.531,9581.45,36,0,80.56,16.4,2,1958.44,1,14.0,30802.3475,1
56,55660.47,23488.33,0.3076,22046.09,60,0,93.63,7.0,9,1591.83,0,25.8,9092.52,1
56,81938.82,17279.09,0.3854,27113.06,24,0,94.22,40.0,4,3611.05,4,10.4,8144.05,1
18,70480.46,15468.83,0.7855,17156.24,36,0,99.2,2.5,8,3351.58,4,0.0,8642.71,1
34,54850.38,24031.25,0.6587,24160.82,12,0,62.69,1.8,4,2103.65,0,6.8,1978.85,1
58,59333.78,25150.24,0.4472,4953.98,48,0,76.21,1.2,7,3359.74,2,14.5,11655.56,1
47,60913.31,3907.52,0.576,33250.43,36,1,80.06,10.8,9,2032.66,4,4.1,236.16,1
30,63065.99,8467.15,0.7615,31311.49,48,0,69.35,2.5,6,2105.61,4,7.4,3903.36,1
38,18486.84,14155.26,0.7409,19015.74,24,1,96.88,6.2,1,997.59,2,15.7,3685.46,1
36,48969.47,15787.5,0.1916,11201.64,12,0,63.53,5.6,8,2054.92,3,9.6,777.93,1
36,25311.22,13192.13,0.3049,27928.98,12,0,77.14,0.3,2,663.14,2,2.8,4092.06,1
42,80565.62,18473.66,0.3513,8518.81,60,0,67.41,10.6,7,2540.28,1,13.6,9231.54,1
39,53783.01,22968.84,0.1938,9953.76,60,0,87.29,3.3,6,2357.64,3,16.8,4731.79,1
48,51133.18,28781.68,0.0219,19463.91,24,1,88.2,1.3,9,1833.91,3,18.8,209.67,1
34,72935.95,19631.3,0.1805,35180.42,36,0,94.9,19.3,2,3013.22,1,6.3,9830.74,1
40,54915.35,8181.33,0.8021,26405.82,12,0,76.36,7.0,2,3265.3,0,17.3,3646.31,1
49,32427.31,13820.99,0.545,13530.05,24,0,91.0,4.8,9,1345.77,3,22.9,30802.3475,1
27,53581.89,14397.18,0.3448,3179.02,24,0,81.98,22.3,6,2170.37,3,5.8,22991.72,1
27,48296.66,19117.12,0.6062,20415.2,36,0,92.49,7.1,3,1490.78,0,6.8,6685.69,1
53,20109.34,18105.34,0.735,22514.22,12,0,63.42,0.6,2,600.8,1,22.4,4592.34,0
25,41194.48,31403.17,0.3573,19272.2,12,1,78.54,23.6,1,1622.6,3,5.5,721.27,1
69,51329.19,11307.89,0.4668,38063.92,12,0,66.02,4.6,5,1641.85,0,32.2,14.77,1
37,52700.98,18078.0,0.0729,18680.73,60,0,91.61,1.8,1,2020.97,1,3.9,16027.39,1
49,25355.37,33837.69,0.5951,2000.0,12,1,66.11,8.5,7,1111.88,1,5.3,6779.97,0
67,78033.31,10318.34,0.3593,15928.6,48,0,60.32,0.2,3,2243.52,4,13.3,3834.79,1
31,52957.94,16161.19,0.4349,24546.45,36,2,97.18,5.3,1,1670.75,3,2.6,8434.96,1
67,55751.06,7440.96,0.4241,23868.97,12,0,79.38,0.9,4,2986.67,3,24.3,3650.04,1
45,63012.83,15656.7,0.6298,18233.22,36,1,99.41,0.5,5,2905.86,0,15.2,4834.56,1
63,39238.47,8758.26,0.571,16577.82,36,0,78.12,2.2,6,1955.15,0,8.4,759.42,1
69,64127.12,23374.41,0.4237,2000.0,48,0,83.63,2.2,8,2647.66,4,5.4,5834.14,1
41,47658.51,16178.55,0.0266,20857.71,12,0,89.77,4.6,5,2285.84,0,13.5,1534.2,1
32,37068.29,7516.82,0.6185,16613.77,36,0,71.23,4.2,1,1462.1,4,1.9,5631.21,1
39,66468.95,21724.54,0.872,22492.5,12,0,65.31,5.8,4,1948.78,2,12.7,14928.09,1
47,84833.48,16437.33,0.7642,24912.89,48,0,86.45,1.0,3,3357.39,4,4.3,2686.81,1
21,69496.59,22622.55,0.972,32410.68,60,0,80.43,10.2,8,3187.8,2,2.3,2605.69,1
30,73459.55,5818.7,0.1463,10444.35,60,0,93.07,9.8,7,2455.77,4,3.3,12412.53,1
40,44587.39,17950.6,0.2281,7060.18,60,0,61.8,1.2,3,2160.77,2,3.2,7701.67,1
25,23047.61,21186.73,0.5385,14260.33,60,1,81.79,3.2,1,678.78,3,3.7,5452.21,0
35,84802.75,11612.98,0.2412,12644.07,24,0,67.43,3.3,1,2775.07,4,10.3,501.68,1
29,96090.3,4927.98,0.0439,11745.9,36,0,84.69,12.7,4,4725.66,1,8.2,6353.63,1
48,85856.14,14667.14,0.4042,34449.06,24,0,90.42,11.8,5,2818.39,4,20.3,5250.26,1
31,48284.28,24824.92,0.2919,21484.16,12,0,70.52,0.3,7,2219.53,0,3.9,1769.16,1
51,31907.31,24007.44,0.2685,39723.93,60,0,79.27,15.9,1,1548.43,3,7.9,26669.58,1
35,33686.35,11572.57,0.9441,19969.3,12,1,76.81,0.4,4,1080.6,3,5.3,5220.11,0
51,21325.35,4735.32,0.2437,8281.24,48,0,90.19,4.0,4,892.22,0,8.9,8.3,1
28,52852.43,11550.56,0.1368,11918.25,36,1,83.99,1.9,3,2981.03,0,6.0,30802.3475,1
58,87113.56,11252.18,0.1328,30244.55,48,1,64.83,2.5,5,3896.32,2,23.6,6278.19,1
29,52166.75,18571.57,0.8002,8661.48,36,1,99.07,4.9,5,1368.69,3,5.4,9746.86,1
66,61046.46,14159.99,0.7106,25578.77,48,0,96.49,4.4,2,1923.62,2,7.2,4861.07,1
32,82511.94,8973.89,0.1369,16432.47,48,0,83.15,0.9,5,4318.78,3,10.7,15305.47,1
48,46918.09,23834.1,0.2254,10701.74,36,1,91.1,17.5,6,1920.26,1,10.3,3710.39,1
66,95710.63,16123.41,0.7424,33865.2,12,0,60.8,0.1,1,2615.81,3,32.2,6037.93,1
46,94841.89,18483.33,0.2791,14114.34,48,0,68.06,2.1,4,3505.63,3,18.4,5523.85,1
43,52377.77,1200.12,0.9719,11724.29,36,1,90.71,8.1,9,2556.55,1,7.7,5692.46,1
35,43449.31,0.0,0.5398,19211.07,36,0,64.25,9.5,6,2163.87,1,4.7,9883.08,1
49,68944.76,3499.63,0.1982,14917.62,48,0,61.71,8.0,8,3074.37,1,14.7,15490.32,1
39,48049.5,11155.65,0.8516,42149.86,12,1,84.63,2.3,8,2405.05,1,7.4,4967.96,0
55,31868.9,19610.85,0.3231,30603.57,60,0,61.37,5.6,6,1247.33,4,27.5,9899.01,1
34,80624.77,0.0,0.293,14093.08,24,0,67.32,7.2,8,3296.09,4,11.8,666.85,1
40,79328.95,27742.82,0.3309,15246.63,60,0,63.2,4.3,1,3120.52,3,14.1,744.54,1
41,58110.23,16364.53,0.7628,2000.0,48,0,81.37,5.7,3,2019.55,4,2.6,1125.02,1
67,29742.7,25882.36,0.1797,21374.04,48,1,87.08,4.0,5,1388.17,1,33.9,2588.93,1
25,30409.47,7912.24,0.3842,12529.41,36,0,67.33,0.3,7,1432.08,1,3.9,1959.97,1
58,57144.59,19030.88,0.0402,20880.11,12,0,78.75,1.6,9,3074.86,4,18.7,6510.47,1
23,45002.58,15681.57,0.8201,2000.0,12,2,60.81,6.1,4,1603.49,4,1.9,3103.26,0
22,48178.14,21541.49,0.3439,19732.44,48,0,70.59,1.4,8,2235.3,4,2.1,11629.42,1
61,75439.26,13129.67,0.2532,36986.71,12,1,67.18,3.0,1,2747.71,4,12.0,15126.33,1
46,69663.59,18785.72,0.5783,20541.41,24,0,66.64,3.8,4,3843.23,0,14.1,5168.13,1
45,82562.85,23817.56,0.7009,12253.18,12,1,69.0,5.6,5,2956.67,0,15.0,21600.31,1
28,35187.54,9790.59,0.8066,19795.33,12,2,92.21,1.5,3,1804.15,3,5.7,8802.81,0
18,48136.17,16937.95,0.3508,19357.51,36,1,97.99,4.5,1,2540.42,4,0.0,20917.14,1
60,70179.63,0.0,0.8061,41918.33,48,0,88.24,4.5,6,2595.24,0,6.3,6261.69,1
36,63961.57,20620.02,0.4656,16671.58,12,0,62.89,9.3,6,2052.21,0,7.1,4197.81,1
26,85647.61,30637.3,0.1091,7967.07,48,1,85.13,4.0,3,2351.64,3,5.8,7661.31,1
44,63410.73,5044.51,0.8394,20214.58,12,1,89.36,1.7,6,3510.12,0,12.4,4866.2,1
51,91962.18,14268.95,0.5467,21955.33,12,0,64.45,3.7,8,4303.77,4,4.2,3839.79,1
61,65800.36,22043.85,0.6004,25622.96,12,0,71.77,0.6,1,3443.23,3,15.6,1127.34,1
21,76243.35,15251.34,0.9287,27557.62,36,1,77.14,4.7,5,3477.77,3,1.6,6385.51,1
53,48529.7,16320.8,0.558,39555.26,12,1,72.43,12.4,3,1471.52,3,10.4,10191.43,1
35,55285.74,11872.0,0.0155,14043.36,60,1,80.73,3.8,7,1941.59,1,3.9,15883.89,1
32,73218.89,11574.78,0.8632,13134.5,24,0,65.24,1.7,1,2654.21,0,7.1,20289.13,1
68,87259.56,14306.45,0.2891,2000.0,12,1,77.79,2.6,8,3433.7,3,26.3,1860.72,1
30,54915.35,15333.37,0.5017,26616.54,60,1,89.33,11.6,6,1860.94,0,5.1,4880.14,1
36,53336.56,5548.47,0.2108,11126.86,48,0,78.44,8.4,6,2524.81,1,3.0,9448.49,1
66,82546.7,14471.82,0.301,28917.64,36,2,68.42,8.1,8,2808.21,1,29.6,10099.22,1
23,12000.0,27548.27,0.6829,15083.65,48,0,92.08,4.2,3,492.03,3,3.1,20413.21,1
65,26555.31,11646.93,0.431,37259.58,36,1,75.78,2.5,6,716.7,3,17.6,7301.76,1
29,68632.68,5101.96,0.6246,5664.93,48,0,77.0,0.7,9,3310.55,4,1.2,7874.56,1
68,55282.17,13788.67,0.8171,30229.26,48,0,74.3,18.6,1,2391.59,3,27.3,4449.12,1
54,67110.27,9283.1,0.344,29038.43,24,0,71.59,1.0,8,3702.52,2,28.2,30802.3475,1
34,56288.15,4293.27,0.567,25265.76,24,0,84.08,1.5,4,1777.29,0,7.1,2404.38,1
40,54915.35,16113.35,0.772,8827.36,24,0,67.51,7.2,4,3780.8,3,12.8,12935.67,1
43,38711.94,9317.74,0.7108,25311.51,48,2,90.77,2.2,8,2136.7,4,11.7,7403.66,0
46,66409.72,10002.29,0.539,21268.75,36,0,79.27,4.4,8,2314.88,1,7.5,3103.98,1
50,74888.29,16227.42,0.3857,2000.0,24,0,95.34,7.2,9,4113.89,1,10.8,2207.74,1
44,79411.01,2734.6,0.4094,35582.73,36,0,97.56,4.1,8,2758.13,2,20.1,8816.39,1
42,95271.09,1067.44,0.4345,16543.89,36,1,75.32,3.4,1,3448.84,3,12.4,462.46,1
27,59881.97,20366.98,0.3519,34812.18,12,0,66.35,0.3,2,3311.5,2,2.1,30802.3475,1
64,60478.22,0.0,0.6951,19323.39,60,0,80.21,3.3,8,3099.73,4,6.2,4181.13,1
40,24536.55,7186.58,0.1329,29823.26,48,0,70.82,3.0,5,974.24,0,3.0,30802.3475,1
38,44371.77,601.28,0.9581,11404.75,60,0,77.06,10.6,4,1277.44,4,9.0,8211.0,1
38,51138.36,11110.91,0.7734,22144.35,48,0,75.1,3.0,2,2068.13,2,3.5,3686.9,1
60,76006.39,18424.47,0.3022,21439.42,36,0,78.02,5.0,2,4039.08,2,28.7,2616.07,1
30,42779.98,15898.7,0.0517,16763.99,60,1,79.94,7.4,6,1913.59,1,4.1,14540.15,1
54,70926.8,34134.99,0.7071,11307.77,12,0,85.1,3.2,2,1887.8,4,13.3,559.68,1
50,54967.57,23695.32,0.7297,2000.0,60,0,60.15,1.5,5,2122.59,0,10.9,15094.07,1
41,51456.64,7550.74,0.9544,11542.41,60,0,70.26,11.2,9,2486.88,1,10.9,10011.21,1
61,59977.88,5423.56,0.2586,27005.09,12,0,66.81,11.3,4,3261.5,0,34.3,4273.22,1
28,47176.87,36653.5,0.0911,6047.7,12,0,88.42,11.5,6,2715.75,3,7.3,8431.51,1
34,46419.26,23500.58,0.9068,8118.66,24,1,93.29,1.6,4,2455.18,2,4.2,21693.39,1
21,20904.28,19714.96,0.2635,5651.37,48,0,89.03,1.9,8,1129.97,0,2.2,29554.81,1
64,50040.92,15598.81,0.7171,22088.88,36,1,98.99,12.6,7,1609.71,4,23.3,27216.19,1
42,45400.64,17188.17,0.0694,11065.93,60,0,63.09,0.7,1,2436.42,1,14.7,7222.61,1
47,44680.38,3143.41,0.7554,32203.43,60,0,78.59,5.3,2,2496.68,2,13.5,8855.51,1
26,63337.46,16256.31,0.1345,27346.2,36,0,95.97,1.7,7,2922.39,1,4.5,2016.72,1
38,68172.64,15569.85,0.6917,22001.24,12,0,72.76,6.4,9,2812.03,3,7.5,25158.69,1
37,59643.89,7766.89,0.5317,23039.5,12,0,92.09,9.0,1,3104.22,1,5.7,664.12,1
36,74908.3,10691.79,0.9464,12370.52,60,2,82.47,2.6,6,3413.58,0,8.1,6610.37,1
36,66511.24,27121.41,0.0462,12373.07,60,0,99.14,0.8,3,3497.71,1,7.8,2343.88,1
29,49098.88,13998.6,0.2962,27110.27,36,0,74.84,6.6,5,1966.28,1,4.1,5740.33,1
54,45742.87,31569.37,0.0781,29133.92,36,1,76.69,0.3,7,1415.46,3,23.5,11660.14,1
59,61256.44,1074.56,0.8716,27022.62,48,1,66.55,0.1,2,3405.04,0,24.7,5496.55,1
34,66475.34,10822.96,0.592,15294.17,12,0,66.39,10.5,4,3807.63,1,4.8,25961.43,1
54,82956.89,2621.77,0.5343,16086.78,24,0,94.44,8.5,1,4763.8,3,8.6,10220.32,1
65,78823.46,5324.62,0.1388,10682.43,24,0,76.29,4.4,4,4481.45,1,4.9,8390.16,1
56,44170.54,8374.35,0.4893,27682.54,36,0,84.82,5.5,3,1831.1,0,29.9,5702.73,1
45,52959.87,17522.48,0.4007,2000.0,48,0,90.09,15.2,3,2434.29,4,9.3,4278.15,1
58,68420.36,17134.61,0.3194,2000.0,60,0,77.53,0.3,1,3719.12,1,21.1,22519.41,1
52,76359.96,9565.68,0.7667,2000.0,36,1,98.15,1.2,4,1968.29,1,21.2,5419.36,1
64,54915.35,0.0,0.0701,2000.0,36,0,97.53,6.5,4,2243.69,4,11.2,8677.64,1
65,53722.44,26821.54,0.6438,33571.41,36,1,87.2,1.5,8,1638.52,4,26.7,6778.48,1
35,29919.55,12713.88,0.8165,27868.05,24,0,99.81,1.2,7,967.97,4,3.1,9219.8,1
31,35021.27,6069.68,0.8992,8014.03,36,0,60.11,2.9,4,1348.89,1,2.2,2414.43,1
52,60452.67,17199.45,0.741,18940.67,48,0,60.37,6.4,1,2444.95,4,10.6,30802.3475,1
61,61844.51,16635.56,0.2868,34657.9,24,0,62.7,1.2,8,2352.22,1,13.9,4813.88,1
58,33026.41,12418.59,0.5985,25001.99,48,1,97.74,2.8,1,1793.12,1,9.0,3101.63,1
24,55891.39,16188.25,0.1486,41143.76,24,1,84.19,3.7,6,1878.29,2,2.6,384.65,1
58,67624.49,5759.76,0.1247,18857.34,48,0,97.11,0.9,3,3356.01,0,21.3,18515.9,1
30,31975.47,21079.3,0.6359,13448.41,12,0,65.08,3.2,6,1838.6,0,9.0,10526.45,1
35,77099.94,7025.06,0.8441,9188.91,12,0,61.28,10.0,7,3613.38,1,10.1,3538.42,1
54,47449.38,10155.44,0.0759,20236.45,24,0,81.73,6.9,2,1257.0,4,16.8,4657.98,1
30,80152.26,20190.41,0.1139,29360.64,12,0,67.01,3.5,3,2308.03,1,5.7,6460.53,1
53,44330.95,24631.67,0.5643,20991.25,60,0,94.39,0.7,5,2347.73,0,17.6,5441.11,1
48,34467.49,27686.2,0.2238,16418.05,48,0,76.82,0.1,1,1276.2,0,9.0,5534.1,1
19,45837.26,23446.39,0.6096,32565.2,24,0,90.82,0.3,3,1763.29,3,0.6,9773.75,1
33,53097.04,12407.42,0.2203,25288.92,12,1,80.66,6.9,5,2893.6,1,8.4,18908.46,1
26,47230.4,2671.74,0.1242,18865.64,24,2,81.15,6.1,5,2291.54,4,3.5,4735.91,1
26,50679.97,26240.44,0.5447,12334.09,60,1,87.27,6.9,1,2469.6,1,2.0,1986.5,1
55,61679.3,25965.57,0.855,17455.57,24,3,73.42,1.8,9,2925.18,4,25.7,312.16,0
28,51576.41,9624.19,0.6814,24727.47,24,2,97.95,0.5,1,2377.6,4,2.4,5954.72,1
39,53677.75,22369.51,0.8124,12196.51,36,0,76.02,6.3,1,2693.07,0,5.0,2399.88,1
50,54915.35,12342.58,0.271,7663.47,36,0,75.92,12.8,4,1006.56,3,6.5,2435.18,1
53,62833.96,27010.22,0.8783,15198.49,36,0,88.3,3.0,5,1770.32,0,27.9,920.98,1
62,53215.93,10881.08,0.3795,19507.9,36,0,85.45,7.2,4,1721.47,1,11.9,1668.99,1
40,87205.86,30829.21,0.8454,33632.9,48,0,99.83,6.5,9,2496.35,2,15.3,5951.17,1
62,36208.7,21288.96,0.4718,8399.63,60,1,94.01,9.6,2,1880.37,2,5.5,11562.78,1
62,18834.09,29380.36,0.2725,22267.48,24,0,71.38,0.1,7,844.59,4,26.2,5963.09,1
51,67361.37,11289.62,0.2651,17224.29,60,0,64.06,15.5,2,3850.81,0,4.0,12693.4,1
26,61930.54,18240.24,0.5663,17720.59,24,0,64.27,10.0,5,3030.73,2,4.3,14804.21,1
41,34831.34,7245.77,0.0874,35393.66,36,0,74.46,10.5,4,1445.88,3,6.6,10814.75,1
25,24405.02,21751.91,0.9215,20812.12,48,0,79.09,28.1,3,1368.83,1,1.0,251.81,1
24,85747.93,22192.33,0.276,10864.45,24,0,85.48,5.1,9,4904.1,4,1.8,8016.11,1
53,83282.21,34176.19,0.3389,28887.47,24,0,94.31,3.4,1,3823.65,1,6.6,3399.98,1
35,12000.0,18856.32,0.2386,28152.41,12,0,99.58,8.7,8,550.43,4,4.3,20099.91,1
20,45835.54,20792.75,0.0129,9988.29,48,0,76.35,0.7,8,2032.08,0,1.2,23491.61,1
45,88283.84,11233.36,0.6887,8070.63,48,0,81.82,6.7,1,2456.3,2,18.4,5460.57,1
23,45478.75,19331.03,0.5887,24105.2,48,0,84.03,2.8,9,2296.98,4,2.0,13869.35,1
61,45187.76,11960.87,0.8035,19670.31,60,0,82.34,0.0,3,2449.86,4,16.9,4773.6,1
61,49344.81,15926.89,0.0502,15294.17,36,0,63.61,2.9,6,2150.76,0,18.2,6646.41,1
38,54915.35,16396.13,0.9201,30562.99,12,0,64.6,8.0,8,1024.73,3,8.6,30802.3475,0
45,20904.49,12181.56,0.3343,14077.19,60,0,95.55,0.5,4,1088.73,1,7.1,1896.57,1
57,76050.95,15503.56,0.9048,24215.63,36,0,87.02,0.0,9,4170.69,2,30.9,9278.07,1
18,18141.26,11997.64,0.115,31746.44,24,0,87.15,3.0,5,941.04,1,0.0,10160.38,1
53,59945.43,11962.15,0.739,16608.69,12,0,92.59,0.0,4,1921.68,2,22.5,18608.67,1
38,72731.59,23613.32,0.5778,2000.0,60,0,63.37,13.6,5,2344.04,3,8.2,1606.78,1
60,25975.47,16403.31,0.361,15969.32,12,0,76.62,8.7,9,1046.12,0,26.6,23503.08,1
52,36514.63,17776.53,0.0876,21892.84,36,0,69.87,5.0,7,1104.53,4,19.7,11368.81,1
30,79263.58,3341.56,0.6026,30030.06,60,0,86.43,0.1,5,3797.99,2,8.1,30802.3475,1
66,65657.83,18387.67,0.0359,14788.39,60,1,68.6,4.2,1,3191.26,0,6.3,7664.85,1
27,42654.29,19243.39,0.5013,37230.93,12,0,87.68,5.6,8,2468.97,2,1.2,9884.57,1
61,79044.98,11813.29,0.6021,7011.78,24,1,75.52,4.4,6,2973.83,2,21.4,2119.15,1
64,79130.71,31680.24,0.7279,21641.44,24,0,77.58,14.7,9,3892.33,4,16.8,5158.1,1
27,60381.05,0.0,0.9815,17608.37,24,0,92.72,8.9,9,2509.2,0,6.0,15386.03,1
63,36996.8,21274.94,0.2649,33470.91,36,2,73.93,2.3,7,1125.13,1,9.7,3594.29,0
30,46731.03,20702.44,0.3259,5263.53,12,0,70.26,5.9,2,2589.0,4,3.3,29029.66,1
54,60727.73,19332.66,0.3443,24256.35,36,2,94.01,3.1,4,1639.5,1,14.2,13985.8,1
55,51228.1,16409.7,0.727,17557.68,36,0,87.42,13.2,9,1352.7,1,26.8,2521.08,1
41,73779.14,19405.43,0.9232,35291.41,24,0,76.16,4.8,3,2495.91,4,4.4,25156.55,1
19,24404.52,21945.4,0.9648,11714.41,24,1,79.94,4.4,8,1423.25,3,0.6,2619.28,0
39,25114.73,9192.9,0.9369,24153.18,24,1,73.91,3.5,1,645.28,3,16.6,7829.28,0
34,58617.42,17393.56,0.8718,11618.08,12,0,82.05,2.4,8,2292.09,4,10.0,9096.48,1
53,45169.11,13533.47,0.9812,21880.62,12,1,65.55,0.8,7,1910.16,3,17.0,4898.59,0
31,42459.03,6249.85,0.3784,16306.35,24,0,95.54,1.6,3,1506.82,4,6.4,3108.57,1
27,19638.87,20737.36,0.9394,16147.7,36,0,82.16,3.4,2,952.85,2,1.9,635.14,0
52,55390.92,10485.12,0.7558,2000.0,12,0,75.41,0.8,4,2073.86,0,13.9,19274.28,1
42,53944.9,3017.13,0.1751,24145.84,60,0,82.86,8.4,1,2538.08,4,11.3,1823.48,1
20,68069.58,10687.11,0.0546,9177.61,36,0,66.45,0.0,9,2482.28,0,0.9,2840.24,1
64,56378.12,8608.81,0.2202,8833.2,36,1,63.14,12.4,8,1691.03,2,8.2,17801.25,1
55,52347.92,23227.83,0.7732,4447.17,48,0,81.93,0.7,8,2290.08,2,7.6,4062.13,1
34,78540.01,16225.55,0.6291,9439.51,12,0,62.82,0.3,8,3410.52,3,4.4,10197.5,1
29,28750.65,26059.06,0.2299,25004.8,60,0,86.43,26.7,9,971.24,1,5.1,8757.44,1
69,65727.78,9667.55,0.7371,24511.73,12,1,92.01,40.0,3,2434.67,3,10.8,15550.07,1
41,21577.06,21993.36,0.1485,26637.11,36,0,99.53,1.1,7,852.42,0,6.8,10443.55,1
46,38232.76,36696.87,0.8154,9730.19,12,1,90.77,0.7,1,1672.64,3,9.5,4879.2,0
60,30746.86,17848.26,0.7883,22147.82,36,0,98.97,1.1,1,1427.05,1,23.9,18605.27,1
42,70638.85,21893.19,0.9631,13846.16,60,0,60.89,3.6,8,2058.46,2,8.0,10298.63,1
53,53691.8,20548.14,0.1573,29547.3,36,0,82.35,1.9,7,1602.31,3,20.6,5989.58,1
43,54729.94,3623.4,0.8985,24260.14,24,0,66.59,2.1,9,2036.83,0,5.1,4564.99,1
55,32865.34,19686.54,0.3443,13434.82,36,1,69.81,8.3,6,1277.25,4,11.0,9330.73,1
18,49006.13,17451.65,0.4177,30405.76,24,1,89.38,11.0,9,1767.29,2,0.0,196.33,1
37,39730.69,12922.02,0.4691,25073.44,60,2,70.11,17.5,8,1849.57,3,5.4,13881.49,0
45,62669.1,7927.71,0.6244,6129.97,60,0,67.19,3.6,1,3579.82,0,6.2,13284.81,1
33,35178.18,20551.87,0.9849,3284.78,36,0,74.87,1.4,8,1589.08,1,11.7,6342.82,1
64,81595.89,7220.77,0.598,6523.14,24,0,63.33,4.0,5,2512.68,0,25.7,4880.89,1
34,21488.39,32069.16,0.9182,36491.82,36,0,65.86,10.2,9,772.33,0,1.8,16226.85,0
57,38869.6,15913.35,0.2599,9845.37,60,0,65.86,0.2,9,1677.94,2,9.0,1705.11,1
45,88544.01,5213.54,0.4004,38761.4,24,0,69.04,12.1,1,3138.39,2,15.2,13482.7,1
29,46297.23,10888.03,0.5044,9326.81,48,0,94.83,1.3,3,1870.59,4,3.8,272.45,1
44,28702.43,12774.93,0.3264,8261.35,48,0,71.81,1.9,3,1271.13,3,11.9,23874.32,1
59,59381.43,34299.01,0.9673,28799.52,60,0,70.95,2.3,3,2882.03,3,27.1,30424.82,0
64,45492.16,7923.29,0.7212,29255.23,24,0,65.04,12.3,6,1493.7,0,8.3,12814.97,1
47,38282.59,14070.26,0.4793,25558.25,36,0,60.64,1.0,8,1557.03,3,15.9,13773.53,1
58,33082.58,10697.37,0.7463,26761.1,60,0,66.42,1.3,3,1276.85,2,17.7,4560.06,1
51,108025.5475,18994.07,0.4681,11983.78,60,0,88.92,6.6,3,3112.29,2,8.5,21042.08,1
54,49968.96,10824.93,0.0269,28330.03,12,1,98.79,13.6,6,2251.9,3,11.7,3621.57,1
23,16488.65,5887.55,0.5423,22399.97,36,0,89.75,0.6,7,840.54,1,0.6,8376.6,1
24,84874.2,13437.64,0.6227,16347.25,36,2,94.13,3.7,7,4527.32,3,4.7,13464.15,1
49,67221.42,12604.85,0.9716,20946.2,48,0,91.47,12.3,8,1844.88,0,5.9,8788.01,1
49,39670.67,10262.04,0.05,30606.46,12,1,71.84,10.9,5,1738.34,2,19.3,6802.6,1
42,36337.62,10689.52,0.5119,23918.51,36,0,89.25,14.8,6,2104.2,4,9.8,2597.67,1
50,68469.46,24477.57,0.1062,2000.0,36,0,90.02,11.6,6,3435.36,2,13.7,10670.66,1
24,50061.63,12442.08,0.156,28912.28,48,0,70.34,1.9,9,2235.71,4,3.1,14160.85,1
69,16480.44,5926.98,0.6083,28146.39,12,0,96.83,1.2,9,428.4,3,37.7,8414.74,1
29,90744.8,11303.07,0.2369,16209.35,12,0,99.92,11.6,3,2457.98,0,5.4,17052.84,1
33,46320.19,15434.69,0.7442,21167.48,24,0,82.45,6.2,5,1240.17,0,9.9,9144.16,1
33,84911.43,4309.84,0.5139,21127.4,60,1,72.66,2.4,7,4370.07,0,10.3,13788.26,1
60,80568.7,28007.82,0.2238,2000.0,24,1,74.3,6.2,1,3473.59,1,23.3,26995.88,1
53,34979.81,21940.64,0.4939,15983.3,12,0,83.3,1.8,3,1231.45,3,19.1,3176.68,1
30,75663.8,26441.38,0.0109,16370.23,48,0,60.31,4.4,7,4099.47,1,8.4,5945.0,1
24,41971.15,18137.03,0.8555,18412.73,24,0,72.33,1.3,3,2184.78,4,0.8,23796.23,1
53,17665.99,0.0,0.0224,14741.52,48,0,61.96,4.1,6,899.88,1,19.1,6651.25,1
64,46508.04,27282.67,0.0169,26628.42,12,0,84.97,12.8,8,2362.33,0,21.4,71.32,1
68,62952.75,8091.45,0.6093,11908.71,48,0,84.16,7.4,8,1975.42,2,14.3,451.79,1
26,45745.27,8742.51,0.9641,29100.77,24,0,83.64,5.3,8,2478.85,0,5.2,1058.95,1
49,48859.03,16250.6,0.8488,26157.42,12,1,66.04,1.4,1,1542.06,3,9.5,5234.45,0
28,77871.32,26025.84,0.257,33604.18,12,0,97.78,0.3,3,4187.42,3,6.5,4806.39,1
25,57129.88,23426.3,0.2027,37337.99,24,1,81.37,6.2,5,3126.1,0,5.2,9637.7,1
50,38134.03,22250.25,0.6236,37404.52,60,2,82.23,4.3,6,1858.89,0,16.0,2378.35,0
40,69040.61,12505.38,0.8162,8143.82,24,1,81.77,1.2,3,3357.48,3,14.6,5461.84,1
42,58953.51,12379.14,0.3648,23441.86,24,0,80.98,13.6,7,1986.15,1,6.8,11721.42,1
25,12000.0,17767.55,0.4337,12822.14,36,1,97.54,4.0,6,425.26,1,1.5,30802.3475,1
62,63567.06,13959.43,0.1232,47423.698749999996,12,1,84.08,4.2,6,2802.41,3,21.9,6435.91,1
39,62836.57,22114.54,0.1598,26140.71,36,0,79.41,1.8,2,2769.8,0,8.4,27.95,1
21,55402.42,21640.94,0.567,34163.12,36,0,90.66,10.6,6,2012.19,0,1.2,9596.78,1
57,72834.01,19730.73,0.1106,24353.7,36,0,70.06,11.1,5,3997.42,3,7.4,7341.78,1
20,41552.13,0.0,0.208,2000.0,48,1,67.68,6.3,3,1220.53,3,1.5,4350.21,1
46,61730.0,16023.91,0.24,12164.35,24,0,77.57,0.5,1,2344.83,1,4.9,4073.43,1
58,23660.81,14129.17,0.445,13144.17,36,2,60.63,0.4,9,795.4,3,12.2,12958.35,0
46,63141.81,16344.2,0.0547,16098.65,48,0,71.74,3.2,8,3533.8,0,12.1,3890.92,1
51,94061.19,8965.4,0.4998,23595.68,48,0,76.8,0.8,6,2799.3,0,20.5,30802.3475,1
51,35102.87,4401.71,0.9201,25013.33,12,0,83.15,2.0,7,1428.41,3,17.8,1006.1,1
45,39803.96,18705.11,0.034,2000.0,24,0,81.73,0.9,2,1050.98,4,4.1,909.93,1
30,40799.69,12149.59,0.6284,17630.8,60,1,74.7,1.9,6,2078.72,0,1.6,25582.92,1
32,57599.96,19597.54,0.8291,15141.24,24,0,73.73,14.3,5,2709.52,1,7.0,5514.53,1
40,33739.27,9632.68,0.3162,33810.38,48,0,60.05,7.0,1,1791.25,4,2.4,6560.86,1
61,63424.95,26327.29,0.1389,25922.45,24,1,95.24,0.7,2,2204.73,4,21.3,1021.42,1
43,71936.8,23008.52,0.0525,18169.22,12,0,69.25,5.5,9,3124.31,2,5.7,4446.81,1
21,65686.94,17374.62,0.641,22236.81,24,0,74.32,0.2,7,3740.66,4,0.7,8311.15,1
43,19631.69,13293.69,0.5512,3129.77,48,0,60.81,20.6,5,656.19,3,5.6,940.46,1
57,74903.35,21819.27,0.2347,26613.52,48,0,98.27,3.8,9,4129.21,2,25.0,12015.64,1
26,73747.35,18140.38,0.825,16044.61,36,1,79.78,3.5,7,4173.0,1,3.5,10442.76,1
22,71603.23,16908.67,0.7308,11926.21,48,1,60.93,1.4,7,2692.41,4,1.0,8676.97,1
49,62456.84,23342.92,0.2809,33142.32,12,0,70.05,3.1,5,2251.91,2,4.5,4689.25,1
37,59403.79,26412.29,0.7483,22735.81,48,1,95.17,3.7,5,2045.94,0,7.8,4774.18,1
67,75647.79,4980.71,0.2501,13345.69,24,0,75.03,5.4,3,4016.25,4,23.0,20401.64,1
28,93470.27,6596.93,0.6718,13956.07,60,0,87.58,0.2,4,4467.02,2,5.2,345.2,1
32,35939.19,8757.91,0.1262,23659.06,48,0,84.55,2.1,6,1149.3,0,2.3,14299.94,1
49,76562.51,2980.6,0.6884,22881.71,12,0,78.88,2.4,6,4096.33,2,11.2,2105.9,1
45,53275.66,14498.01,0.244,20294.25,12,1,93.33,0.8,7,1671.96,0,9.2,14769.3,1
39,52406.54,19800.93,0.571,7966.44,12,0,61.61,1.4,6,2165.76,3,6.9,6697.03,1
58,24269.39,14828.65,0.179,9445.36,12,1,96.5,1.4,6,699.25,0,28.9,4476.51,1
34,49304.21,10727.03,0.7214,12516.86,24,1,88.72,8.3,5,2298.13,4,5.7,3352.06,1
43,35054.7,24011.66,0.0697,18038.54,36,0,94.55,5.8,6,1647.29,4,13.7,6621.81,1
61,45722.91,16124.45,0.1721,19586.89,60,0,60.68,12.8,3,1695.27,4,30.9,12343.5,1
24,33036.27,17743.86,0.1905,18400.29,36,0,63.39,1.9,8,940.48,4,0.6,8054.57,1
59,46021.83,24233.88,0.0505,18857.55,36,0,68.24,10.7,6,1987.94,1,25.4,10203.28,1
43,46877.79,14014.06,0.7401,38812.46,36,0,83.74,10.0,3,2610.62,4,13.9,27377.71,1
42,56935.1,31481.71,0.9713,28492.5,24,1,63.7,3.0,8,2924.53,4,17.7,9717.08,0
27,22705.0,11417.48,0.7728,31882.17,60,0,97.26,5.0,1,1002.21,2,3.8,8848.57,1
62,26089.64,30983.59,0.8534,24642.64,48,0,89.94,4.6,1,717.68,1,33.9,4713.0,0
36,62238.29,7202.12,0.0159,20724.03,48,0,92.3,1.8,5,2916.48,1,7.7,3919.7,1
28,39051.24,19139.88,0.1255,24099.58,60,0,83.35,1.5,4,1424.17,4,1.5,7531.2,1
30,76490.6,9859.74,0.5578,22258.2,60,0,85.24,0.9,7,3794.09,2,7.6,134.96,1
25,59505.39,23956.53,0.9683,28079.78,12,0,68.84,9.1,2,1568.13,2,0.8,8583.51,1
57,67135.24,11174.14,0.6575,10248.6,36,0,96.4,3.8,2,2757.04,0,30.3,4055.49,1
21,83213.85,17326.97,0.3767,27247.47,12,1,85.96,2.1,6,3068.75,2,0.3,14942.5,1
64,48805.78,9795.66,0.1532,21670.59,24,1,76.71,3.6,2,1243.68,2,27.3,1475.18,1
48,43510.27,22497.8,0.1598,2000.0,24,0,95.27,0.4,5,1769.8,0,5.2,12825.82,1
45,72434.05,9753.99,0.3655,20857.22,60,0,94.55,0.6,8,2177.46,2,12.2,5911.48,1
28,65190.27,28467.32,0.7095,6937.82,24,0,60.02,7.1,9,1677.38,0,1.8,5463.53,1
60,51253.39,7032.02,0.0412,14650.02,60,1,96.99,11.6,2,2332.12,2,21.1,464.3,1
18,82829.16,4234.98,0.8451,18408.09,48,0,74.54,1.9,3,4795.37,4,0.0,4210.87,1
66,50755.11,22612.42,0.9327,4928.98,36,0,76.89,2.6,3,2414.95,1,7.1,26937.86,1
64,55655.47,10266.85,0.881,19462.59,24,0,63.41,2.3,2,3027.98,1,9.3,123.1,1
69,55424.45,14942.1,0.9048,20684.68,12,0,95.1,3.3,6,1618.76,4,30.6,1547.89,1
55,36308.12,12422.07,0.025,27550.74,24,0,81.57,2.7,7,1266.15,2,20.9,15409.87,1
41,56551.71,4499.13,0.9682,15462.35,36,0,96.23,2.4,1,2862.18,4,7.0,5212.84,1
64,82935.2,14384.05,0.369,22744.75,24,1,91.23,3.4,4,2567.89,1,10.5,1595.57,1
48,63899.37,25119.33,0.8619,19045.87,60,1,95.92,1.6,2,2866.41,1,17.2,1905.71,1
58,55621.27,23025.1,0.1931,15817.29,24,0,97.93,14.3,1,2265.41,4,19.0,1270.71,1
63,51764.65,16854.34,0.4476,3294.23,48,0,95.44,1.8,8,2334.35,2,12.4,449.42,1
67,61617.34,23898.15,0.0533,18884.0,48,1,68.39,1.2,8,3524.68,1,38.5,30802.3475,1
43,69995.33,6523.85,0.0493,27445.12,24,0,62.8,17.9,4,3536.96,4,9.1,6686.01,1
66,67184.78,12396.37,0.9344,10662.83,12,0,84.81,1.3,6,3894.67,1,27.9,3097.96,1
67,48362.7,18166.44,0.8044,17822.16,24,0,66.2,3.8,4,1406.09,4,35.2,7322.52,1
22,61495.63,13956.68,0.5292,19295.13,60,0,94.52,2.0,8,2487.58,1,3.1,4617.12,1
37,64598.79,13025.41,0.5249,31024.41,60,1,97.9,0.4,6,2146.06,4,13.8,16855.93,1
69,34856.1,5394.85,0.7438,20301.08,60,1,64.85,15.3,9,1645.23,3,26.2,9167.79,1
58,58364.61,0.0,0.3448,22880.87,12,0,69.43,2.3,7,1486.71,2,9.9,17739.81,1
28,12000.0,21542.93,0.7566,19913.44,48,0,85.01,5.2,7,657.39,1,7.5,2687.74,0
50,64650.67,16945.77,0.4853,15076.94,60,1,89.01,9.9,7,2911.49,2,25.1,7790.27,1
67,68206.86,22215.99,0.6352,8655.26,60,0,80.49,4.0,4,3230.23,3,5.1,3055.55,1
55,69950.92,11502.11,0.9555,17149.28,24,0,74.76,6.2,7,3600.86,3,27.3,2904.37,1
44,47099.06,9297.78,0.4719,23933.59,48,0,72.24,7.7,9,2348.32,3,18.7,1992.88,1
51,61180.94,15052.38,0.42,21230.76,60,0,86.64,2.4,4,2931.11,2,13.7,5132.61,1
32,83479.08,21833.6,0.8976,34795.17,60,0,89.78,5.0,9,4724.0,1,9.2,11937.48,1
49,83275.39,13148.38,0.8945,29458.52,24,0,71.55,1.2,1,2741.09,1,23.7,7086.06,1
38,54416.55,21414.28,0.9826,32405.58,24,0,73.04,0.3,3,1532.73,2,6.3,30802.3475,0
63,57786.39,6949.54,0.5498,2000.0,36,0,78.4,21.6,1,2660.85,0,19.3,3086.49,1
22,77218.22,13708.42,0.3474,35793.34,24,0,78.01,0.5,3,2096.22,4,0.8,11722.84,1
23,24983.96,14439.09,0.2456,22668.12,24,1,93.71,2.8,5,1086.13,1,1.5,4696.81,1
55,54915.35,24811.12,0.0434,24089.25,36,0,77.48,0.3,5,2344.95,3,26.6,4286.8,1
39,81711.41,16661.02,0.7222,28960.27,60,1,99.14,3.4,5,3878.57,2,4.7,5657.21,1
35,74504.01,28968.62,0.2388,20213.17,24,0,72.44,0.6,1,2701.09,1,12.9,2745.83,1
31,62385.28,4218.52,0.6045,9296.19,12,0,87.71,7.7,4,2969.97,3,6.4,27064.36,1
27,24883.35,16039.35,0.9083,34474.08,36,0,90.36,6.3,6,899.89,3,5.3,4762.23,1
63,54001.8,16435.18,0.9412,12317.78,36,1,85.22,0.2,5,2800.39,3,16.9,3062.4,1
30,43201.69,19960.75,0.0143,10142.83,60,1,74.68,6.4,4,2335.72,1,3.2,8881.18,1
48,61620.78,8493.12,0.3207,17656.99,24,0,70.3,17.4,1,2908.17,1,13.1,1789.03,1
47,38813.07,28475.57,0.8306,16139.96,12,1,84.17,3.7,5,1782.07,2,9.1,13093.69,0
20,34485.53,15103.71,0.5357,20038.07,60,0,86.35,1.7,2,1192.74,2,0.9,5216.6,1
47,13702.69,6303.46,0.8014,19017.92,24,0,70.3,3.9,4,555.08,2,4.9,7392.93,1
23,79436.09,14871.8,0.8463,33471.3,60,0,73.46,0.6,4,2595.39,0,3.7,17904.37,1
46,47004.59,12494.71,0.4438,24593.23,36,0,94.48,15.6,8,2278.64,1,8.2,1560.57,1
25,58142.92,36696.87,0.3618,11422.03,36,2,92.42,2.3,2,2714.01,1,3.8,8849.9,1
61,54955.24,23399.55,0.4563,12794.96,24,1,67.35,3.1,2,1573.95,2,23.8,345.79,1
62,33651.32,15397.29,0.6497,16118.11,60,0,97.33,2.6,5,1848.37,0,12.1,5085.17,1
60,29818.7,14104.67,0.3698,16157.99,24,0,85.12,0.1,3,1727.16,1,33.5,19221.1,1
61,34893.7,22608.45,0.7695,14852.56,48,0,79.87,0.2,5,1037.09,2,18.9,12911.86,1
50,40536.63,22990.9,0.8959,8982.58,24,0,68.03,4.1,2,1385.74,1,20.1,15385.69,1
34,54915.35,0.0,0.2867,22904.02,48,1,89.21,3.5,4,3265.15,0,2.0,5446.96,1
65,39085.65,20143.95,0.9557,15443.95,36,0,96.83,21.5,9,1491.69,4,12.3,6483.01,1
28,89929.81,15223.73,0.6203,10481.99,12,0,62.6,1.5,7,2421.08,3,1.7,18340.82,1
30,75543.02,4510.85,0.8706,24854.75,36,0,80.83,2.3,9,4184.48,2,4.1,7055.97,1
67,71167.19,22041.71,0.1118,28478.22,12,0,95.09,22.1,1,3025.39,3,30.4,8994.53,1
28,52606.82,32969.5,0.2565,17543.63,60,0,98.1,0.2,7,1369.45,2,2.0,18484.28,1
48,85285.61,19454.37,0.3246,37814.86,12,0,62.89,5.1,4,3367.9,0,11.7,16901.5,1
45,50639.89,23803.43,0.3068,42155.21,60,0,91.64,0.5,4,2674.51,4,6.4,2793.5,1
61,54374.77,29432.95,0.1784,24968.9,48,2,71.26,14.6,1,2074.19,4,11.1,8856.34,1
23,58399.49,8357.9,0.8608,15311.89,60,0,81.66,1.7,8,1713.62,2,0.7,2303.3,1
58,69036.46,139.43,0.4202,22689.54,24,0,91.35,8.4,7,1820.65,1,18.2,411.91,1
33,67738.16,20254.93,0.9539,7755.57,24,0,81.81,12.1,2,3453.25,1,3.2,1096.38,1
21,45497.49,13019.11,0.5818,11281.36,24,0,64.4,9.4,8,1911.35,1,0.9,6327.26,1
52,44340.13,4006.61,0.1456,3173.11,36,1,83.62,4.1,4,1582.08,4,11.9,21957.36,1
65,67798.06,14374.64,0.545,13715.35,24,0,64.71,18.1,3,3562.42,4,12.2,6489.32,1
43,69304.73,20820.38,0.9837,7674.8,60,0,73.9,5.6,5,1994.33,1,10.9,1349.08,1
29,47132.98,13808.23,0.5639,26240.57,60,0,82.33,7.7,5,1435.55,3,1.8,1537.58,1
28,23256.24,8705.38,0.0118,12508.41,60,1,99.66,1.4,4,882.97,4,5.9,9692.94,1
54,50853.68,13211.94,0.9244,22766.21,24,0,89.08,2.7,6,1337.71,1,10.9,19571.07,1
42,67470.52,14844.19,0.2402,27479.06,48,0,72.13,4.6,5,3607.09,0,11.0,3859.24,1
35,91108.34,0.0,0.6848,31713.42,48,1,95.06,0.8,2,3669.06,3,3.1,7984.58,1
36,31040.84,13857.8,0.5148,16465.75,36,1,69.05,16.9,7,1390.47,2,2.1,22287.9,1
40,46468.57,4245.28,0.3289,23106.37,60,0,75.36,0.6,9,1233.37,4,7.6,1421.24,1
55,47211.93,20272.21,0.287,23425.02,60,0,85.88,6.6,2,2543.6,0,21.1,1702.03,1
35,82116.11,2511.66,0.9202,32720.91,36,0,76.42,0.3,2,4706.74,1,7.0,4735.04,1
43,54301.17,23101.54,0.9037,27835.58,60,0,89.18,0.5,2,2964.35,0,14.9,6041.14,1
23,36853.47,11726.68,0.5129,33033.45,12,0,86.02,4.9,7,1761.87,4,2.8,2607.04,1
21,66173.91,10656.19,0.2633,3353.49,36,0,86.69,3.0,6,3401.29,4,1.8,7976.37,1
61,46907.23,17355.64,0.1103,13357.29,60,1,76.81,0.0,4,2499.52,3,30.0,22836.24,1
68,30512.25,8071.72,0.1634,30318.17,36,0,62.21,2.5,8,983.15,3,14.4,21591.71,1
46,37144.53,17229.97,0.5218,25807.02,12,0,94.91,1.4,2,1105.98,1,2.9,638.95,1
51,89680.84,9143.13,0.3117,18749.54,12,1,62.96,10.3,6,2852.62,2,4.4,9251.44,1
34,62684.18,10546.12,0.0512,15259.5,24,0,78.56,6.2,1,3422.94,3,4.0,2421.39,1
60,57155.2,18242.83,0.4561,27886.85,60,0,72.08,6.7,5,2070.07,0,7.4,10908.76,1
60,50002.13,5891.35,0.7413,2000.0,12,0,71.85,15.1,8,1505.46,0,12.6,8405.72,1
33,60842.98,4885.3,0.8839,27921.91,12,0,69.06,6.2,1,3548.34,2,7.8,2532.51,1
19,60604.72,16985.8,0.5836,20906.88,12,0,70.87,0.9,2,1854.98,4,0.6,28301.32,1
51,60843.38,14784.8,0.7188,15111.6,24,1,98.21,13.8,1,1756.97,0,6.9,6412.18,1
25,57296.9,16349.54,0.3668,25024.41,60,0,98.88,0.6,4,3025.33,4,3.5,4975.32,1
30,72375.97,17621.11,0.4963,16139.51,36,0,82.84,1.1,9,3848.45,3,8.7,15681.34,1
59,55462.09,15459.0,0.725,20290.19,24,2,80.99,1.7,4,2402.94,4,25.4,3532.84,0
25,35441.22,19864.74,0.7231,19537.54,60,1,61.93,1.0,7,1211.04,4,1.5,8960.78,0
47,42751.54,15779.49,0.426,27445.3,12,0,92.15,0.1,5,1507.24,1,16.0,2288.39,1
49,15419.63,0.0,0.5428,21591.82,24,0,66.82,3.1,9,541.51,1,13.5,632.04,1
53,95536.34,1016.92,0.9154,2000.0,48,0,65.7,5.8,5,4929.34625,3,9.6,6898.09,1
64,72255.09,30423.59,0.6294,6079.06,48,0,76.96,2.7,6,1847.54,0,21.6,1776.65,1
47,38398.59,15000.57,0.6397,9158.34,12,0,73.9,1.3,6,1869.16,1,6.2,4473.77,1
18,49363.1,22601.93,0.7789,24565.45,60,2,63.87,10.7,1,2805.82,0,0.0,6466.53,0
60,42262.47,12234.37,0.1229,25568.52,60,0,65.92,2.5,3,2116.45,1,14.8,59.45,1
56,85850.94,14535.88,0.5224,36703.57,24,1,99.69,9.1,2,3550.99,1,12.7,4281.97,1
34,26602.46,11373.08,0.9502,9855.7,48,1,89.39,1.0,7,738.01,0,2.6,5878.93,0
37,57289.52,34727.42,0.3644,33092.53,60,0,83.94,2.0,4,1490.56,2,7.4,7878.54,1
41,52829.44,17025.94,0.299,2000.0,24,0,72.14,8.1,9,1687.41,1,15.9,18343.73,1
67,71536.77,10721.14,0.5992,20177.58,24,1,77.14,0.2,3,3248.42,1,33.7,3952.46,1
39,52919.82,1787.68,0.2267,22452.03,48,0,85.12,12.7,7,2124.2,3,8.3,25538.08,1
46,19835.82,30789.87,0.5548,22415.9,12,0,91.37,2.5,5,893.82,2,3.0,4100.0,1
39,49977.64,13693.77,0.1625,16904.04,24,0,97.86,19.1,2,1392.35,0,10.6,8311.2,1
61,35556.76,20953.83,0.5782,21178.96,12,0,64.91,6.0,1,1870.0,2,22.2,812.61,1
26,56591.59,21847.98,0.6003,7647.8,48,0,67.67,14.9,5,2695.77,0,5.6,5143.85,1
54,83683.54,11297.36,0.42,28651.61,24,0,82.7,0.3,3,3871.04,4,24.7,15034.47,1
27,20211.5,20379.62,0.3851,22497.9,36,1,97.54,6.4,7,621.65,3,5.8,3523.87,1
53,38995.55,10166.89,0.2505,23622.33,48,1,78.1,10.4,9,1684.65,3,24.5,112.46,1
54,43946.14,7076.59,0.3343,17209.84,48,0,85.36,21.9,4,1472.9,3,9.9,26384.66,1
45,47367.38,24315.72,0.4984,16720.2,36,0,71.75,0.2,9,2656.52,4,13.4,68.7,1
45,69802.51,13734.48,0.2527,25247.31,48,1,92.47,0.4,6,2831.09,0,20.4,3097.51,1
59,51529.11,19148.1,0.7772,35899.74,36,0,84.21,6.6,1,1816.39,2,19.3,23248.74,1
60,63316.05,18287.37,0.7049,6063.69,36,0,75.27,0.2,7,3589.34,1,30.3,1480.1,1
38,42484.54,20103.46,0.2739,5559.3,48,1,81.7,0.1,3,1353.41,4,14.7,19621.16,1
41,59598.49,2547.7,0.1055,22662.05,36,2,87.79,3.9,2,2469.23,1,3.4,30802.3475,1
59,70555.95,10317.68,0.0102,16678.0,36,0,68.54,3.8,1,2165.69,3,30.4,9757.56,1
57,40354.01,12404.2,0.5948,21241.06,48,0,73.66,4.8,9,1135.71,3,6.7,4041.26,1
19,70627.16,8348.17,0.2171,19762.11,36,0,70.02,0.1,4,1887.93,2,0.4,3688.41,1
25,56047.46,18432.05,0.0223,26220.09,12,0,98.41,3.5,4,1430.54,1,4.4,1492.54,1
65,75909.2,24495.14,0.3619,17138.37,48,0,61.72,1.7,3,3692.8,1,7.0,23202.52,1
44,50971.6,25761.48,0.9528,7917.88,48,1,62.26,7.1,1,1933.32,1,9.8,15791.85,0
39,62624.89,12286.36,0.6861,12101.46,12,0,74.23,2.1,4,3490.12,3,5.5,2525.62,1
54,54187.88,17335.73,0.8506,18395.48,60,0,81.52,2.2,1,2486.47,2,21.4,11044.06,1
44,53075.75,18565.15,0.1518,7450.3,24,1,73.16,5.3,8,2754.27,4,18.4,8979.42,1
46,60178.61,19970.05,0.0818,19631.46,36,0,94.28,5.4,6,2071.17,0,17.8,1522.4,1
20,65736.15,7974.92,0.0213,20607.55,36,0,66.78,0.3,2,2109.52,4,1.0,2721.39,1
61,30008.7,29564.64,0.9465,16421.96,24,0,74.59,4.9,2,1194.52,3,29.7,1452.85,0
30,83672.67,22412.16,0.3042,22092.22,36,0,79.52,5.4,7,4399.68,1,8.4,7744.17,1
62,17806.74,22621.19,0.4603,3857.21,36,0,68.09,3.1,3,729.59,4,19.7,2152.67,1
27,41303.76,24627.68,0.3966,10468.16,12,2,71.6,8.8,2,1790.33,3,6.3,30802.3475,0
53,53114.62,19273.09,0.7258,8573.01,12,0,97.9,0.0,1,1962.67,4,25.4,3229.24,1
26,63247.12,6781.49,0.3138,28798.57,12,0,80.81,17.3,2,2830.07,1,0.8,12832.28,1
44,54915.35,13888.22,0.5347,43061.64,12,0,94.79,2.4,2,3621.33,1,18.6,3953.51,1
51,17834.17,1791.57,0.9857,11191.8,48,0,70.77,4.5,5,720.78,3,4.6,4424.48,1
68,44846.12,18320.58,0.4452,17647.58,36,1,84.49,0.2,4,1941.55,0,15.5,3727.74,1
18,12463.33,13646.29,0.5502,13065.71,24,1,90.53,6.2,5,485.56,2,0.0,1146.85,1
49,55632.44,14675.82,0.5025,22212.25,36,0,76.86,3.9,6,2851.04,0,8.4,26248.57,1
42,60433.67,24632.01,0.7971,13915.91,48,1,84.99,16.1,8,1647.97,3,17.1,15089.73,1
46,86815.91,11344.05,0.2715,22827.8,48,0,94.53,2.7,6,3195.25,3,18.2,2704.8,1
24,57412.7,12983.01,0.177,26650.27,36,0,65.63,6.4,9,2876.78,3,2.6,3673.98,1
66,75880.5,15175.79,0.749,7761.75,36,0,74.19,0.4,5,2821.81,0,32.9,5818.01,1
20,66676.74,280.06,0.4173,22715.14,12,0,92.96,0.3,6,2710.53,2,1.3,14900.38,1
37,46295.04,12871.49,0.9055,2059.44,48,0,69.24,14.9,4,1762.64,4,6.3,20906.49,1
37,26820.79,0.0,0.6413,17434.66,36,0,82.24,1.5,4,983.66,3,2.8,14604.24,1
47,60500.05,10315.83,0.5631,16763.2,24,0,77.52,12.2,5,2621.0,1,14.9,29969.44,1
52,25157.96,21841.51,0.079,17708.63,24,0,86.6,0.5,1,766.1,3,22.1,14319.31,1
52,80904.14,18578.13,0.7258,16879.4,12,0,86.72,5.1,2,3198.07,1,25.5,2535.42,1
66,51758.76,10241.44,0.6823,15050.73,12,0,83.14,4.0,4,2595.78,3,6.0,4757.0,1
56,78903.55,15326.39,0.6373,17342.18,36,0,97.87,16.9,7,1997.24,3,14.6,13565.53,1
44,45395.71,6400.08,0.2726,22381.38,24,0,67.01,2.6,2,2047.11,3,15.0,1353.17,1
43,54915.35,14981.25,0.9378,22662.57,48,0,93.4,0.2,2,3485.86,4,10.5,2610.61,1
31,59186.98,36696.87,0.3252,21151.99,60,0,79.58,3.2,4,2274.26,4,3.3,30802.3475,1
34,54099.12,29766.41,0.1592,14264.03,24,0,86.47,8.7,4,2324.69,4,8.3,10932.53,1
35,46346.81,15420.98,0.9775,30803.37,48,0,70.95,0.3,9,1375.37,3,12.1,1962.82,0
62,62849.12,16281.15,0.7413,35253.55,24,0,63.78,0.2,9,3051.19,2,33.5,967.94,1
69,36476.73,7163.48,0.4165,7115.86,36,0,91.11,8.6,5,1419.99,0,40.5,30802.3475,1
46,30811.29,8585.69,0.9272,21642.69,60,0,70.07,8.7,1,1560.12,2,10.3,6906.53,1
37,79856.54,17897.47,0.0993,15318.58,60,3,75.61,1.1,8,2331.47,3,4.6,5463.03,1
44,69543.36,10800.86,0.0959,29255.98,36,1,61.9,5.4,6,1913.8,4,17.3,15917.17,1
35,56317.83,22233.2,0.6788,19874.06,36,0,86.01,0.3,5,1935.4,3,9.9,11062.91,1
21,88302.85,27557.49,0.1844,20531.78,12,0,87.5,7.3,1,2721.3,0,1.9,8166.2,1
18,49644.69,17660.97,0.9088,24949.68,48,0,96.07,1.8,6,2593.45,4,0.0,2599.08,1
67,54915.35,15813.9,0.8336,17024.61,48,0,95.64,1.3,5,4094.07,4,12.6,8103.3,1
18,58511.48,1553.76,0.3102,36774.81,12,0,88.21,5.7,3,3348.02,4,0.0,7772.29,1
43,34504.98,20980.88,0.8811,25097.4,48,0,72.89,12.1,7,939.28,0,10.3,1069.92,0
62,91960.8,5850.63,0.052,29316.07,60,0,74.99,0.2,4,3180.12,2,25.6,6956.9,1
37,74814.22,11655.93,0.5477,17794.44,24,2,75.27,0.8,2,4290.53,1,13.5,9225.42,1
69,52579.58,22676.61,0.9269,18771.44,60,2,65.19,1.5,1,1501.32,1,17.4,13129.09,0
40,69543.43,23238.07,0.8483,28116.25,12,0,97.89,13.1,2,2874.04,1,14.0,8105.65,1
27,46925.93,11267.94,0.359,27111.82,48,0,92.73,10.5,7,2199.01,0,3.8,8212.85,1
28,71582.98,11728.68,0.1892,7513.31,48,0,65.81,11.9,9,2332.47,1,5.3,8366.21,1
58,12000.0,9405.45,0.2163,21276.33,24,0,97.86,2.4,1,610.46,4,27.2,3156.35,1
58,34603.97,5417.17,0.5142,24738.38,24,0,93.73,1.3,1,1848.09,3,12.4,20852.03,1
22,74585.19,9921.64,0.5948,18696.99,24,0,96.75,1.1,1,2853.37,0,2.7,9616.78,1
18,50006.89,2094.96,0.0422,23789.28,60,1,71.43,10.7,2,2423.94,2,0.0,11482.44,1
34,59150.85,20464.5,0.4153,19120.06,12,0,73.42,1.3,8,2525.22,1,6.3,6984.76,1
39,28064.29,18156.19,0.8238,2000.0,12,0,78.8,3.8,2,1337.91,0,6.1,1584.78,1
51,91957.34,19484.23,0.4454,6891.09,12,0,68.97,2.0,4,3678.03,1,3.7,1743.37,1
62,78810.59,7364.77,0.1758,29749.84,60,0,78.62,3.5,2,2059.36,4,4.8,6163.94,1
58,50986.3,5439.44,0.9458,17556.2,36,1,60.37,2.1,6,1825.97,2,9.5,20488.61,0
46,46906.08,15428.11,0.271,21896.91,48,0,95.1,1.7,6,1633.65,1,15.5,1291.43,1
21,75592.09,15512.82,0.7925,19963.43,60,1,66.49,2.8,8,4218.54,4,1.4,6987.4,1
22,94649.41,13821.84,0.1999,11747.02,12,0,80.03,2.0,2,3749.46,3,1.3,405.27,1
28,74075.21,12684.13,0.4247,15329.22,60,2,97.15,9.2,1,4082.73,1,4.1,20542.76,1
68,98436.05,28686.21,0.4906,23289.49,60,1,92.84,4.3,1,2479.5,4,28.7,3031.02,1
38,36552.97,18408.2,0.5006,24309.96,36,0,91.04,1.0,5,1684.18,0,14.4,4328.08,1
52,38612.26,30765.43,0.5161,41884.09,24,0,84.22,1.3,5,1553.06,2,9.6,1793.05,1
29,31221.18,25151.72,0.2304,15222.58,12,0,77.45,0.3,2,827.01,4,7.9,3764.74,1
43,63835.21,28626.17,0.5156,36706.39,60,2,77.84,1.8,6,2591.19,4,9.7,4991.05,0
68,58512.07,6404.3,0.4821,11395.85,24,0,63.48,5.5,2,2211.43,0,16.7,1741.81,1
36,51960.98,19745.37,0.2145,24886.0,48,1,62.59,1.0,7,1668.3,4,9.0,3310.33,1
62,71185.17,11545.88,0.9784,21778.73,48,0,93.74,0.5,3,1966.59,1,15.4,11538.3,1
24,79646.57,1692.91,0.8583,18741.34,48,2,76.35,1.9,2,4089.44,0,1.8,20193.59,1
64,24486.75,26968.03,0.8798,19943.42,60,0,62.16,4.7,6,1108.79,3,33.6,10441.79,0
24,43060.56,12650.46,0.6819,13773.85,60,0,86.52,3.2,1,1924.41,4,2.3,30802.3475,1
43,71402.87,6559.19,0.1667,29039.05,36,1,87.33,2.0,5,3940.92,3,5.2,2821.35,1
57,45645.23,11683.49,0.5667,11573.85,12,0,69.1,10.7,6,1159.84,4,15.7,4486.9,1
22,39035.88,8630.21,0.815,23175.26,24,1,76.43,3.2,8,1680.45,4,1.2,3990.64,1
38,75370.75,9450.42,0.048,27558.58,48,0,82.94,3.0,3,4277.91,1,9.2,7554.14,1
31,29210.0,13227.17,0.4959,33842.03,24,0,83.85,0.2,7,1168.46,3,7.1,12482.28,1
21,48968.4,28846.52,0.3982,29717.69,36,0,80.44,5.1,1,1994.85,0,0.3,2380.43,1
40,61572.88,9669.46,0.2179,25724.29,48,0,74.57,3.1,6,1682.16,0,14.3,17391.62,1
59,43523.6,28274.17,0.3807,13622.68,24,0,62.75,0.8,1,2109.5,3,17.5,4136.81,1
37,70663.11,21790.69,0.9738,12142.25,12,1,60.89,1.4,7,3561.25,3,9.1,6215.38,0
32,43622.46,18170.17,0.7188,8614.21,12,0,78.38,3.4,8,1292.75,3,2.7,18080.31,1
67,83172.39,20984.96,0.3035,7657.34,36,0,68.12,0.7,6,3848.75,3,19.9,3972.56,1
69,52485.07,15109.25,0.6032,19985.96,24,0,97.54,2.9,1,1965.52,3,22.7,11093.6,1
62,68425.4,25288.4,0.2517,12725.83,36,0,85.62,2.3,8,2998.8,2,5.7,6229.0,1
46,69920.48,19535.84,0.6086,31992.26,36,0,83.42,2.2,2,3320.91,3,6.3,3194.48,1
25,42449.2,1682.67,0.8882,14210.38,36,0,76.26,1.4,9,1203.8,2,2.5,5939.79,1
58,13930.27,17370.02,0.5557,20942.56,60,0,73.18,2.9,1,487.99,4,9.0,14238.88,1
65,62215.12,21271.79,0.7287,17353.56,12,0,67.19,4.0,6,3302.5,0,15.2,11027.99,1
36,56445.77,12687.99,0.4543,5961.43,60,1,62.41,4.7,5,1730.01,3,12.9,14053.69,1
65,66116.52,16010.05,0.5236,30894.41,60,0,85.38,1.2,5,3085.82,4,25.3,3763.51,1
56,50469.45,10097.14,0.6912,26954.82,12,0,91.17,6.5,6,2669.01,1,18.4,14721.76,1
63,46391.45,3978.99,0.8062,28105.22,36,0,94.31,0.1,6,2126.08,2,31.1,5187.18,1
45,95169.46,2596.99,0.6563,25949.47,24,0,88.97,6.9,8,4870.2,3,7.2,7698.48,1
63,25552.92,2703.46,0.9679,12405.15,36,1,95.88,1.7,4,1055.33,4,35.2,21087.26,1
44,69679.01,20352.36,0.8134,12599.51,36,0,99.31,2.3,9,3792.01,3,6.6,12647.63,1
21,43507.96,0.0,0.7716,24519.88,60,1,98.47,4.3,8,2069.86,0,1.3,12567.61,1
32,48284.43,9668.16,0.8382,35429.2,24,0,83.69,4.7,1,1757.13,3,10.8,6921.0,1
52,48657.94,8874.77,0.2856,23859.79,12,0,68.97,2.7,4,2059.62,1,11.3,8671.0,1
54,38931.31,12742.72,0.4334,29784.67,48,0,64.25,13.9,8,1812.84,2,7.8,14047.22,1
18,66424.48,148.55,0.5632,14741.28,12,0,99.76,9.8,8,3404.57,1,0.0,40.88,1
20,82812.87,18231.1,0.4631,30978.51,24,0,72.34,1.3,4,2535.58,0,0.5,5332.79,1
64,64400.27,4814.71,0.8405,15805.32,12,0,61.36,4.4,8,3736.03,3,28.7,3558.11,1
41,57067.64,24059.24,0.0365,22401.59,60,2,75.64,6.4,3,1713.06,3,17.1,2951.32,1
44,35271.19,10025.87,0.215,16338.39,24,0,89.92,1.2,3,1520.81,0,18.2,17663.21,1
57,65336.51,14235.1,0.8741,28891.56,48,0,95.63,0.1,9,1671.24,3,7.8,6475.61,1
53,98126.99,15030.19,0.0679,29027.62,48,0,79.1,18.6,7,3893.64,3,26.8,511.68,1
51,47386.11,16953.93,0.2324,5232.19,24,0,71.76,15.9,6,1188.87,3,20.3,30802.3475,1
46,47480.33,15296.12,0.3542,33252.98,12,0,91.14,1.9,2,1298.16,4,17.7,1585.44,1
41,43778.22,11583.12,0.7457,43764.09,48,1,80.15,1.4,9,1894.2,4,11.2,5683.51,0
41,45211.72,17744.39,0.559,16446.67,24,0,63.44,0.8,1,1818.15,2,8.3,9991.16,1
59,12000.0,18729.18,0.9455,18731.98,24,1,95.51,5.8,1,325.33,0,11.3,8307.79,0
21,63100.71,8878.92,0.2333,32394.3,24,1,86.23,7.0,8,3536.24,1,1.3,5713.81,1
20,38088.96,18410.94,0.8647,20667.67,36,0,61.47,2.7,3,1396.91,0,1.3,3631.94,0
51,22794.74,24533.76,0.2873,19960.26,12,0,60.36,1.4,9,1134.28,3,10.5,8416.87,1
66,70063.8,20647.15,0.2506,38969.69,24,0,63.51,3.0,7,3999.59,3,34.7,19347.28,1
40,33359.64,22459.0,0.4984,6457.03,24,0,92.88,3.6,7,1844.72,0,4.5,2744.0,1
69,48226.62,16375.37,0.0798,12110.37,36,1,79.25,3.9,1,2302.94,3,6.9,650.74,1
40,84328.85,7510.8,0.3866,24178.23,60,0,73.41,2.9,1,2159.27,2,9.9,4427.24,1
62,26815.68,8522.84,0.3586,3804.55,36,0,69.97,0.0,7,1243.36,1,33.0,13758.14,1
22,24348.04,17559.1,0.1669,16269.91,24,0,80.27,3.2,9,676.48,3,2.7,30802.3475,1
48,60386.12,22542.11,0.8536,16178.34,12,0,63.32,2.1,2,2369.5,4,5.9,10524.6,1
58,77989.75,36696.87,0.3882,29617.74,36,0,84.69,4.1,7,4325.78,3,7.9,7119.67,1
23,23513.17,22854.58,0.9723,26928.53,24,0,75.22,0.4,8,681.37,3,0.8,798.75,0
54,63153.79,5636.51,0.8917,3167.73,12,1,94.34,10.6,2,3063.38,3,23.4,4173.63,1
27,66619.99,8861.82,0.2009,13068.77,36,2,90.18,10.4,1,2295.35,0,3.0,583.09,1
57,13816.79,33228.14,0.505,13099.44,48,1,60.73,4.2,7,419.87,0,13.0,5451.42,0
24,70970.03,13284.89,0.5998,17834.24,12,0,66.66,6.7,1,2342.59,0,4.5,6742.96,1
56,72532.12,15380.12,0.8126,9024.53,24,0,78.96,2.9,2,2795.07,4,20.8,3211.17,1
55,48764.29,7316.66,0.8779,24516.48,12,1,86.35,4.5,5,2528.25,2,27.8,724.32,1
38,80046.93,27520.83,0.6215,13058.13,12,0,88.61,4.8,3,3375.72,2,5.3,5569.82,1
37,77729.11,19002.67,0.0444,25886.22,24,1,92.65,2.2,5,2850.5,0,11.8,30802.3475,1
20,57062.36,8803.19,0.4817,19971.46,48,0,61.97,16.2,8,1761.32,3,0.3,3884.53,1
68,45971.09,7049.4,0.8771,10269.25,12,1,60.74,4.6,5,1538.17,0,28.3,3770.01,1
39,35543.44,17457.63,0.7098,33882.77,24,0,84.02,23.3,3,2009.05,3,8.4,1604.64,1
64,54248.73,15353.65,0.8627,34177.27,12,0,88.95,2.8,2,1756.73,4,5.6,8118.12,1
21,66395.18,21656.88,0.6706,22903.45,60,1,91.47,0.2,5,2381.29,3,0.5,7679.17,1
45,48516.46,19375.75,0.0532,17607.94,48,1,66.23,1.8,1,2002.4,3,20.5,4881.1,1
29,12000.0,12884.16,0.9586,9437.07,60,1,98.75,3.4,6,480.8,2,7.1,22446.14,0
55,80374.28,10649.59,0.9097,30711.13,12,0,69.18,12.1,4,2829.21,3,24.4,988.79,1
68,58804.46,13720.46,0.134,28226.4,48,0,70.01,4.8,5,1501.57,0,6.1,25409.07,1
53,47407.51,10594.55,0.1204,11860.04,24,0,66.17,3.2,9,2487.57,1,21.9,5305.04,1
64,72143.17,13958.44,0.5383,13131.87,60,1,61.73,0.4,5,1988.51,4,5.5,1460.89,1
58,85492.77,15131.53,0.7519,24569.2,48,0,92.39,0.8,3,4388.45,1,12.0,8290.95,1
22,12000.0,7816.55,0.3845,8245.56,48,0,60.23,0.3,8,422.86,4,1.8,11389.63,1
30,63685.27,20045.44,0.1437,13743.14,12,1,78.55,6.2,8,3526.59,0,4.5,3276.47,1
40,26467.02,12036.58,0.5103,9594.34,60,0,63.68,8.9,1,1100.27,0,4.4,18141.73,1
67,64982.21,8264.93,0.3408,9916.66,24,0,61.79,0.9,8,1649.72,1,38.6,112.66,1
47,57558.54,12187.14,0.3547,12799.36,36,0,97.39,2.0,9,2432.82,2,4.0,4288.75,1
54,67714.53,16938.07,0.6421,29060.04,12,0,93.02,3.3,5,3745.98,4,20.8,21027.4,1
42,45015.05,15664.31,0.8779,2454.54,48,0,75.8,0.8,5,1184.56,2,15.7,11321.29,1
65,17535.2,18376.94,0.5574,24334.84,60,0,78.34,2.7,8,706.05,0,13.8,2533.26,1
44,45992.64,22186.77,0.6839,22579.47,36,0,94.72,17.0,1,2222.33,3,10.0,6055.77,1
68,63136.95,25439.52,0.6567,29683.44,48,0,91.87,6.3,2,1717.64,4,7.9,3120.14,1
31,75307.85,17283.89,0.5501,22570.49,60,1,87.66,0.9,9,2469.05,4,4.6,6416.29,1
65,54915.35,6444.78,0.3145,16211.61,60,0,81.46,0.5,6,825.42,0,16.1,18168.69,1
64,75541.21,12847.11,0.3802,11846.9,36,0,84.31,2.9,3,3290.79,2,5.6,518.69,1
53,42042.55,6965.45,0.3194,29904.12,48,0,75.73,22.1,6,2192.94,3,10.0,2819.45,1
56,62249.0,28574.83,0.9091,24969.48,36,1,81.12,7.9,9,2296.06,1,28.5,318.59,0
33,44802.12,30899.21,0.8201,15068.64,24,0,81.59,1.7,7,1286.5,3,8.6,30802.3475,1
39,58643.41,20202.49,0.5778,29089.12,12,1,94.59,0.1,9,2493.95,2,2.3,1735.65,1
38,72837.55,21867.67,0.904,15541.22,12,0,68.75,2.6,7,3924.57,0,9.3,3308.84,1
38,30459.72,17007.55,0.8787,19990.58,24,0,69.86,0.9,1,1358.99,3,6.9,19187.39,0
25,41401.88,17928.45,0.9191,13955.16,48,0,68.44,1.0,9,1335.74,1,5.5,7165.04,1
66,58699.25,2220.37,0.2273,25338.42,36,1,83.17,0.9,4,1892.64,2,36.7,28885.12,1
33,103031.67,14408.54,0.7132,10058.09,12,0,87.81,6.4,2,3749.0,3,8.7,8921.13,1
48,37736.21,7950.78,0.607,17014.11,24,0,69.54,0.2,9,1048.99,3,3.4,12800.65,1
59,95802.68,17250.85,0.7292,13454.46,60,0,87.08,4.2,5,4125.47,3,8.3,9599.76,1
27,95088.47,14523.12,0.2681,22637.12,12,0,85.12,7.0,2,4929.34625,0,5.7,13370.1,1
49,53053.78,30574.58,0.6909,23884.88,12,0,72.84,0.9,9,2747.49,3,16.2,3125.57,1
51,49036.95,22333.02,0.4116,8958.39,24,1,69.19,11.2,7,2119.37,0,8.7,4039.27,1
26,41158.7,17276.1,0.8274,24064.31,36,0,95.27,0.4,7,2291.82,1,1.4,9244.19,1
34,53635.95,12864.48,0.7895,5232.77,12,0,82.79,5.7,1,2372.94,0,5.7,19693.51,1
28,26865.61,28408.17,0.2171,41919.73,36,0,88.16,0.9,5,1387.22,1,7.1,2597.18,1
49,53475.22,14760.36,0.1902,14885.27,24,0,97.01,8.2,4,1665.96,4,14.8,30802.3475,1
27,84937.61,17653.39,0.7134,30492.61,60,0,68.22,4.2,5,2668.77,4,2.7,5933.13,1
39,42778.3,15338.0,0.5495,22011.66,12,0,74.02,4.4,7,2306.32,1,3.4,1450.06,1
34,50185.51,11766.77,0.5561,22417.96,36,0,77.38,2.1,6,1641.09,0,3.6,20551.6,1
21,20977.19,15292.05,0.7475,8339.26,36,0,69.32,1.7,7,912.05,0,1.2,26279.87,1
65,62481.24,0.0,0.8479,28434.41,48,0,93.62,3.1,4,2006.11,2,29.6,17310.35,1
69,60289.63,2618.35,0.2442,20486.47,36,0,63.34,7.1,1,2726.69,4,22.4,5710.34,1
64,56274.05,17797.04,0.5544,24701.4,36,0,69.57,0.9,7,2262.53,0,19.8,28708.08,1
42,50663.46,27545.6,0.8224,19092.86,24,0,67.64,8.5,1,2647.43,2,7.1,4037.46,1
38,49144.84,17785.77,0.8653,21300.43,36,0,98.14,3.3,6,2489.44,4,5.5,927.34,1
54,65038.0,9237.05,0.2917,11128.28,48,1,85.09,3.0,1,2137.47,0,20.5,4210.81,1
55,54423.67,3457.17,0.1121,18471.09,60,0,88.65,0.1,2,2289.57,1,22.2,4552.45,1
66,61299.44,21276.22,0.2382,15801.11,48,0,64.34,0.7,3,3536.32,3,37.1,16149.23,1
18,59299.66,10462.44,0.9366,12944.29,60,0,67.76,2.8,3,2516.0,3,0.0,12556.19,1
42,77468.55,20145.88,0.4632,21345.26,12,0,92.4,19.9,7,3069.19,4,12.2,9706.11,1
68,68539.88,18118.92,0.4202,23633.87,60,0,82.71,1.4,9,1813.8,2,26.4,2138.03,1
53,58857.24,18826.4,0.0228,22507.72,60,0,61.8,0.1,2,2606.4,4,13.1,16091.06,1
34,85368.44,15268.81,0.06,18977.39,48,0,82.63,2.9,5,4821.34,2,12.5,325.23,1
58,63405.37,18069.16,0.6653,24111.09,24,0,79.02,0.1,6,3501.75,1,29.7,2474.74,1
41,81099.25,14044.36,0.588,22421.64,24,0,66.15,2.0,8,3948.65,3,3.0,7962.01,1
19,67138.85,9917.55,0.574,20975.27,60,2,83.72,2.2,6,2438.17,0,0.4,6461.74,1
57,18161.62,7292.01,0.1181,21661.51,48,1,66.95,0.0,6,900.76,2,14.8,11728.45,1
32,81096.7,0.0,0.355,31830.03,24,0,92.46,7.6,6,3524.96,0,4.0,15752.66,1
49,57703.52,13551.12,0.8061,7949.26,24,0,84.74,12.2,4,2508.28,2,12.7,20023.45,1
56,53960.9,27155.03,0.1814,16814.04,48,1,94.85,33.5,7,2822.74,0,15.8,30802.3475,1
23,60626.97,20840.64,0.875,23381.75,60,0,76.99,3.6,6,1994.76,3,3.2,8060.46,1
18,48100.34,16821.67,0.129,4172.64,12,0,80.48,1.8,1,2133.27,4,0.0,8687.69,1
64,59540.58,9127.96,0.1758,33825.84,48,1,90.42,6.3,7,2682.94,3,21.6,8224.75,1
40,43162.48,22978.71,0.4782,22548.18,48,1,81.85,6.7,1,2410.81,2,6.2,22657.4,1
56,80485.45,14045.53,0.9364,29569.02,48,0,82.88,2.4,6,2076.9,3,18.1,14802.08,1
34,52728.24,27599.47,0.333,31197.62,60,0,82.13,4.2,2,2159.81,4,3.6,6878.48,1
51,47348.32,7151.3,0.6551,24124.53,60,0,79.65,8.6,5,1599.12,4,11.4,11525.54,1
58,36501.48,9000.24,0.5869,2000.0,48,0,92.23,1.0,1,1930.79,0,19.0,3636.6,1
46,60375.52,8221.84,0.1566,21476.94,24,0,79.41,0.1,7,2117.17,1,21.5,1818.25,1
26,58742.14,3143.05,0.2532,22118.87,12,1,96.03,3.9,1,2016.46,1,3.4,484.45,1
30,62768.49,7503.64,0.9215,9131.33,36,0,92.34,5.5,7,2984.03,2,1.3,5357.08,1
23,34454.96,15825.73,0.1911,2103.27,48,0,87.7,4.3,8,1186.89,2,0.9,4658.71,1
23,22976.38,9302.39,0.6911,24616.69,48,0,95.95,4.5,4,882.85,1,1.9,14214.53,1
37,67511.83,0.0,0.9554,7508.1,60,0,81.48,2.5,3,1761.5,2,4.1,6999.25,1
69,84692.84,23594.19,0.1271,40614.17,60,2,92.87,5.3,1,3123.63,4,16.6,1876.71,1
20,34472.93,1527.25,0.4012,22631.37,36,0,69.67,0.2,7,1669.91,1,1.4,1032.32,1
34,86788.83,19713.83,0.2295,33515.12,60,0,62.92,0.8,2,3767.6,0,9.3,828.61,1
66,60678.22,15249.72,0.2271,20311.63,60,0,87.4,2.9,4,1804.4,3,26.2,179.91,1
29,54858.74,31938.98,0.1266,27515.39,24,1,72.06,14.3,4,2871.43,0,4.1,775.61,1
65,47049.03,22975.66,0.6466,20532.64,12,1,85.38,5.2,8,1701.45,4,30.1,14017.07,1
64,27309.64,10963.16,0.7414,30055.73,24,0,63.1,2.2,2,1482.0,4,36.8,14848.91,0
62,74754.57,9383.49,0.6733,2000.0,48,0,98.23,3.1,3,3967.56,3,14.7,4385.05,1
18,39487.87,27021.82,0.9162,28881.48,24,0,80.6,9.3,1,1179.63,0,0.0,335.51,0
34,39403.87,3193.03,0.1528,26687.64,36,2,60.38,3.9,7,2179.8,4,3.9,1378.98,1
20,74838.53,16527.04,0.3234,18458.48,24,0,79.04,0.2,8,2061.39,3,0.3,7081.51,1
43,17340.33,13951.04,0.3477,15908.36,60,0,91.59,2.7,2,672.89,0,19.5,30802.3475,1
32,24528.04,12254.19,0.2374,17008.98,36,0,94.61,2.5,2,750.93,4,3.4,1305.89,1
53,54915.35,17828.11,0.1494,22827.67,36,0,78.45,11.5,1,1581.18,1,6.0,1676.04,1
49,60865.69,16516.48,0.487,32140.39,48,0,65.04,1.8,1,1752.38,3,13.6,5189.46,1
49,64694.69,18659.21,0.8278,14658.11,48,0,96.25,0.3,4,1618.12,1,18.2,9560.0,1
21,48964.03,16111.81,0.9454,2982.33,60,0,99.25,2.2,4,2516.51,3,0.3,4974.59,1
35,105607.39,18341.45,0.1368,44845.81,12,0,62.53,0.2,8,3562.08,4,6.5,9837.38,1
66,50442.15,15746.92,0.8167,26715.75,36,0,63.12,8.9,5,1276.54,4,20.6,674.48,1
36,50384.28,9724.58,0.8181,16087.88,60,0,82.62,4.5,4,1632.69,1,8.0,1971.53,1
60,39060.27,15032.01,0.3912,31888.47,48,1,81.36,3.2,9,1050.06,3,16.0,734.57,1
69,57478.14,9284.91,0.1178,29336.94,48,1,83.55,2.2,6,1523.72,2,10.6,20799.65,1
52,67299.22,8756.99,0.9802,24922.82,12,0,72.68,2.7,1,3464.71,0,20.4,16029.99,1
57,79071.56,12310.8,0.6525,15229.48,36,0,62.01,7.8,7,2011.11,0,21.3,3102.81,1
31,25214.31,14044.61,0.9726,26673.23,36,0,83.21,1.0,8,1357.2,0,1.6,14027.45,0
50,50080.09,15281.8,0.484,30895.59,60,0,66.06,0.4,4,1589.3,0,16.7,16651.59,1
31,63934.07,22331.03,0.3973,2799.27,12,0,73.65,4.1,3,3628.28,4,8.2,19043.42,1
51,66741.15,11012.29,0.2522,22244.95,24,0,83.3,9.8,1,3353.76,3,6.2,5674.41,1
21,55130.97,16574.82,0.9739,22981.76,60,0,68.34,4.1,8,1828.85,1,1.9,30802.3475,1
41,65848.48,15944.22,0.2582,22660.77,36,0,81.7,8.0,9,2288.53,1,6.5,22281.38,1
46,38820.72,10130.97,0.0333,20461.84,60,0,88.59,11.2,1,1323.49,4,16.1,12367.16,1
36,86158.11,15589.93,0.5122,31860.73,60,0,62.63,0.4,9,2785.61,4,10.2,324.3,1
23,74852.56,23021.77,0.3795,17886.83,60,0,84.78,4.4,4,2484.86,0,2.5,13362.78,1
50,28101.44,16492.05,0.2662,19972.15,60,0,80.38,8.9,5,1265.13,2,8.2,9897.74,1
66,33497.94,16812.67,0.6319,23156.65,36,0,63.9,5.2,5,1569.08,0,14.0,29101.25,1
57,34061.56,9357.37,0.367,18219.3,12,0,88.25,4.5,6,1091.62,4,16.8,6054.57,1
36,68559.4,30750.87,0.4042,6139.99,12,0,72.44,7.8,2,3651.21,1,2.1,8879.35,1
18,29305.44,9813.15,0.0326,22141.3,48,2,67.29,6.1,2,1482.37,3,0.0,8410.29,1
22,48379.51,1657.73,0.5873,22254.56,48,0,71.3,3.5,5,1998.4,0,2.3,243.74,1
44,64094.09,21881.47,0.1296,16348.35,24,0,81.85,0.2,5,1919.58,2,2.6,2403.94,1
33,53676.68,14081.46,0.2195,18676.85,12,2,83.2,4.8,1,2055.27,0,9.3,2013.49,1
23,60177.75,12575.67,0.7128,2000.0,60,0,66.79,1.2,9,2275.51,2,2.0,4383.29,1
57,33683.95,10635.57,0.317,32084.06,48,0,97.47,1.5,2,1853.8,0,17.2,3225.33,1
30,66897.09,29973.72,0.1699,29010.3,60,0,73.16,5.7,7,3597.5,2,3.1,3904.53,1
65,42735.76,17836.72,0.5759,6621.69,24,0,70.73,3.0,2,1119.88,1,18.3,770.57,1
52,54915.35,19398.01,0.2206,13245.33,12,0,67.47,6.3,8,1221.45,3,15.4,1659.63,1
36,59754.63,16300.92,0.2756,34485.21,36,0,64.82,2.5,6,3033.49,1,14.1,7062.25,1
29,57061.56,17160.4,0.6189,8451.49,24,2,99.28,3.4,8,1639.53,0,5.9,7117.47,1
33,55479.6,26189.0,0.7351,24784.59,36,2,86.99,2.8,7,1758.22,3,8.1,1020.64,0
60,39987.46,12993.16,0.7349,15079.83,12,0,91.48,3.4,7,2260.79,2,33.5,9302.32,1
27,49009.01,3344.5,0.4826,24101.42,36,1,76.06,0.7,8,1815.09,1,1.1,30802.3475,1
42,55043.67,21944.44,0.4552,20501.38,12,1,76.58,3.5,9,2916.01,3,17.0,4976.3,1
37,27498.3,18973.61,0.7819,17167.68,60,0,99.48,1.4,8,838.38,0,12.4,1773.08,1
48,45749.34,15863.84,0.1992,23885.22,24,0,68.03,7.2,5,2180.94,3,4.0,30802.3475,1
21,62753.6,18766.03,0.1592,15069.53,60,0,73.08,6.3,3,2880.91,4,1.2,7473.07,1
61,29451.27,12034.05,0.6614,2157.67,12,1,67.81,0.1,9,1458.31,2,19.9,2782.91,1
40,78131.63,15165.54,0.4113,10722.78,12,0,71.3,3.4,8,2713.21,2,2.7,20981.39,1
19,80392.27,13946.4,0.7058,9521.41,60,2,86.54,0.2,6,2376.88,3,0.4,1349.96,1
39,30096.99,10268.09,0.2615,3958.81,60,0,72.36,4.2,2,828.94,1,15.0,2053.29,1
68,82152.39,24513.38,0.3284,23694.0,60,1,95.02,11.6,3,3919.41,3,6.0,14152.96,1
54,52128.37,3701.93,0.8887,18272.33,24,0,61.95,10.1,1,2455.0,3,24.5,24198.73,1
25,63370.29,33887.06,0.4232,23539.41,24,0,74.19,1.4,7,1621.24,0,4.8,5623.26,1
24,45066.98,22018.9,0.5891,25207.51,12,0,94.43,0.8,8,2026.95,3,0.6,730.22,1
31,73460.9,776.2,0.1145,27564.69,48,0,84.86,7.8,7,2191.24,2,9.6,9803.53,1
20,63121.88,13206.67,0.1853,24069.22,60,0,90.84,4.0,7,1661.58,0,1.2,14467.73,1
67,38716.93,13651.63,0.0452,10203.91,36,0,72.95,2.8,5,1635.94,3,37.1,7473.53,1
33,31695.96,18135.09,0.4259,25795.26,36,0,74.77,8.3,9,1031.07,3,11.3,4978.96,1
36,25793.95,7084.97,0.9791,22218.05,36,0,95.53,1.5,2,1107.67,2,4.9,11324.64,1
68,58758.84,15256.2,0.8664,41901.05,60,0,89.98,1.3,5,2873.58,0,23.1,6394.8,1
35,66449.43,14031.04,0.6303,20079.18,48,1,75.37,4.7,8,3711.95,4,7.5,15217.84,1
69,68019.31,9099.05,0.8539,23829.0,48,0,68.61,1.6,8,2475.13,3,30.4,62.01,1
33,52640.38,7985.98,0.5923,19051.74,24,0,64.25,2.8,9,2057.57,4,7.6,9375.27,1
25,31860.07,22350.44,0.3714,20488.96,48,0,94.47,3.4,2,970.26,2,5.4,18686.47,1
50,41358.5,1427.34,0.1801,19813.87,36,0,87.91,1.1,8,2028.7,1,14.5,11439.97,1
66,78046.97,18823.03,0.65,15653.76,36,0,84.29,0.3,6,4092.31,1,17.4,8391.07,1
29,45307.43,21380.08,0.1992,21773.54,60,3,91.06,7.3,3,2196.11,3,8.7,2526.94,1
28,57868.35,13251.53,0.4191,26217.6,24,1,96.6,3.4,7,2300.74,3,5.2,8005.63,1
22,33486.99,15418.98,0.8193,15804.93,12,1,90.46,4.6,2,1462.38,2,1.5,16875.55,1
44,61731.66,24307.96,0.1366,28355.73,24,0,76.83,0.8,2,1995.92,0,9.0,19527.05,1
29,45846.31,9361.19,0.1364,27143.1,12,0,67.06,3.2,2,2269.99,3,6.5,10159.91,1
34,75934.25,10186.78,0.2299,11197.38,24,0,88.55,1.0,3,3572.32,1,11.6,30802.3475,1
23,70471.15,11036.13,0.5509,10363.1,48,1,69.87,10.7,7,3934.31,2,1.1,1263.38,1
50,45085.88,24322.6,0.2567,24481.53,24,0,91.3,6.0,2,1980.25,0,11.5,11505.76,1
22,52466.72,25338.35,0.5031,14124.64,60,1,73.55,0.2,6,2622.11,2,0.6,444.36,1
45,43977.68,3832.88,0.3059,9542.89,12,1,66.27,0.0,8,1833.34,3,7.9,19262.65,1
31,26611.34,23049.93,0.5061,37168.97,48,0,70.19,20.6,8,1406.18,1,9.6,15032.04,1
22,37851.15,21551.27,0.2821,10336.72,48,1,70.67,0.2,4,1694.87,2,2.2,16858.48,1
50,58964.35,27428.76,0.9704,4764.05,24,0,75.15,10.0,5,2388.05,1,23.6,4485.02,1
67,61505.19,18080.86,0.4929,12163.07,48,1,70.29,15.6,2,1834.5,3,24.0,2410.84,1
65,57970.96,14645.92,0.7388,22316.48,36,0,69.02,1.8,1,3002.61,2,37.2,2388.9,1
58,48965.34,24161.73,0.6965,20735.52,36,0,75.67,3.9,5,2544.45,0,21.8,23874.1,1
36,73661.33,20591.23,0.4907,38872.13,36,1,94.72,5.2,9,2613.49,3,10.9,7386.69,1
39,56270.84,32959.19,0.2441,12316.07,24,0,62.82,3.7,4,2238.29,1,14.8,2109.8,1
22,69065.08,22669.66,0.5105,22361.56,12,1,71.85,1.2,1,2676.8,3,1.4,826.04,1
19,19524.5,16228.38,0.6774,31284.89,24,0,82.49,4.4,1,707.99,0,0.3,5393.66,1
47,12000.0,5607.16,0.4607,13409.84,60,0,94.98,1.5,4,497.89,4,6.4,1464.78,1
64,60675.76,10352.66,0.0903,27037.24,48,0,71.37,0.9,2,2537.95,4,27.3,4382.66,1
56,26504.69,3512.36,0.0276,2000.0,36,0,73.95,3.5,4,731.42,3,25.6,1452.06,1
21,54915.35,13279.5,0.3313,37587.55,24,1,91.92,2.3,3,1707.54,2,1.1,7809.48,1
50,48958.06,22408.54,0.1572,29947.58,24,0,74.9,0.1,3,1315.03,4,3.2,672.58,1
30,86748.01,14970.63,0.8981,13193.25,48,0,94.06,14.9,3,4271.51,3,8.8,630.96,1
37,62999.93,23173.8,0.1823,28298.18,24,0,78.21,0.2,1,3083.99,3,11.5,16954.57,1
24,58317.18,17700.59,0.3964,33131.83,36,1,82.76,11.7,7,2021.07,0,4.3,873.05,1
32,71739.82,11775.26,0.7078,7113.31,48,1,82.44,1.1,5,3182.38,0,10.0,30802.3475,1
40,62369.95,15701.0,0.8091,14001.22,12,0,64.77,0.8,7,2452.18,3,9.8,8625.09,1
31,45846.46,18776.77,0.4782,33460.83,36,0,74.2,0.4,3,1381.72,0,8.2,3482.8,1
40,76429.52,16113.79,0.1875,20674.73,60,0,69.66,2.8,9,3621.31,0,15.3,3175.55,1
36,32805.0,16205.47,0.2755,24361.66,60,0,87.32,4.4,1,1666.42,2,2.4,10931.71,1
46,61464.94,8847.6,0.4206,20701.97,48,0,97.35,11.7,5,2222.28,2,18.7,19872.77,1
37,24048.6,11536.19,0.3673,28914.89,36,0,68.5,7.7,9,1011.44,3,8.6,7367.61,1
46,59078.88,33067.69,0.3517,25129.32,36,2,63.65,0.9,2,1834.88,1,9.8,14481.58,0
41,58859.79,24827.73,0.1392,21062.17,36,0,80.26,0.9,9,1589.57,2,5.1,27448.14,1
35,88529.1,3209.27,0.905,2000.0,60,0,75.63,0.0,7,2990.24,0,4.4,9296.83,1
27,23700.52,0.0,0.0392,26400.11,48,1,61.43,5.8,7,1239.89,2,5.9,5473.31,1
58,42982.26,15609.54,0.4412,27292.41,60,0,96.86,0.1,4,2178.02,2,28.2,1178.78,1
25,71453.65,22147.78,0.9707,7604.61,24,1,97.61,0.7,3,2347.77,1,5.4,11745.65,1
43,61706.35,10840.47,0.6565,8284.01,12,0,94.02,5.0,6,1671.6,1,5.1,19105.39,1
46,58606.1,23173.27,0.3583,25175.99,60,0,71.22,0.8,1,3083.42,2,12.9,176.95,1
27,35877.29,15477.24,0.1532,21943.25,48,0,64.9,0.8,3,1639.63,0,6.7,10405.55,1
34,43183.63,13695.51,0.9546,2000.0,60,1,83.7,1.3,9,1208.0,4,4.1,700.52,1
19,79900.82,21048.92,0.0237,11779.78,24,0,71.26,2.4,4,3891.07,1,0.3,28592.07,1
23,53969.82,10744.99,0.6778,23138.43,24,0,68.07,0.0,5,2284.36,3,2.4,5353.94,1
22,62507.19,12706.35,0.8725,26766.77,24,1,85.65,6.9,6,1849.78,2,2.0,2049.8,1
45,52696.23,20361.34,0.0347,14156.81,24,0,90.02,7.4,8,1355.05,0,6.3,2259.86,1
58,31338.29,14748.83,0.7207,18525.44,12,0,81.09,2.3,3,1661.09,3,18.5,949.11,1
22,73676.21,30270.21,0.9889,11206.48,36,0,72.8,8.0,9,2541.13,2,3.0,10718.95,1
35,65064.65,20550.6,0.6368,33239.24,24,0,80.5,1.7,8,2814.05,0,8.6,21087.43,1
43,101112.74,20030.51,0.4164,21745.88,12,0,83.99,21.2,9,3030.45,1,16.2,4795.98,1
37,34688.37,14603.96,0.8669,13323.12,60,0,62.08,2.5,5,1651.72,3,12.2,7567.98,1
58,71451.46,21998.04,0.5531,8436.99,24,0,77.75,5.5,7,1915.44,0,14.8,2996.18,1
66,28769.12,12419.14,0.7445,7331.13,60,0,83.93,1.9,6,1521.26,0,31.3,14984.45,1
44,58146.93,17259.02,0.586,38115.55,60,0,65.18,3.0,2,2552.42,0,17.7,10483.14,1
66,74530.13,7669.66,0.0475,18264.88,48,0,77.95,5.2,3,2110.95,2,19.1,30802.3475,1
29,13557.3,23315.53,0.2189,16004.79,12,0,73.87,2.1,6,590.13,3,7.2,19052.58,1
24,50901.35,17324.84,0.0872,17867.56,12,1,94.72,5.3,8,1983.37,2,4.8,1517.19,1
20,43735.81,30860.1,0.1146,13697.9,24,1,79.58,0.8,3,1492.33,3,1.1,18585.76,1
27,40960.85,34138.39,0.0251,18929.9,24,1,77.05,3.3,1,1943.6,4,2.5,553.71,1
51,62704.25,21106.56,0.4227,20349.28,24,0,69.76,1.6,6,3260.74,2,22.7,1617.54,1
42,77413.71,15547.4,0.1851,20150.04,12,0,98.3,12.6,9,2237.51,3,4.4,4858.86,1
52,52334.43,7431.48,0.8486,7374.02,60,0,98.45,8.7,3,1786.36,1,15.3,2102.96,1
33,59109.73,22238.0,0.745,28924.31,60,1,74.67,3.3,9,1792.26,0,10.9,3357.27,1
19,57286.18,16682.28,0.5717,14470.41,24,1,97.16,3.0,3,2299.37,2,0.6,12383.16,1
41,55036.07,19304.28,0.4892,13413.37,60,1,84.74,9.0,2,1383.25,4,18.0,8229.92,1
27,33213.15,28838.3,0.2608,12961.74,24,0,91.24,5.9,3,1599.29,3,3.4,5091.07,1
55,77168.89,8404.61,0.4755,9475.28,36,1,63.59,5.7,4,2037.84,0,17.4,10384.99,1
39,60903.91,7605.57,0.6384,22677.98,60,1,60.85,4.0,6,1901.8,4,7.5,1.99,1
43,62897.63,13108.59,0.7766,28949.82,12,1,80.56,9.9,9,3353.55,1,13.9,21118.73,1
60,38869.81,21569.61,0.09,12770.11,48,0,63.04,1.1,2,2031.35,2,13.1,5014.72,1
56,45815.59,19438.94,0.7043,2000.0,12,1,95.67,9.9,9,2088.81,0,11.0,6714.63,1
44,51477.32,7834.49,0.7379,9728.85,12,0,92.81,3.7,9,2514.65,3,16.1,1246.15,1
46,24317.51,21052.42,0.5578,15517.14,48,0,88.59,4.9,8,1058.58,4,21.9,14158.19,1
64,21239.31,5390.3,0.22,7685.65,24,0,61.26,16.4,6,808.65,1,10.1,30802.3475,1
55,42985.04,8298.07,0.5384,14012.68,60,0,78.33,2.8,5,1419.43,1,26.3,14538.47,1
37,65450.42,14076.34,0.5027,14484.73,12,1,63.12,5.5,2,3618.44,4,14.4,1502.9,1
44,41937.25,10572.55,0.4762,19845.1,60,0,97.15,3.7,5,2304.55,3,16.6,26589.78,1
58,34623.9,22118.88,0.4614,5450.46,48,1,84.5,13.4,7,1898.49,1,15.0,8782.18,1
37,38706.29,17291.03,0.1186,25801.13,48,0,66.26,3.3,2,2144.78,2,2.7,20102.69,1
61,45893.15,29124.49,0.1892,36609.39,60,0,82.42,1.5,2,2316.73,2,5.2,5483.85,1
36,47922.82,13022.52,0.1054,34291.17,60,0,64.74,3.3,6,2630.32,0,9.3,3264.28,1
37,98310.43,14022.38,0.2476,14159.56,48,0,65.83,12.4,6,4929.34625,4,12.4,215.82,1
52,76092.41,24683.06,0.2682,26686.55,24,1,63.24,3.5,1,2577.48,0,10.7,29678.12,1
64,75495.48,14272.63,0.2502,25502.54,60,0,94.87,0.8,3,4012.95,2,18.9,1669.82,1
19,78371.61,26952.04,0.2167,19564.75,36,2,81.83,3.9,2,3424.9,2,0.3,15234.22,1
47,35023.58,19326.63,0.7307,21770.06,36,0,73.12,2.5,6,1482.4,1,19.4,3262.12,1
51,30552.71,0.0,0.8122,26830.44,60,0,60.03,5.2,1,889.33,0,21.8,8457.03,1
39,32862.59,24420.56,0.3306,28833.76,12,0,78.88,1.4,4,1754.31,2,12.9,17467.21,1
20,81690.12,22301.81,0.309,11883.28,48,0,80.51,1.9,4,2907.14,0,1.4,4307.43,1
23,44056.16,22610.66,0.8372,27476.91,24,0,73.46,3.6,1,1410.36,4,1.0,5658.19,1
32,29972.88,0.0,0.6214,36664.63,36,0,79.37,0.6,8,1577.08,1,5.8,1552.34,1
44,46380.08,9696.08,0.2976,28821.82,36,1,64.03,1.2,7,1200.3,4,17.4,5458.51,1
27,50227.89,10290.36,0.7093,35364.63,12,0,96.88,8.1,9,1588.58,1,6.9,17464.27,1
26,60368.27,8271.03,0.3477,2000.0,60,1,70.33,14.0,3,2498.22,1,5.3,21204.3,1
50,60019.02,28935.38,0.5848,25957.09,12,0,97.94,17.5,7,3279.28,0,23.2,10041.77,1
49,38436.39,14905.86,0.9828,22642.51,24,0,79.72,13.8,4,1515.8,1,3.5,6306.8,1
65,68713.13,14707.51,0.3056,30270.85,60,0,94.27,14.2,3,2112.79,3,29.6,2315.82,1
23,42216.13,19416.07,0.9219,8743.74,36,0,83.09,8.6,3,1744.16,3,1.0,6072.05,1
58,51874.47,19554.41,0.3242,14938.59,36,0,93.78,6.7,4,2384.24,2,24.8,16432.23,1
53,68735.48,0.0,0.5395,29005.37,48,0,60.41,1.3,2,3718.67,4,5.3,3705.1,1
19,42163.57,9829.14,0.4608,9403.31,24,0,67.46,2.9,7,2187.86,0,0.3,16165.22,1
46,43612.97,3697.69,0.7775,22423.14,36,0,74.16,2.5,1,2221.03,2,16.2,35.47,1
21,66833.36,18202.45,0.0699,19830.61,12,0,71.85,6.6,6,2767.3,2,0.7,4278.79,1
18,37845.34,12688.86,0.6246,18040.69,36,0,97.87,3.2,6,2092.3,0,0.0,30802.3475,1
36,47304.16,15123.1,0.7555,25726.99,12,0,75.79,2.2,3,2567.95,0,2.9,24191.31,1
43,66114.84,0.0,0.4727,8844.99,12,0,98.88,8.4,2,3330.67,0,17.0,10411.5,1
42,96081.85,12521.18,0.1132,12198.83,60,0,86.04,6.9,9,4929.34625,1,12.0,6778.82,1
27,67108.09,23921.04,0.2499,18607.51,60,2,93.42,2.3,2,3703.95,4,1.0,12328.04,1
32,64452.8,26275.6,0.6761,7988.18,36,0,75.75,2.7,1,2348.17,0,3.9,30802.3475,1
39,65616.03,20750.91,0.8875,32309.22,36,0,67.6,11.2,3,3727.44,4,9.2,307.2,1
68,33536.19,4316.28,0.4232,12012.33,12,0,62.02,6.6,4,985.61,1,27.5,3225.73,1
65,57311.93,25075.21,0.5592,27863.3,60,1,86.26,5.9,7,3110.91,2,26.9,30802.3475,1
38,54404.67,20792.02,0.2338,11244.97,36,0,98.87,6.2,4,1772.15,2,14.5,9271.97,1
39,61431.69,14062.49,0.414,27041.97,60,0,64.73,0.5,7,2675.31,4,8.5,13126.92,1
53,57330.16,0.0,0.3401,3911.51,24,0,90.87,4.1,9,2531.45,3,3.8,14017.89,1
51,62593.99,22628.76,0.6524,34086.15,12,0,74.58,1.7,9,3518.44,1,9.5,5028.8,1
47,48770.66,10262.67,0.975,31351.33,60,0,99.74,0.4,9,1662.11,4,4.8,28300.74,1
42,56172.18,17769.33,0.807,14474.16,36,1,94.8,6.6,4,2193.23,4,16.5,1797.01,1
62,30443.43,15547.15,0.1983,11743.59,12,0,69.23,1.8,6,907.33,4,9.0,16674.12,1
45,48601.85,27307.16,0.5761,24578.03,48,1,90.63,1.9,1,2097.64,4,9.5,8018.78,1
18,82816.67,13997.06,0.0751,4738.94,12,0,89.37,5.1,5,3149.76,4,0.0,3391.1,1
66,61376.17,14879.09,0.252,20347.52,24,1,90.54,5.5,3,2444.21,3,22.2,6522.33,1
62,54581.58,27628.92,0.1788,11924.12,12,0,63.31,3.2,6,1491.68,1,10.4,7616.31,1
21,92922.47,9734.22,0.3388,17456.9,60,1,92.38,4.1,6,4904.52,3,1.9,4520.28,1
24,27783.3,21514.58,0.6752,13561.51,60,0,70.46,9.4,6,1021.74,1,2.7,3637.45,1
66,32810.89,13411.07,0.4994,12016.31,36,0,83.62,0.6,9,1516.45,3,21.5,5863.11,1
26,89254.23,6979.66,0.9243,37047.94,36,1,64.62,0.3,6,4112.9,3,6.1,18111.72,1
53,55919.22,15009.29,0.2185,27805.43,12,0,82.32,5.3,1,2583.96,2,11.4,12464.04,1
36,50148.34,20533.64,0.3669,5201.37,12,0,96.26,4.6,6,1644.95,1,6.6,848.27,1
18,31015.91,25829.68,0.3333,11241.87,12,0,67.09,1.0,2,883.73,1,0.0,14544.09,1
27,63953.93,26797.55,0.2412,28574.49,60,1,94.2,3.7,5,1749.08,3,3.0,26334.71,1
53,65889.2,12641.89,0.9833,29686.87,60,0,77.42,6.8,3,2897.24,1,23.8,30802.3475,1
26,33110.11,7102.01,0.3895,6149.17,48,2,72.89,6.6,2,932.2,3,3.9,5214.13,1
62,52194.49,12450.09,0.9317,26986.05,48,1,62.28,4.5,2,1997.46,2,4.5,24881.44,0
63,48289.68,5547.75,0.3927,22650.29,48,0,81.14,0.7,6,2617.65,4,14.6,1834.11,1
59,60119.54,13260.91,0.21,2000.0,36,0,68.0,1.8,1,1657.73,1,18.4,5100.49,1
49,32615.0,12266.68,0.1268,15968.02,60,0,97.6,2.6,5,1522.83,1,20.0,7067.73,1
49,80038.95,20819.92,0.8485,18638.37,12,1,69.53,7.8,4,3144.27,0,19.2,2018.16,1
23,73316.48,0.0,0.0415,20484.92,12,1,83.47,3.9,1,3934.16,1,2.8,11661.25,1
65,47736.49,9131.14,0.9551,6794.17,48,0,82.34,6.6,9,2375.63,3,32.1,5299.45,1
55,50671.63,9195.85,0.4198,12369.84,36,0,73.47,12.9,4,1466.97,3,9.2,1371.69,1
34,52271.56,24497.02,0.2524,13770.56,36,0,94.08,4.9,2,1816.22,4,6.7,7485.46,1
27,39433.83,6089.24,0.6151,14643.24,48,0,67.33,1.4,7,1823.13,3,4.3,3379.47,1
67,46131.41,16813.26,0.1403,14810.03,12,0,92.68,0.8,1,1417.22,0,38.3,28307.26,1
44,49594.59,13974.97,0.0807,18673.67,36,0,68.3,0.0,2,2565.19,1,20.4,17466.72,1
67,87257.37,23344.34,0.8212,23096.37,24,0,61.56,1.0,3,2889.42,1,22.0,17037.58,1
52,73932.37,19766.65,0.4262,37742.26,48,0,97.75,1.6,4,3894.72,4,6.8,10291.97,1
69,73693.09,15969.95,0.5179,28708.89,12,0,85.49,1.6,2,2499.7,1,36.8,1018.66,1
38,62398.51,10562.67,0.1832,33168.63,24,0,85.22,5.5,7,2012.2,1,2.4,5898.92,1
42,32653.46,181.26,0.0702,15192.44,60,0,70.6,0.8,8,1841.24,4,10.0,10442.69,1
45,54170.18,16976.69,0.3704,9960.77,12,0,65.57,2.9,6,2503.5,0,12.1,2213.29,1
64,74409.77,19243.92,0.506,28014.25,24,0,88.24,0.0,1,3199.12,3,9.3,5146.7,1
32,29834.71,2401.06,0.7601,19837.89,60,1,80.75,1.5,5,794.17,1,5.0,6572.61,1
21,67731.06,5130.45,0.501,27303.18,36,2,72.72,0.2,5,2329.1,1,1.7,17969.47,1
46,101452.18,17018.64,0.7769,11177.0,12,0,72.67,6.2,5,2954.56,2,16.5,4789.6,1
26,76236.33,17713.13,0.1231,26485.77,12,0,95.57,2.2,8,2311.27,4,5.2,4297.41,1
44,83280.58,7074.82,0.0727,18247.51,36,1,95.59,3.3,5,2810.86,0,13.0,12940.29,1
43,59366.78,10407.48,0.1657,15390.99,12,0,70.99,7.2,4,1752.99,2,7.6,4162.73,1
36,74358.64,308.09,0.7666,16332.44,48,1,91.77,9.9,8,4088.67,2,2.0,1040.48,1
45,40642.94,26018.11,0.7541,24904.33,24,0,69.07,3.6,4,1131.13,3,14.2,15418.05,0
34,70917.28,4601.0,0.1485,27741.41,60,1,92.32,5.2,6,3804.37,1,7.9,4611.09,1
60,68087.76,19338.08,0.0404,16335.86,60,0,65.05,6.7,4,2789.74,0,22.8,30802.3475,1
58,60798.22,14720.31,0.6816,23443.1,24,0,90.33,1.7,1,1836.94,0,30.1,7068.49,1
59,81320.15,25316.75,0.8482,23408.16,48,0,82.23,6.1,4,3461.87,4,10.9,663.5,1
67,44224.3,8661.97,0.749,27383.37,12,0,64.7,5.3,7,2375.02,0,29.1,14398.43,1
37,54915.35,15490.02,0.2087,29869.15,36,0,84.63,2.9,1,2802.07,2,4.6,4743.13,1
62,56909.24,1412.58,0.5821,38112.21,36,0,67.7,2.1,8,2097.69,4,28.6,1312.59,1
57,34407.78,0.0,0.7522,15348.3,12,0,67.76,18.2,1,1628.8,4,4.7,8143.16,1
56,59538.64,19770.67,0.2607,34600.1,60,0,77.89,21.5,2,1619.24,1,11.0,2861.84,1
66,20621.39,719.79,0.5272,21170.74,24,1,98.57,5.9,7,858.72,2,13.5,28014.49,1
40,75939.09,13174.26,0.3182,9051.99,24,0,95.69,2.4,4,2473.0,2,15.3,12069.33,1
64,55932.75,23090.36,0.2311,13495.16,60,0,93.06,7.0,3,1955.51,0,22.2,5358.77,1
49,44582.14,20973.48,0.9602,24659.6,24,1,94.05,5.7,5,1804.15,4,12.1,14699.14,0
69,54915.35,9683.32,0.9043,27237.61,60,0,79.89,3.9,5,2124.55,3,13.8,6237.93,1
64,50308.42,2291.97,0.4468,9837.32,48,0,74.99,0.7,3,2638.56,4,15.0,25327.46,1
50,68765.19,19075.96,0.144,12361.16,12,0,95.36,14.6,1,2595.76,1,19.4,12447.85,1
63,65954.78,25738.05,0.7233,14668.83,60,0,63.23,1.3,4,2698.84,0,31.3,30802.3475,1
22,40889.24,9702.1,0.2606,11366.32,48,0,99.84,2.5,6,2213.65,1,0.7,4143.1,1
60,38079.21,8573.5,0.1751,2000.0,60,1,82.12,2.1,4,1056.69,0,4.6,17653.09,1
65,54915.35,10800.78,0.3839,2000.0,48,2,81.62,0.8,1,3467.4,0,22.8,3309.13,1
51,40553.05,19572.87,0.5293,16181.93,48,0,71.68,0.1,2,1242.6,0,22.7,4142.39,1
57,56198.2,24828.14,0.1055,22520.79,48,1,66.81,13.3,8,1927.18,2,4.5,2771.97,1
28,57475.09,5083.15,0.5703,26555.86,12,0,87.21,6.7,5,1853.69,0,5.1,18168.43,1
67,61241.24,3013.75,0.025,6376.66,60,0,74.47,0.1,3,2656.34,2,32.8,23066.06,1
20,72165.41,33719.97,0.884,6546.61,60,0,72.1,5.8,2,2357.4,1,0.4,2189.79,1
50,29740.74,13581.42,0.9123,14720.71,60,0,66.49,0.7,6,1196.09,0,11.3,20035.5,0
28,16776.81,17023.14,0.7284,20033.42,48,0,81.41,6.4,6,434.01,4,1.7,30802.3475,1
33,43651.05,9464.55,0.4672,30087.82,24,0,83.53,3.5,4,1551.42,2,1.9,7578.64,1
35,91030.57,18919.7,0.2598,27177.22,24,0,77.72,19.1,4,4433.67,2,7.6,2779.03,1
47,95443.48,22680.49,0.7392,16321.72,60,0,60.48,2.8,4,3769.21,2,16.4,26775.5,1
65,91623.54,17398.37,0.9232,23601.55,24,0,79.67,6.9,3,4805.17,0,35.0,25763.3,1
27,51140.37,28926.86,0.1654,11564.61,24,0,70.88,0.2,1,2062.26,0,2.8,1410.5,1
35,19357.7,12386.04,0.4665,20743.46,24,0,65.55,13.7,9,1049.15,2,4.8,30802.3475,1
55,12000.0,12896.94,0.319,19375.77,48,0,83.1,4.1,9,457.81,3,19.8,3616.3,1
36,42719.24,16851.25,0.3596,34043.02,60,0,86.85,1.9,7,1582.21,1,13.7,5837.26,1
53,51038.53,18719.69,0.4076,24935.55,60,1,80.75,0.7,3,1712.86,1,8.1,8063.2,1
30,81012.51,16823.58,0.9428,12292.15,36,0,84.57,5.1,2,3272.52,4,2.2,4011.63,1
63,72356.11,4724.68,0.2635,12394.45,36,0,84.26,6.9,4,3812.96,4,31.1,667.98,1
20,59548.1,17500.12,0.4928,16669.08,24,0,64.97,0.4,9,2905.65,4,0.4,12631.54,1
27,37203.1,12006.61,0.9425,4355.34,60,0,68.63,0.9,9,1144.14,2,3.6,14692.84,1
55,35784.41,10352.18,0.4765,17699.8,24,0,60.38,2.4,7,1998.39,0,23.9,7574.52,1
18,60082.55,15259.86,0.8563,18563.41,48,0,99.28,9.5,4,2396.65,1,0.0,5626.92,1
44,68941.02,7307.82,0.0676,24665.27,60,2,68.45,20.4,9,2234.54,1,14.4,12990.0,1
63,62837.63,5916.87,0.944,26121.25,48,1,92.59,6.8,6,3538.02,1,29.5,30802.3475,1
25,34308.04,0.0,0.1938,20989.16,48,0,91.25,0.0,2,1361.66,4,3.3,26929.37,1
68,68013.35,28977.9,0.9703,3700.07,60,0,88.2,11.7,5,2094.21,0,12.0,8272.52,1
63,63518.22,19445.85,0.1821,7789.53,24,0,77.99,0.1,4,3331.16,4,11.6,17003.2,1
59,33586.67,14065.89,0.4455,13948.95,36,1,83.35,11.4,2,1399.8,1,32.3,2486.76,1
34,39313.58,9662.21,0.3124,26522.91,24,0,67.45,2.6,2,1240.72,1,10.7,4664.22,1
26,68769.92,0.0,0.4346,26185.24,36,1,64.24,6.8,6,3278.74,1,2.6,30802.3475,1
23,50309.85,9171.77,0.2555,17505.62,12,0,74.07,0.5,6,2904.53,4,1.1,8109.69,1
60,86782.95,20726.93,0.956,43597.3,36,0,93.02,0.9,9,2413.46,2,12.5,7748.62,1
42,65022.59,22537.39,0.3096,35615.68,60,0,82.56,3.0,9,2567.11,2,16.2,2760.39,1
56,45267.38,20138.34,0.6502,32399.19,36,0,90.55,0.2,6,1906.0,2,19.6,6789.94,1
66,54795.89,16267.14,0.1447,27006.58,12,0,95.61,2.5,1,2577.57,0,28.0,1838.12,1
45,56267.67,25430.99,0.8179,24585.42,36,0,82.42,7.0,3,1835.24,0,15.1,13198.56,1
50,40432.19,12371.7,0.5417,23855.76,24,1,74.69,5.3,2,1259.93,1,22.3,20623.19,1
54,36748.24,23681.51,0.9699,2000.0,36,0,94.23,2.2,7,1827.5,1,28.5,14860.45,1
26,69027.8,11923.34,0.4249,9487.16,60,0,69.19,0.0,1,3265.81,3,4.3,1323.85,1
35,71905.47,7950.87,0.2015,17778.63,60,0,60.99,1.6,4,2386.69,2,8.9,8249.17,1
38,67075.63,6954.3,0.3491,21278.72,48,0,62.03,7.5,1,1804.02,4,3.6,4560.66,1
19,85306.36,6484.03,0.7322,18755.43,24,0,83.29,2.1,3,4407.92,4,0.7,3928.33,1
60,44164.54,20272.54,0.6559,22722.77,24,0,95.69,2.4,4,2108.4,3,6.0,15930.1,1
55,88485.42,9058.04,0.7728,2000.0,36,0,82.57,0.4,6,4807.06,2,21.3,6537.74,1
57,36981.58,6735.77,0.082,25056.64,36,1,76.37,4.6,1,1007.91,1,24.2,18836.71,1
53,34746.29,20709.88,0.5788,20621.38,60,0,83.08,4.9,1,1433.29,2,11.6,5203.43,1
67,19800.82,17623.76,0.9235,18125.5,48,0,86.84,2.8,6,600.38,2,8.5,7860.57,1
60,46084.09,22700.74,0.1157,29273.12,12,0,90.34,3.4,9,2188.87,4,16.7,3860.83,1
54,44925.55,19100.8,0.1024,9544.67,36,0,73.89,10.5,6,1496.78,4,9.6,5093.79,1
32,65518.75,8975.11,0.7123,17631.05,24,1,75.48,6.9,2,2212.12,1,7.2,11556.48,1
45,59877.82,15608.82,0.3189,22844.18,36,0,60.95,3.9,2,2923.88,1,3.4,3333.26,1
35,31140.53,16001.06,0.6554,11469.89,48,0,85.99,13.7,2,1634.66,4,2.3,30802.3475,1
51,47145.48,7646.73,0.5445,2000.0,24,0,91.07,2.4,5,2609.56,3,16.5,16924.64,1
39,47570.76,6163.0,0.9763,8469.6,48,1,80.44,5.3,1,1313.08,3,4.1,1283.91,1
28,19480.36,9554.23,0.8813,19352.79,24,0,75.06,4.3,5,1010.82,0,3.5,2616.52,1
30,35381.07,31292.66,0.6745,17509.8,36,0,73.33,9.2,8,2030.29,3,8.5,11163.12,1
21,39583.73,11698.05,0.2664,19817.34,48,1,85.8,3.5,9,1058.71,4,0.4,1917.33,1
39,83672.5,24862.93,0.2667,13407.23,60,0,73.23,4.0,7,4635.63,2,4.3,63.73,1
24,58829.01,11250.72,0.8746,6877.36,24,0,83.96,3.0,2,3341.47,1,4.4,10465.55,1
60,68243.38,22110.71,0.5836,21370.08,48,0,97.08,0.8,5,2143.57,2,15.4,2665.93,1
41,25027.29,22219.93,0.7835,18334.77,48,0,73.22,10.9,4,883.13,2,8.2,1932.12,0
21,78884.29,22620.72,0.4509,26378.35,12,0,62.73,9.9,3,2758.38,2,1.5,11328.2,1
45,81022.04,18102.62,0.111,12523.15,12,0,94.96,6.1,7,4590.04,0,11.0,5245.61,1
32,15033.1,26018.93,0.336,2000.0,36,0,70.94,2.1,2,384.17,2,9.0,28447.79,1
18,40893.67,18026.83,0.1679,2000.0,60,0,99.54,2.2,4,1781.08,3,0.0,3099.22,1
20,64915.31,28708.24,0.7762,15985.31,60,0,93.6,0.2,8,2876.95,1,0.4,2826.93,1
31,67887.77,2040.64,0.6965,21279.09,48,1,77.08,0.4,2,3172.43,2,6.3,8305.95,1
55,41430.11,17786.29,0.0966,17676.87,48,1,85.13,3.6,5,1345.35,1,15.9,6797.05,1
67,48890.01,17266.59,0.619,14348.5,48,0,71.1,0.3,6,1994.87,0,17.2,1007.2,1
18,43052.38,7507.84,0.8667,4086.18,24,1,63.37,0.5,7,1668.28,3,0.0,9339.0,1
55,57208.36,19636.67,0.6934,2000.0,36,0,81.03,1.4,8,2208.9,1,27.3,13477.78,1
55,78943.57,3079.34,0.5109,23672.75,36,0,76.99,2.3,2,2852.57,3,24.3,2182.98,1
38,39579.16,9766.53,0.3156,17723.99,12,0,98.8,3.4,7,2234.01,0,4.8,2923.12,1
65,75016.41,0.0,0.8794,16364.82,48,0,83.9,2.0,9,3504.1,3,19.3,682.62,1
46,39366.56,27469.01,0.4243,4582.49,48,0,89.89,14.1,8,1981.55,4,17.6,2093.8,1
22,38047.46,13147.6,0.8483,10337.43,24,0,65.41,15.1,2,1359.24,1,1.9,4853.79,1
66,71371.89,32335.07,0.7773,20451.04,48,0,88.95,0.3,9,1786.16,2,36.2,11073.38,1
27,73438.73,21423.6,0.8099,22846.16,48,0,62.25,21.1,7,4167.01,4,5.4,7084.68,1
45,72028.2,18584.79,0.98,18357.6,36,0,84.52,0.9,9,3904.75,0,5.4,2058.62,1
38,28684.05,10310.18,0.7438,33792.49,48,1,93.54,2.0,6,1154.89,2,7.6,1214.4,1
67,45680.98,6629.2,0.0434,14245.06,24,0,79.32,9.1,8,1729.21,3,34.3,6834.84,1
24,71459.77,19183.77,0.2113,32868.72,24,1,68.6,5.8,3,2845.72,1,2.3,30802.3475,1
20,55830.84,14427.89,0.0445,22168.67,60,0,77.75,0.3,7,1896.53,0,0.9,3783.47,1
62,33526.14,4285.84,0.1961,21081.33,60,0,93.64,7.4,5,1525.33,3,29.5,1702.78,1
64,64166.36,2865.13,0.0702,29325.23,12,1,88.58,5.4,5,3686.72,1,5.2,17571.56,1
37,40703.85,7330.37,0.5016,13758.73,24,0,84.22,15.0,7,1107.86,4,2.9,3376.33,1
36,90890.5,29567.74,0.0376,16707.97,24,0,87.75,12.0,1,4664.52,0,5.1,1131.91,1
52,85896.83,32706.22,0.4731,7764.58,36,0,93.37,18.5,2,2316.51,0,21.6,30802.3475,1
21,67081.95,16639.91,0.8909,29352.13,60,0,66.07,3.0,5,3597.92,4,0.9,2402.67,1
22,82220.13,16191.54,0.7436,23355.05,12,0,93.68,6.1,6,2454.8,2,1.6,4271.26,1
18,56295.83,12309.44,0.9351,30977.93,36,0,92.26,16.3,6,2335.67,4,0.0,2149.73,1
21,70308.75,7524.12,0.2321,22048.63,36,0,79.1,0.0,6,2949.74,2,2.0,30254.87,1
29,84554.41,26001.43,0.5305,31030.42,60,0,76.12,7.8,7,3891.15,4,5.8,11409.03,1
44,59909.97,29988.61,0.3222,12527.11,36,0,97.3,0.3,2,2706.36,4,6.6,13420.09,1
59,49896.26,7852.65,0.4939,29872.4,60,1,92.78,3.4,9,2415.68,0,29.5,1079.52,1
40,20907.56,14337.29,0.5559,16021.85,24,0,99.55,0.1,3,1114.1,2,2.4,11151.77,1
42,53337.33,11401.07,0.0455,20025.32,24,1,85.67,4.0,9,1397.57,3,9.4,7349.3,1
38,71468.46,11638.09,0.2386,27283.56,60,0,61.26,3.7,8,3545.05,3,13.2,6483.79,1
69,73912.67,24487.27,0.7007,43278.41,48,0,66.16,1.8,1,1974.52,1,21.5,7095.68,1
41,65087.3,4504.31,0.7675,28200.53,48,1,92.81,6.6,7,3349.35,0,6.8,9922.66,1
42,44174.02,18731.76,0.5681,29143.46,12,0,85.56,1.5,6,2272.41,0,17.8,869.37,1
62,15463.57,20825.9,0.2754,14546.22,48,0,67.92,1.7,9,485.01,0,25.0,8853.58,1
63,45095.7,13862.79,0.407,21569.98,12,0,60.48,1.0,4,1441.93,1,21.6,6654.35,1
49,48913.1,22144.54,0.1041,19041.33,60,0,70.52,6.3,2,1350.15,1,23.2,4609.07,1
49,48741.42,16181.21,0.9441,34076.66,60,1,65.5,0.9,5,1608.88,0,22.8,8025.64,0
22,67371.13,24737.04,0.8613,18540.66,60,0,95.05,11.4,5,2805.53,2,1.4,4515.04,1
53,94713.53,2822.36,0.0743,33285.42,12,1,95.31,1.7,2,3595.35,0,12.1,1496.77,1
63,54915.35,12209.8,0.1732,6983.53,36,0,93.69,3.7,2,1865.51,0,13.8,676.58,1
59,50665.36,14425.49,0.5795,33987.77,12,0,63.78,3.2,8,2315.53,0,12.2,1308.1,1
66,49815.56,0.0,0.2378,11385.99,36,1,65.4,6.1,9,2113.48,4,9.6,10659.98,1
59,57487.7,6312.38,0.9257,28538.84,24,0,65.42,1.3,1,1677.57,3,22.5,13790.41,1
56,38434.12,8491.21,0.7505,11356.7,24,0,70.34,9.1,6,1371.77,4,11.8,11161.66,1
33,57403.97,22585.65,0.2778,26183.47,36,0,62.92,6.7,6,3235.55,2,6.2,76.74,1
50,64016.25,9345.25,0.016,10374.13,36,3,99.26,2.1,7,3037.63,4,13.9,7555.7,1
66,59193.72,8455.37,0.7935,30364.81,48,1,94.21,0.6,6,3356.12,3,27.3,130.16,1
38,64150.84,21539.89,0.4256,28452.45,36,0,62.77,3.5,1,2578.39,0,13.6,667.42,1
26,63674.95,2056.71,0.6395,13993.13,36,1,65.75,19.7,6,1635.05,3,6.2,753.46,1
23,19562.07,0.0,0.2912,25780.85,60,0,70.49,0.1,4,1005.64,0,2.0,1117.09,1
68,67737.4,12107.26,0.15,29474.33,12,2,91.0,9.3,1,1906.85,4,34.9,387.92,1
62,41579.7,3418.35,0.6718,10766.81,36,1,88.56,6.0,6,2345.83,1,20.8,657.11,1
52,33083.22,3722.57,0.4513,9659.97,60,1,85.22,1.0,3,1165.07,2,25.6,12883.32,1
56,32910.96,19587.47,0.2405,9286.95,36,0,96.49,3.2,4,1545.54,1,24.0,6755.83,1
39,63670.83,22007.79,0.1449,7869.97,48,0,61.45,4.9,8,3387.89,1,12.2,30802.3475,1
58,50548.5,21310.91,0.5789,9239.07,36,2,66.45,6.0,8,2035.43,2,15.7,8221.61,0
22,21360.62,23870.21,0.721,29247.88,36,0,67.59,12.7,3,840.25,1,1.3,30802.3475,0
59,64560.76,24929.07,0.2882,25578.5,60,0,62.39,10.3,4,2014.57,2,27.3,3571.17,1
40,26207.84,0.0,0.7304,3039.98,36,0,84.73,2.0,3,1291.26,4,11.1,5643.39,1
34,57796.43,18603.3,0.1895,14898.33,60,1,68.39,0.6,8,2098.66,4,2.5,10142.88,1
29,59769.98,10763.13,0.3416,8421.63,12,0,79.31,0.6,3,2744.67,1,4.5,9696.87,1
40,72711.54,9020.61,0.74,28615.3,60,0,87.42,17.3,3,2415.54,3,4.4,29.57,1
33,90633.7,19483.32,0.6569,15503.54,12,0,83.82,15.6,6,4498.63,0,1.8,6969.39,1
20,27706.47,1157.64,0.2751,4555.73,36,0,71.61,8.6,3,1335.88,1,1.6,5833.88,1
47,53950.52,991.13,0.1297,21701.65,12,0,76.57,19.7,5,1364.36,0,13.9,2388.98,1
39,49473.29,20068.58,0.0516,26064.92,24,0,73.59,1.6,4,1404.8,3,14.0,13199.88,1
26,63674.99,18902.29,0.8312,10463.02,24,1,94.1,8.7,1,1765.87,3,3.3,15356.44,1
46,59313.38,16093.86,0.0836,17350.84,60,0,76.8,3.5,7,1551.67,0,15.2,9447.44,1
64,47949.08,7960.69,0.1225,10976.05,48,0,62.47,8.0,6,1294.09,2,36.5,5286.82,1
54,46181.96,20950.64,0.243,32440.47,36,0,84.77,4.7,1,1654.9,1,20.1,4236.02,1
40,32670.98,20442.42,0.4468,15686.42,24,0,67.91,9.4,4,1650.9,1,4.7,1564.6,1
30,74757.23,15682.44,0.784,12781.62,48,0,73.55,2.5,9,3196.66,1,7.8,10138.36,1
49,64184.08,5581.43,0.2525,19486.75,60,0,73.11,22.6,7,1831.89,0,23.3,14675.8,1
63,73355.36,11598.01,0.5426,17924.51,12,0,62.9,1.2,3,1961.05,3,14.7,1370.96,1
69,48792.08,21702.67,0.0986,26884.93,36,0,98.04,5.6,7,1389.04,3,13.1,4745.74,1
64,41863.29,25617.53,0.4652,32160.47,12,0,81.88,8.1,1,1567.75,2,13.1,5497.71,1
65,33433.7,12387.71,0.1841,32236.23,36,0,66.25,4.4,5,1174.83,3,10.2,12538.24,1
40,62178.35,13002.62,0.217,16180.93,24,0,82.23,1.7,1,3025.66,0,5.5,954.93,1
62,34204.14,13706.49,0.3695,23051.14,48,1,78.06,4.1,4,1568.25,1,25.6,2908.7,1
34,91973.26,17199.14,0.7561,34885.0,60,1,73.79,3.5,2,4929.34625,4,5.7,10401.9,1
57,28847.15,10351.46,0.7391,35269.99,36,0,78.9,1.1,2,1633.06,3,28.1,30802.3475,1
38,60473.2,0.0,0.4167,11240.94,24,0,86.78,7.2,6,1514.74,2,7.0,14060.73,1
19,54915.35,24542.15,0.1263,25922.45,60,0,67.98,1.6,8,2814.99,2,0.7,13022.56,1
54,66981.8,29357.51,0.2851,24232.06,36,0,81.52,8.9,9,1848.67,2,7.0,2581.75,1
23,58513.47,10100.8,0.5052,29263.88,24,0,92.52,1.2,6,2060.85,2,0.6,3959.84,1
61,35630.33,6466.77,0.862,32436.18,60,0,68.9,3.5,3,1600.17,1,27.9,3356.4,1
35,27364.62,13903.2,0.9589,9590.24,12,2,80.62,5.9,3,927.08,1,10.8,13715.51,0
47,70401.0,13499.97,0.6347,13093.22,48,0,98.63,27.4,3,2205.64,3,17.1,286.16,1
39,85122.94,22964.15,0.3537,29076.09,48,1,92.02,1.6,3,3225.51,0,8.3,5406.71,1
50,46223.0,15437.12,0.6896,21480.31,12,0,83.72,5.0,9,1182.71,1,7.7,14806.38,1
47,32218.77,8659.02,0.3395,2000.0,48,0,89.96,0.8,4,1850.7,1,7.6,1556.2,1
34,12000.0,4452.72,0.623,3337.18,48,0,81.03,8.6,7,686.82,1,10.6,28634.2,1
60,35384.7,21925.07,0.2489,26625.73,36,0,99.46,9.9,2,1043.04,0,31.9,23960.3,1
49,52726.86,19796.09,0.2716,28391.11,24,0,66.77,10.9,7,1650.94,4,23.7,30802.3475,1
59,86982.46,23484.48,0.0837,6505.12,12,0,88.78,14.6,7,3813.97,4,14.8,7851.16,1
68,68462.67,7254.51,0.4217,30991.68,24,0,60.24,2.2,4,2416.22,4,27.8,1573.9,1
31,61101.71,29707.5,0.6158,18028.53,48,0,65.03,5.5,4,1552.35,0,4.1,14413.82,1
27,46997.61,1050.44,0.783,9775.26,24,0,88.87,1.9,5,1259.68,3,6.3,18538.97,1
64,43336.69,20676.81,0.8041,14397.04,60,0,90.37,8.1,1,2055.93,1,23.7,820.0,1
68,83112.95,0.0,0.9826,7772.57,12,0,61.58,2.7,6,2660.31,3,35.1,5865.32,1
53,59014.77,8677.35,0.096,13840.89,12,0,73.35,4.0,7,2534.26,2,21.8,9291.35,1
51,12947.99,27488.18,0.4933,2000.0,12,0,64.73,0.7,4,443.05,4,9.0,10969.72,0
26,41529.21,21650.91,0.5209,19261.67,36,1,95.61,9.5,8,1764.89,0,1.0,6734.73,1
59,37835.68,10630.24,0.7984,25871.19,24,0,78.16,3.3,7,2205.73,1,32.3,508.2,1
45,44074.72,10849.3,0.271,6525.75,24,0,77.7,5.1,1,2116.59,1,11.3,8942.54,1
28,66258.21,15804.98,0.078,20170.2,36,0,92.95,5.5,9,2422.06,1,2.9,962.48,1
31,52851.1,19113.13,0.3175,11953.48,12,0,87.81,1.6,9,3021.83,0,8.7,771.66,1
56,53462.69,25012.64,0.9742,26688.01,36,1,96.89,7.9,1,1398.21,2,8.4,883.47,1
64,81269.46,11350.13,0.8915,2000.0,36,0,97.55,8.9,8,2494.54,0,20.9,29075.82,1
36,41070.78,2105.72,0.3973,27118.89,48,0,72.53,3.6,1,1709.25,0,7.1,11676.12,1
32,92283.99,16255.75,0.8687,2000.0,12,1,85.94,11.6,8,3205.7,0,2.6,9611.17,1
45,41573.85,11340.55,0.0421,17900.6,60,0,81.67,0.9,1,2037.02,1,15.5,13238.12,1
41,56783.96,4594.93,0.3179,12910.82,48,0,83.83,2.7,2,1484.47,3,16.5,2768.64,1
25,49375.93,17381.35,0.7223,16392.97,12,2,85.01,0.2,3,1685.35,1,5.3,3770.86,0
60,57468.38,13295.09,0.227,4706.09,12,0,62.4,2.5,4,3075.67,2,20.5,23340.8,1
26,63891.84,17452.1,0.2044,36601.38,12,0,95.8,29.1,1,2453.51,4,0.9,10721.55,1
64,63676.7,7844.45,0.8546,7134.37,24,0,65.61,3.1,8,2022.8,2,17.0,17899.11,1
50,39937.65,18893.68,0.6136,7923.46,12,0,76.98,2.7,7,1688.89,2,15.5,29162.39,1
50,32541.71,4463.21,0.9792,37948.21,12,0,71.68,5.8,2,1210.92,3,24.9,5982.18,1
36,105063.44,8378.15,0.142,23227.02,60,0,82.15,0.2,9,3615.88,1,7.4,8710.09,1
20,45320.31,13056.69,0.359,7457.43,12,0,98.46,2.2,4,2414.87,0,0.7,3665.12,1
27,68984.25,28934.55,0.315,18712.12,36,0,76.5,3.8,6,3682.49,2,6.7,18129.76,1
57,22847.17,21278.6,0.8725,17642.71,12,0,84.13,3.3,9,889.86,4,16.0,6052.9,0
64,49407.75,23617.54,0.2602,3123.49,12,2,65.65,5.1,1,2229.8,1,35.4,12676.47,1
59,52456.01,26336.62,0.3564,12417.37,12,0,78.52,0.7,3,2568.14,2,13.2,8346.16,1
18,64456.3,36696.87,0.15,19736.19,24,0,96.63,2.6,6,3123.87,2,0.0,7569.57,1
46,12000.0,15332.71,0.7699,32664.18,48,0,97.3,5.0,7,433.09,2,19.3,1711.05,1
67,58322.81,26363.21,0.2429,18111.7,24,0,81.86,1.8,9,2743.47,1,35.3,12849.85,1
51,32005.17,23101.08,0.077,18863.55,60,1,90.74,4.7,4,1779.77,0,10.2,538.47,1
68,61486.91,22968.26,0.4364,11848.33,60,1,60.13,15.9,7,1650.75,1,39.4,15083.86,1
30,34273.42,29193.92,0.3936,30958.91,36,0,81.26,13.3,7,940.26,4,7.4,25502.99,1
18,37890.35,11645.5,0.1841,29023.22,36,0,89.3,6.5,8,2023.99,1,0.0,16073.18,1
51,49527.45,11010.52,0.1409,27893.35,60,0,73.19,1.0,5,2232.76,0,20.8,2126.17,1
46,33953.41,17558.12,0.8886,21118.39,48,1,96.05,7.7,2,879.63,0,19.1,3651.48,1
65,45489.31,13538.4,0.0765,4014.26,48,0,91.19,3.0,3,2298.74,3,10.7,2360.18,1
64,31132.48,17548.01,0.1073,30866.7,60,0,90.79,15.2,1,888.67,4,10.1,2633.49,1
30,18336.59,27501.99,0.2501,20573.3,12,0,60.85,4.7,7,971.58,0,2.3,16823.8,1
65,75359.14,11174.83,0.9438,16914.08,24,0,67.36,1.2,7,3097.22,2,21.0,652.57,1
66,29079.03,12562.57,0.0937,24484.59,24,0,88.54,1.9,1,1009.44,2,28.9,6336.93,1
46,51426.38,16394.49,0.8097,22241.9,12,2,82.47,1.9,8,2344.35,4,10.2,9045.7,0
56,70057.82,13173.45,0.8842,9308.02,48,0,83.14,1.6,4,2157.51,4,5.3,29813.3,1
41,42701.12,0.0,0.3803,16792.02,24,0,60.59,7.4,8,1833.04,0,8.1,10564.02,1
43,38496.68,10358.98,0.298,2000.0,24,0,77.68,2.1,9,1591.19,4,14.8,12198.42,1
34,59524.76,20498.99,0.6738,20860.27,36,1,91.46,1.1,1,1964.78,3,2.7,7873.35,1
24,77358.68,26500.37,0.6986,33301.28,48,0,86.54,4.5,8,3655.86,3,2.9,4624.5,1
30,31613.69,5763.05,0.7744,2043.85,60,1,82.9,3.1,2,1159.54,0,6.3,4359.94,1
22,51997.04,5725.74,0.824,21286.28,60,0,87.86,0.1,4,2774.04,2,2.2,12152.11,1
43,20350.11,15241.87,0.273,26684.79,12,0,94.04,1.6,4,565.4,1,8.6,4608.33,1
66,47135.98,0.0,0.6832,28163.57,24,1,93.98,0.2,2,2388.46,2,36.0,11101.55,1
20,55684.09,11440.24,0.1422,12538.1,60,1,78.24,7.3,1,2204.68,0,1.6,7916.44,1
24,37907.51,1111.66,0.5105,8977.69,12,0,72.31,15.1,2,1341.78,4,4.1,8104.13,1
66,45860.16,25952.49,0.6106,14129.48,36,0,74.66,3.5,4,2581.74,1,8.5,3942.29,1
56,26835.46,8845.35,0.1685,31908.71,48,0,80.86,4.1,2,849.79,0,10.9,2233.78,1
18,56541.57,28222.67,0.085,2904.44,24,1,63.57,9.3,7,2211.04,1,0.0,337.91,1
66,76113.88,23908.17,0.2009,7840.33,24,1,83.64,0.1,1,3080.32,3,6.6,3093.99,1
34,33057.12,9829.46,0.4222,15412.31,12,0,78.13,0.9,4,1154.32,0,11.6,8354.22,1
60,42546.56,6424.32,0.8801,10243.29,24,0,90.36,5.3,8,1189.89,3,9.7,17753.68,1
42,65050.92,13451.63,0.5313,19583.27,48,0,70.96,6.8,8,3589.0,1,8.7,16169.74,1
20,79241.81,14162.83,0.7435,34145.26,60,1,62.65,4.9,1,4342.37,0,0.7,14516.83,1
32,25136.2,17769.18,0.1807,7961.82,12,0,95.78,14.0,5,1155.34,3,9.0,1915.6,1
46,51624.31,8787.65,0.1139,18536.34,48,0,62.72,2.5,9,1848.8,0,11.6,11432.82,1
60,60662.62,20971.16,0.2448,19917.49,24,0,97.09,4.0,5,2786.4,1,15.1,2620.52,1
49,52958.87,17122.62,0.3176,16654.14,60,0,79.9,15.7,5,3026.45,1,8.9,4007.05,1
43,12000.0,12276.84,0.5471,4215.75,48,0,62.25,11.5,6,653.36,2,11.7,13520.05,1
33,65021.8,9303.67,0.8736,13621.74,60,0,65.03,0.2,8,1984.41,3,2.7,3567.37,1
42,85386.73,13520.92,0.4276,13651.64,60,0,81.32,2.2,7,4457.75,1,12.8,9857.24,1
45,57333.24,8464.79,0.5184,26335.04,12,0,60.63,6.7,7,2957.94,1,18.3,11282.17,1
26,34377.88,15467.51,0.0145,24195.79,24,0,96.61,0.0,7,1910.56,0,6.0,30802.3475,1
18,44737.46,15683.51,0.0426,4481.04,36,0,91.85,9.9,1,1189.3,4,0.0,1744.17,1
46,90398.26,17093.66,0.0921,16128.64,36,0,80.18,3.5,2,4569.61,4,18.9,1968.86,1
39,73199.25,29129.94,0.695,14997.45,36,0,97.05,0.5,5,3162.47,3,5.4,6150.04,1
33,67800.53,13940.44,0.4865,39546.95,48,0,70.39,2.9,5,2911.53,2,6.9,7464.43,1
58,62128.25,23036.78,0.1991,22923.13,36,0,94.14,3.4,4,2276.63,4,12.0,4865.76,1
68,41777.26,16836.7,0.5907,9225.62,24,1,92.21,2.3,8,2138.65,4,40.0,10120.69,1
61,50988.58,13094.05,0.5437,12232.02,36,0,83.27,3.0,8,1994.79,3,15.6,9043.95,1
68,53441.55,14046.73,0.097,16214.55,60,1,72.75,11.1,8,1973.62,3,12.8,10811.15,1
58,65991.49,14529.39,0.6376,23623.68,60,0,82.33,2.0,9,3762.26,1,25.6,23250.42,1
24,85178.38,17238.14,0.7618,24849.21,60,1,98.29,16.2,7,3443.71,1,2.5,1592.83,1
31,77366.76,7325.43,0.2908,22004.83,36,0,63.38,5.8,7,3978.0,0,2.5,16909.04,1
46,26612.31,3277.28,0.6837,17902.35,24,0,68.04,11.3,8,788.76,0,18.3,9246.91,1
36,59479.9,20234.38,0.2057,18640.0,24,0,85.76,1.2,4,2954.27,4,7.9,21409.94,1
36,69735.27,22184.99,0.7516,18710.31,36,0,87.14,3.4,8,3303.2,4,11.7,163.91,1
19,67377.21,20965.09,0.9035,2170.9,24,0,66.58,4.2,2,2831.88,3,0.6,17753.33,1
58,42415.32,16239.78,0.443,19387.08,36,0,92.25,0.4,4,1254.7,3,20.0,2378.54,1
62,108025.5475,21137.8,0.2497,14227.46,24,0,97.14,3.4,1,3287.37,0,26.6,29987.88,1
32,29458.31,20707.43,0.4012,3471.7,12,1,63.19,9.9,5,1400.52,0,9.8,3841.94,1
20,33336.23,21301.03,0.2551,44178.83,12,1,98.97,0.3,7,1784.38,0,0.8,12670.42,1
28,59671.9,8123.67,0.0112,23113.04,24,0,71.25,5.1,4,2619.9,2,7.7,16664.57,1
63,97336.06,6224.39,0.6474,20131.03,60,0,72.35,22.4,2,3928.72,0,10.2,25829.79,1
47,38276.1,11891.45,0.0517,16288.72,12,0,61.8,3.7,4,1620.37,1,22.6,2245.34,1
57,49683.43,14860.93,0.2162,27302.22,48,1,79.9,1.8,6,1501.37,4,10.3,9684.22,1
35,76545.87,13064.63,0.718,8377.0,36,1,98.19,4.4,9,2046.35,2,7.7,357.23,1
68,54642.76,0.0,0.6624,16872.96,48,0,66.44,3.9,5,2876.12,0,21.4,608.84,1
65,48307.92,28773.54,0.0819,10478.29,24,1,83.07,0.6,9,2570.65,1,6.7,5354.72,1
19,66312.66,12807.63,0.6569,27215.63,24,0,70.98,3.4,3,3322.76,0,0.2,11834.74,1
49,60450.36,16381.64,0.922,11732.59,60,0,60.75,5.5,3,3066.11,2,21.1,10623.88,1
25,75608.78,24956.39,0.083,31013.28,12,1,99.49,4.5,4,2429.42,3,2.1,6316.79,1
39,80829.38,0.0,0.4174,19007.25,12,0,88.65,2.1,7,2313.67,1,2.2,9245.95,1
23,61140.06,10906.45,0.7248,27744.9,48,0,89.42,19.2,7,1854.57,3,3.4,9668.54,1
29,60834.65,11903.06,0.6644,23998.59,12,1,86.52,5.2,2,2816.01,0,8.4,18278.54,1
64,59282.22,12309.52,0.232,30592.45,24,0,65.75,1.3,4,2267.2,4,21.7,21853.16,1
57,64782.61,13612.11,0.1698,10648.23,60,0,68.27,3.2,8,1653.57,3,20.2,4811.78,1
53,56103.41,26577.08,0.7786,29056.23,36,0,75.43,6.2,4,3180.03,4,6.3,677.39,1
32,54987.83,20387.67,0.9471,2000.0,48,0,99.82,5.6,8,1796.81,3,10.7,2748.14,1
45,78932.54,22664.28,0.7622,20431.27,48,2,86.9,1.4,6,1984.6,2,6.7,1008.99,1
69,85322.32,15376.96,0.9539,14540.78,36,0,77.7,5.2,5,3225.36,1,24.7,15710.77,1
66,24848.94,3805.02,0.6029,5954.59,24,0,79.39,2.0,9,797.65,3,37.2,615.12,1
62,55200.42,0.0,0.9205,11064.78,48,1,96.89,3.1,2,2059.04,2,18.2,6301.63,1
35,41226.11,2764.74,0.6866,13593.44,12,0,67.86,5.5,8,2320.15,4,2.8,7802.4,1
19,48780.57,17878.13,0.9007,18034.48,12,0,72.83,4.3,9,2229.29,1,0.3,17695.59,1
30,63050.32,15254.16,0.1684,14751.5,12,0,74.83,6.2,8,2933.42,2,1.8,12076.83,1
62,68388.77,13318.69,0.8093,20800.26,60,0,95.91,2.4,5,3723.98,0,16.8,9129.11,1
32,52757.47,12051.38,0.2028,11698.42,36,0,91.07,7.0,8,1518.63,2,7.2,8690.25,1
37,16733.19,31093.77,0.0369,15231.42,24,0,83.63,0.1,2,474.19,3,7.9,6371.65,1
46,35699.09,8416.77,0.5172,17109.34,12,1,72.59,1.0,9,1910.26,0,9.6,22921.53,1
59,72929.99,22422.56,0.3219,21820.96,12,0,68.09,18.1,2,2210.25,3,8.9,1955.35,1
46,12000.0,15015.3,0.0527,28488.47,60,1,73.23,3.4,1,593.61,4,16.5,30802.3475,1
20,78748.54,14512.48,0.9707,28536.63,12,0,97.18,5.4,5,2517.08,3,1.6,9252.12,1
36,65424.6,24413.1,0.6631,22374.84,60,1,96.41,12.4,7,2671.49,1,6.0,2714.28,1
20,81323.52,26700.24,0.8938,24302.53,36,1,76.88,9.8,4,3077.81,4,0.9,13158.9,1
31,51028.62,13083.6,0.9891,23118.67,48,0,73.02,12.2,3,1451.84,0,2.8,4679.88,1
57,13771.89,21393.62,0.3941,16853.58,12,1,95.38,20.6,4,652.5,2,5.9,1062.19,1
21,63607.25,17911.13,0.2596,29005.83,12,0,77.85,2.2,2,3402.41,2,0.7,851.01,1
69,80493.06,15059.5,0.1902,10855.19,36,0,61.55,2.0,1,2279.01,1,8.4,8309.65,1
28,73494.44,16634.04,0.5149,2000.0,48,0,73.83,0.6,6,2713.35,2,5.3,10306.9,1
48,41746.17,9495.93,0.604,9585.11,60,0,84.29,1.1,3,1083.11,1,16.8,3992.76,1
60,56735.22,12551.2,0.473,34031.21,48,0,97.78,5.3,6,1864.54,3,33.6,11804.9,1
49,44343.27,10354.92,0.3895,17045.67,12,0,76.98,2.0,1,1493.43,3,24.6,3137.55,1
44,38614.67,22211.01,0.1749,22741.29,36,0,69.6,2.1,6,2017.1,2,10.6,4232.72,1
47,74107.77,14238.39,0.443,17260.5,24,2,75.38,5.2,2,3710.68,2,7.6,2593.54,1
60,31049.35,4618.29,0.0935,25616.65,36,1,62.28,0.6,7,1636.82,1,18.6,10056.91,1
19,37123.67,9212.5,0.8577,20707.13,60,2,95.95,0.3,5,1027.69,4,0.7,6726.54,0
66,32919.49,0.0,0.056,19314.08,60,0,61.34,8.1,6,969.08,2,27.7,1625.98,1
26,25195.05,11044.06,0.383,26137.78,12,1,60.04,7.8,3,885.23,4,4.3,30802.3475,1
45,57928.29,15301.16,0.1081,15343.22,36,0,84.57,2.4,7,2885.52,0,15.8,22650.71,1
48,78230.06,13910.91,0.7695,23720.78,24,0,66.16,4.5,5,2021.01,2,6.2,15264.44,1
51,51302.46,30841.23,0.3165,18252.78,36,0,71.84,1.4,7,1536.96,0,12.1,1011.14,1
32,24885.04,19599.25,0.1208,18925.74,60,1,79.64,2.3,4,1034.93,2,3.3,5739.67,1
65,71798.89,19243.61,0.5309,11814.03,36,0,91.68,0.2,2,1852.42,0,35.9,7321.59,1
42,88714.04,1853.85,0.908,17840.44,12,0,75.5,1.6,4,2524.11,0,5.7,28934.75,1
53,42075.15,12082.86,0.9005,14587.57,60,1,98.28,0.1,2,1498.9,2,8.0,4483.31,1
25,45428.91,11106.7,0.2547,31299.2,36,1,78.13,2.8,4,1497.99,1,5.1,11074.89,1
26,65313.21,8711.35,0.7153,3159.28,36,0,96.8,3.7,1,2418.6,0,6.1,8066.25,1
54,87437.47,8600.95,0.0397,28892.6,12,0,78.09,3.4,7,4388.62,2,21.5,16599.63,1
65,44603.32,535.02,0.1392,2557.42,12,0,80.65,2.1,4,1438.16,3,37.6,1177.43,1
62,28351.0,4793.17,0.4995,25372.16,36,0,98.32,1.2,6,1300.17,3,6.0,17466.94,1
56,67628.37,21992.75,0.2342,11622.7,24,1,87.0,3.0,9,3676.46,0,22.9,10543.36,1
49,70981.36,13856.68,0.7923,25663.22,60,1,65.97,10.2,5,2495.23,3,7.2,1167.07,1
69,55122.63,10948.78,0.9225,18786.41,36,1,83.94,20.4,2,1468.88,1,18.5,13655.43,1
34,43837.33,14956.71,0.0142,5676.47,12,1,69.01,1.9,2,2018.44,1,4.9,4051.55,1
52,74887.57,24339.13,0.2383,33586.19,60,0,72.39,18.3,9,3661.19,3,24.1,831.69,1
54,65560.72,15033.68,0.4408,27766.46,12,0,93.53,2.9,5,2680.41,3,6.6,5797.18,1
36,39631.29,19322.99,0.5618,25031.75,60,1,87.29,4.8,8,1556.24,2,5.7,1934.3,1
61,55981.89,8227.16,0.9076,13596.3,36,0,71.48,8.1,5,2792.22,1,27.1,3175.05,1
46,27965.85,10050.96,0.884,28110.85,48,2,60.19,2.2,2,1087.38,2,17.5,30802.3475,0
24,68717.81,17831.82,0.6344,7167.48,48,1,81.25,1.2,4,1728.83,1,2.9,1639.65,1
45,49755.33,30141.23,0.2622,2000.0,60,1,70.01,1.6,4,2719.74,1,18.1,4793.76,1
26,46285.78,26438.2,0.7776,4376.74,12,0,61.13,9.1,7,1547.81,4,1.3,10858.32,1
45,54342.51,19662.62,0.2086,10780.12,12,0,62.53,13.6,5,2460.7,1,2.8,30802.3475,1
23,55806.15,16211.47,0.9559,12451.63,12,0,86.93,0.7,9,2427.1,0,0.9,4688.42,1
46,72898.6,26208.55,0.0157,15651.56,36,0,76.57,5.9,1,3069.62,0,18.8,2391.06,1
34,66821.81,21357.43,0.5684,16095.67,60,0,70.5,0.2,7,2219.39,0,7.2,5210.99,1
33,51871.81,0.0,0.0966,13501.62,36,0,95.19,10.4,8,2576.77,3,5.5,1743.54,1
40,70273.36,6568.55,0.4094,2000.0,48,0,93.0,9.7,8,2333.25,2,5.8,30802.3475,1
48,63014.75,17705.12,0.6322,21921.23,48,0,78.65,7.4,7,3547.69,4,5.7,6443.52,1
20,46468.01,704.26,0.6858,17353.25,12,0,71.02,8.7,8,2029.46,0,1.0,10814.64,1
38,52505.64,7819.29,0.7799,13036.56,12,0,80.29,4.6,1,2660.31,3,11.0,4424.16,1
43,52035.54,9401.48,0.5915,33980.21,60,1,90.12,0.8,7,2592.32,2,3.4,3005.77,1
53,65105.23,12950.67,0.2563,17578.35,48,0,60.43,12.3,6,3729.0,3,5.3,978.56,1
59,47659.55,12700.56,0.8815,20585.32,60,1,84.5,0.8,2,2037.04,3,25.0,15189.82,1
54,47191.82,12687.04,0.8049,27958.5,48,0,88.41,1.3,4,1266.39,2,14.6,8287.85,1
39,94375.15,21602.46,0.1669,5101.39,24,0,92.67,2.8,8,2636.4,2,6.8,2332.73,1
59,73794.71,12878.21,0.82,19773.9,60,0,68.66,3.4,1,2724.74,1,18.0,11043.9,1
29,39787.99,11922.96,0.9632,27925.48,24,0,68.14,0.5,5,1472.55,1,2.6,2811.93,0
59,66418.82,4206.62,0.6345,19086.71,36,3,68.63,7.2,4,2141.67,0,4.8,2383.17,1
30,57367.0,23194.77,0.2862,6966.57,48,1,97.26,0.7,3,3204.45,0,4.1,20581.59,1
28,62831.02,9628.02,0.6045,15175.25,24,0,65.64,3.4,1,2561.67,1,3.3,6821.46,1
33,57746.83,6303.76,0.3457,21889.87,36,1,90.59,3.0,6,3181.15,2,5.7,7592.92,1
25,78792.85,16704.72,0.6724,2000.0,60,0,99.47,8.3,2,2114.57,3,3.2,14672.2,1
57,61912.41,8864.47,0.5439,6473.39,24,0,97.85,1.8,5,2266.33,1,25.7,6525.6,1
57,53758.23,10792.38,0.9209,39735.37,24,0,76.4,9.1,9,1988.27,0,28.6,2732.04,1
62,75843.81,17067.68,0.6156,24845.9,36,2,93.57,1.5,1,1991.34,0,9.9,13146.84,1
19,59665.7,12388.14,0.2197,34834.71,24,0,86.81,4.3,7,2779.52,1,0.4,18919.89,1
47,57429.57,33492.88,0.7206,28663.18,36,0,94.74,3.3,3,1707.66,1,3.4,10061.87,1
47,61280.45,14401.37,0.3049,23939.84,48,0,66.45,2.2,1,2240.17,4,16.0,16191.71,1
29,53127.82,19942.71,0.2769,16909.21,48,0,90.6,0.1,7,3065.56,4,3.8,292.04,1
27,55184.54,0.0,0.3939,23812.14,48,1,83.46,2.5,7,3090.59,1,3.6,6685.44,1
61,43266.11,8114.81,0.0218,34499.64,24,0,81.6,0.6,6,1458.65,3,6.3,5388.0,1
28,39976.66,6304.69,0.9598,28255.39,24,1,89.16,1.3,9,1419.12,4,6.9,598.89,1
32,35028.59,7364.96,0.5317,21668.1,12,0,70.92,5.8,2,1506.58,2,8.6,2346.85,1
33,27160.33,18324.3,0.768,18276.53,12,0,62.98,4.2,6,937.88,2,3.2,5655.26,0
34,37405.65,23284.52,0.2627,24983.24,36,1,80.08,3.7,2,1840.0,3,1.7,11435.4,1
43,51514.66,17757.04,0.7417,14679.57,24,0,72.09,4.2,2,2261.68,4,4.5,4890.55,1
19,57062.35,13186.84,0.5658,24984.74,36,0,70.26,0.6,7,2325.44,1,0.4,12835.21,1
67,49574.07,9953.16,0.4257,13020.45,60,0,99.94,0.9,4,2821.41,2,32.8,11216.41,1
29,12000.0,23908.8,0.9613,16460.79,24,1,67.91,3.9,8,386.99,3,6.6,30802.3475,0
68,86491.73,31570.04,0.494,9722.95,60,0,69.42,2.6,5,4637.57,2,27.3,1525.91,1
43,76729.6,16080.45,0.6543,15602.37,24,2,73.36,3.1,7,3778.1,1,16.5,30802.3475,1
40,63915.2,22514.9,0.025,13162.72,48,1,79.88,10.6,2,2026.5,3,10.1,844.77,1
35,93149.81,17746.96,0.3054,36919.15,36,0,94.76,1.0,2,2902.71,4,9.6,16807.29,1
49,35452.72,21044.04,0.8809,11055.04,12,0,67.06,12.1,3,1568.8,4,21.2,3747.87,1
66,92752.5,5683.63,0.7538,23848.35,48,1,84.64,9.7,5,2566.3,4,23.4,5483.02,1
55,35695.72,11094.91,0.536,10531.18,12,1,74.74,11.6,8,1464.51,1,19.4,3225.43,1
64,59774.76,18163.76,0.8922,20468.96,24,0,91.88,5.1,9,2166.23,2,24.6,16849.43,1
20,29523.25,24699.93,0.4865,22899.15,60,0,84.08,10.0,8,1575.18,2,1.5,6447.82,1
55,55293.88,8454.93,0.5652,2000.0,60,0,91.8,23.7,2,2482.34,3,15.5,11164.72,1
20,62723.33,0.0,0.3845,6022.99,48,0,94.2,3.2,5,2906.57,1,0.3,30282.73,1
47,51906.19,11013.88,0.6176,10453.27,12,0,96.49,9.9,3,1863.02,3,20.6,4578.56,1
18,69277.55,23081.05,0.3226,6967.63,36,0,99.83,11.7,4,2231.94,1,0.0,6580.38,1
47,56980.29,2328.84,0.3878,20840.85,36,1,84.75,1.9,3,2444.24,0,3.8,696.31,1
62,44551.71,5584.64,0.957,22425.8,36,0,85.5,2.9,3,2516.81,0,10.4,9148.7,1
49,43663.73,16247.35,0.1191,9369.28,12,0,65.62,4.3,2,1957.69,0,4.7,3805.74,1
45,71218.28,14072.23,0.1132,21241.98,60,0,64.2,2.1,3,1826.49,1,12.6,9437.03,1
38,41925.16,19755.73,0.0524,15759.21,60,0,79.51,1.9,8,2394.95,4,14.3,3605.08,1
63,73308.06,5170.19,0.3236,19005.24,48,0,87.75,2.4,8,3870.07,1,12.2,1155.77,1
30,79454.24,12400.17,0.4003,13715.77,12,0,69.93,2.8,5,4326.38,0,1.6,3663.3,1
44,21625.72,24561.48,0.1026,24876.57,24,1,73.09,1.5,9,866.85,3,7.2,17183.32,1
53,77658.53,5456.83,0.5481,36349.29,24,1,88.01,3.2,1,4261.6,3,10.6,2015.15,1
24,96208.45,26815.3,0.5816,27743.34,36,0,68.47,7.5,1,3236.02,2,4.2,1940.24,1
39,60040.08,6460.66,0.746,33933.91,60,0,80.85,4.9,7,3105.27,1,11.8,17327.84,1
27,66981.68,21795.05,0.9664,5971.75,60,0,81.54,2.4,3,3042.14,0,1.8,2986.8,1
56,75740.11,12016.33,0.617,13242.91,12,0,96.68,0.8,7,4298.51,2,11.5,4036.76,1
32,49490.35,5840.73,0.1194,25652.36,12,0,76.09,8.7,5,1726.1,1,7.6,7772.72,1
32,58645.6,11024.81,0.0968,35082.94,48,0,68.42,3.6,1,1707.57,4,1.9,5512.38,1
21,28716.01,19359.43,0.772,26504.4,12,0,66.96,17.7,5,1404.22,4,1.7,17213.52,1
49,57772.7,14945.17,0.6473,9737.76,48,0,71.73,1.5,1,3343.27,3,22.1,8617.56,1
40,64962.24,23947.76,0.1687,15653.43,36,0,71.16,1.0,1,1939.81,1,15.6,12551.45,1
23,65323.26,26485.92,0.2583,23334.04,36,1,90.01,0.0,6,1854.65,3,0.7,12327.05,1
41,76308.49,5535.75,0.7452,18353.4,60,0,83.75,0.4,1,3003.18,1,15.3,800.91,1
37,39503.96,4949.85,0.5648,12012.28,60,0,87.3,2.4,6,1936.06,1,8.6,30802.3475,1
54,44347.86,4561.65,0.5833,17097.46,60,0,85.21,1.1,3,1990.64,4,16.2,735.67,1
37,92910.15,7806.43,0.2158,19855.64,24,0,79.25,0.2,7,4929.34625,0,9.6,29734.93,1
29,51993.43,23833.72,0.6265,9150.79,48,0,97.13,1.3,2,2702.36,4,4.2,30802.3475,1
50,59000.68,19482.9,0.7652,29845.09,36,0,92.7,6.5,7,2601.15,4,19.2,3023.17,1
45,53659.8,10639.78,0.8775,15603.85,48,0,68.43,6.7,5,1987.41,0,8.8,10320.5,1
25,38566.38,14911.18,0.732,19274.24,24,0,76.95,0.8,1,2038.0,1,4.4,546.88,1
18,87470.58,26234.44,0.5748,30350.53,24,0,71.52,13.8,7,3610.46,2,0.0,11414.09,1
54,44445.97,30264.09,0.6698,18750.01,36,0,89.83,0.9,7,2407.66,2,6.8,2073.32,1
39,32454.29,17075.07,0.4854,29803.59,36,0,73.78,0.5,4,1461.04,4,8.6,28312.06,1
23,45985.19,0.0,0.2324,9707.99,60,0,85.61,0.9,9,2233.58,4,0.6,10643.62,1
38,14965.88,17378.3,0.8746,24329.56,24,0,71.69,0.8,7,397.47,3,8.2,14487.74,0
49,41974.25,22477.99,0.532,28393.22,60,1,66.87,5.0,8,2435.02,0,12.6,29120.06,0
52,35637.43,16797.06,0.5924,11701.32,36,0,60.37,0.8,6,1787.31,2,20.7,19506.6,1
32,67348.57,20812.12,0.9803,18216.3,24,0,99.78,5.0,5,2990.27,3,4.9,6299.84,1
22,41531.72,17856.52,0.9753,18423.24,24,0,68.78,1.6,2,1775.06,4,2.9,1871.65,0
63,72756.08,5122.84,0.5846,22096.39,12,0,93.29,1.4,1,3272.74,1,17.1,3899.53,1
67,82969.68,7910.09,0.0433,24748.02,24,0,92.88,11.4,7,2201.22,3,23.9,8888.18,1
65,70623.51,12430.78,0.3982,10887.94,60,0,69.44,1.2,3,2623.93,1,13.2,13704.88,1
23,50692.23,23523.32,0.9285,19399.45,12,0,76.63,10.0,3,1418.46,3,1.0,2943.03,1
42,57822.29,8872.93,0.2925,35913.18,24,0,93.44,1.8,6,1783.65,3,13.4,5948.12,1
63,24500.3,18647.22,0.9893,30538.77,12,0,87.59,23.7,9,884.47,2,17.8,4422.43,1
57,52324.41,17429.54,0.0926,27938.44,24,1,74.8,19.8,4,2481.32,4,20.8,6388.16,1
46,37791.23,27689.58,0.5668,18072.2,48,0,97.97,8.8,6,2117.11,0,14.7,4011.85,1
24,68886.53,14666.56,0.5151,41288.31,60,0,73.69,10.1,9,3988.74,2,2.7,1721.34,1
57,106455.05,961.93,0.2602,30298.14,60,0,68.48,8.7,5,4929.34625,0,12.1,6659.14,1
30,64996.43,20174.96,0.9396,20374.19,12,0,65.87,5.0,6,2207.23,2,2.9,29912.84,1
55,15177.2,32104.44,0.6168,22204.11,48,0,88.05,8.3,6,542.51,1,8.4,1125.55,0
35,47775.4,20699.07,0.2356,15411.5,12,1,61.16,4.9,7,1683.4,0,8.1,18053.16,1
19,57449.82,8698.71,0.3864,23933.72,12,0,93.83,9.2,5,3042.05,1,0.3,13281.39,1
25,56747.15,6344.43,0.7168,25930.75,36,2,72.17,13.7,4,2883.76,1,3.4,3994.07,1
28,40383.74,7376.25,0.3017,27026.08,12,1,74.79,7.0,8,1094.51,1,6.6,1480.89,1
50,59905.83,31026.5,0.872,18193.16,24,0,92.07,16.7,8,2485.42,3,14.4,26902.17,1
55,30149.98,12381.38,0.1724,5263.01,36,1,92.57,3.0,4,1398.73,2,15.9,4768.99,1
65,36101.83,9698.85,0.2692,22417.88,36,1,76.0,13.0,5,921.3,2,36.0,5703.34,1
44,67915.95,13732.51,0.152,27067.94,12,1,82.15,1.3,4,3041.73,3,9.4,3853.06,1
37,34686.74,12464.74,0.1121,10214.47,36,0,87.17,0.2,1,1955.63,1,2.3,18838.03,1
29,65764.23,27541.2,0.3043,19091.67,60,0,87.54,0.7,2,1747.97,3,7.9,2576.75,1
60,27610.72,6884.18,0.9892,33414.66,36,0,81.36,0.9,9,847.73,2,10.8,14263.71,1
48,90296.52,24445.15,0.1024,7965.25,36,1,93.76,8.7,1,2568.39,4,15.5,2821.43,1
44,39514.6,15976.74,0.2187,17162.66,24,1,93.66,2.6,6,1474.32,0,19.7,4176.03,1
49,50526.67,24656.21,0.2762,34871.39,60,0,93.95,1.3,2,1885.59,4,19.3,25876.23,1
27,61612.27,27660.95,0.6167,21577.15,36,0,70.73,8.4,3,3503.07,1,6.2,9606.92,1
20,43693.0,15678.38,0.7404,14739.88,24,0,70.28,1.1,7,2258.11,4,0.8,11782.2,1
62,57868.12,12479.49,0.7469,19929.68,60,0,65.59,0.4,8,2675.71,3,18.5,9836.51,1
44,66507.13,15529.43,0.0185,28259.17,36,2,93.06,3.1,8,3086.41,3,3.7,1964.34,1
52,74212.26,14241.83,0.6488,17964.94,12,0,62.43,0.4,8,3504.15,0,19.3,10953.76,1
48,70829.95,1744.27,0.6281,25975.82,36,1,65.41,1.6,4,2174.18,1,18.6,7743.99,1
32,51563.79,27419.84,0.5173,22349.9,60,2,97.05,6.0,7,1897.9,2,6.6,17565.53,1
33,52067.36,16966.28,0.3816,23170.78,36,1,65.0,2.3,8,2423.85,0,10.5,30802.3475,1
30,101982.17,5695.21,0.7915,26615.42,60,1,64.85,0.5,3,2663.19,1,2.1,9764.1,1
66,73997.78,0.0,0.347,17051.72,12,2,96.36,2.6,5,3058.33,2,7.8,4069.83,1
52,36563.53,0.0,0.2354,10554.89,36,0,72.4,3.6,1,1933.79,0,6.5,19527.12,1
69,56999.76,21163.84,0.3139,24743.96,60,0,95.26,1.4,5,2460.65,3,35.9,18635.67,1
28,48297.14,10048.18,0.4409,18675.96,24,0,75.11,0.9,7,2600.27,4,2.3,19334.27,1
38,52293.32,11360.79,0.2198,15518.89,36,1,74.95,7.2,7,2608.5,4,3.0,4438.03,1
68,30410.1,18905.23,0.6054,25263.85,12,1,65.41,0.4,6,1306.49,0,32.8,5331.15,0
28,46761.54,10871.61,0.8765,32773.47,24,1,96.74,15.7,2,1756.35,1,5.9,14681.6,1
47,91231.12,19372.2,0.5936,18454.22,36,0,90.47,0.0,8,4275.12,1,6.1,5493.5,1
65,66581.53,15762.11,0.4477,20084.5,60,0,69.03,5.3,5,2768.48,2,29.8,6729.58,1
52,12000.0,14326.96,0.7909,8182.33,48,0,89.11,0.7,3,697.69,0,10.4,97.43,1
39,79334.47,2418.0,0.7431,17773.05,24,0,64.15,4.0,9,3597.72,0,2.5,22068.25,1
55,76792.59,8442.15,0.3697,22212.9,60,0,80.95,1.0,8,2564.22,1,4.6,6453.09,1
48,47814.29,19820.28,0.6021,19795.56,24,0,70.17,0.2,7,2730.18,4,5.5,23271.73,1
31,69345.27,9543.83,0.7252,16378.44,36,0,94.02,9.8,5,2397.14,0,8.8,30802.3475,1
41,37812.02,24642.96,0.2506,27258.42,12,0,80.45,2.8,7,2068.02,0,8.7,1725.07,1
67,45594.89,33771.21,0.3689,20580.08,12,1,96.85,1.6,8,1887.93,3,17.9,888.53,1
66,84970.93,20251.08,0.1137,45888.03,24,0,83.41,14.7,8,4120.88,2,31.5,11045.63,1
49,49565.4,26942.66,0.9779,22077.19,48,1,80.16,0.4,8,1572.41,2,17.1,2932.65,0
53,17605.37,20765.82,0.0942,2000.0,36,1,87.76,2.1,9,768.42,3,25.1,5801.37,1
49,53733.94,10725.9,0.1752,8879.68,60,0,91.36,1.0,6,1703.53,1,3.6,79.75,1
32,53428.23,16601.21,0.4802,25321.19,36,0,60.61,23.7,7,1758.76,1,3.0,5588.61,1
60,78967.37,31106.57,0.858,13566.9,48,0,80.89,3.9,9,2400.07,2,29.3,30802.3475,1
52,55286.73,10811.57,0.3588,14187.7,60,0,91.03,8.4,3,2210.3,0,26.3,1017.24,1
20,46568.35,6685.38,0.7632,7607.7,48,1,76.3,0.9,6,1963.17,0,0.6,11623.39,1
33,75901.12,5926.44,0.6725,15232.68,36,0,61.8,1.8,4,2561.95,1,1.9,7613.85,1
22,57415.8,13259.76,0.6359,21939.28,36,1,60.7,4.8,2,2609.58,1,0.4,18937.96,1
38,39999.55,6972.22,0.8381,23858.36,24,0,91.75,1.0,5,1361.38,3,2.4,10544.23,1
27,78099.95,28392.16,0.0239,9801.04,48,1,67.92,3.5,4,3309.93,4,5.1,1.47,1
36,58873.24,16730.85,0.9206,28054.06,12,0,67.0,13.4,4,2817.58,2,5.0,11175.6,1
42,55058.52,22773.81,0.8226,8086.31,48,0,71.58,13.3,8,1486.66,3,8.6,17032.04,1
21,58558.17,12610.68,0.9291,24379.56,48,1,64.09,2.2,3,3142.9,2,1.1,13158.01,0
46,33586.63,5878.42,0.7877,23370.47,60,1,62.13,3.6,7,1240.23,4,7.7,13137.44,0
36,44446.92,4524.85,0.871,10656.42,60,1,94.89,1.1,5,1876.91,4,4.1,21395.58,1
60,55071.65,7736.07,0.209,9466.84,24,0,72.11,19.2,4,2195.16,3,19.6,9334.52,1
19,51106.73,17780.2,0.3228,23822.9,12,2,83.3,3.7,3,2895.49,0,0.1,11055.2,1
27,80448.57,19159.06,0.3189,14401.17,36,1,94.31,1.2,3,2520.2,1,3.8,7677.59,1
60,59348.12,19825.57,0.117,18095.01,12,0,99.1,9.3,7,2723.83,1,16.5,29146.96,1
42,72098.08,3090.62,0.725,26873.36,12,0,87.54,2.7,5,3793.72,4,7.3,11170.62,1
37,55187.91,14996.73,0.1434,24791.37,12,1,98.01,5.1,5,2168.06,0,3.0,3316.32,1
65,76125.77,6791.51,0.0615,10840.55,24,0,76.94,9.3,7,2753.7,0,26.3,18609.45,1
36,62950.56,18211.73,0.7699,19464.21,24,0,91.58,1.8,8,1809.55,4,9.4,4116.08,1
40,55268.41,18832.62,0.8966,10652.85,12,0,97.5,4.3,6,2709.59,1,13.6,19760.7,1
41,54734.34,5622.62,0.7588,28699.39,36,1,62.13,0.3,8,2802.56,2,10.9,1876.23,1
28,35911.23,22744.24,0.8188,35365.17,36,0,72.7,1.3,3,1273.17,4,4.6,2104.56,0
63,65138.31,33710.58,0.5937,11549.05,36,1,89.61,0.7,7,3313.03,0,12.2,7441.35,1
51,54195.91,21678.69,0.88,19688.33,24,1,72.61,5.2,2,1535.13,3,12.5,4587.37,0
45,44960.16,13697.33,0.4968,29174.61,60,0,60.68,1.5,7,1769.16,4,12.8,30075.05,1
22,77129.24,12467.63,0.9786,20242.11,36,0,92.28,7.1,8,2639.86,1,0.6,12509.76,1
22,29995.68,13327.49,0.1113,25615.05,60,0,66.59,7.2,3,1025.34,4,2.4,6720.78,1
68,46550.08,8914.13,0.803,20516.06,12,0,72.83,7.7,5,2607.43,3,37.6,30802.3475,1
38,75554.37,17019.19,0.6386,9431.96,36,1,96.42,0.7,4,3844.14,1,15.6,28354.45,1
29,61310.46,5892.3,0.579,21189.25,12,1,68.35,3.7,2,3098.59,2,7.4,2469.13,1
67,54042.82,0.0,0.7213,31272.84,12,1,95.79,5.7,2,2239.51,0,32.7,2736.98,1
21,60020.07,16756.81,0.8335,23142.92,48,0,76.9,1.9,5,2744.18,0,0.6,16362.18,1
66,58588.28,15169.86,0.8556,36236.74,12,0,96.73,1.5,5,2999.69,0,15.8,5661.59,1
59,24666.75,10430.64,0.1819,2284.96,12,1,95.07,6.3,2,835.87,4,26.0,1632.34,1
37,48014.76,4738.43,0.2031,23790.47,24,0,76.61,2.2,8,1666.63,0,2.4,25153.97,1
55,87330.43,17317.95,0.0258,13519.92,12,0,96.87,1.4,1,4755.2,2,5.8,13488.23,1
42,41813.52,7078.6,0.1392,11243.69,36,0,85.31,4.1,3,1364.5,4,13.1,4773.5,1
31,48633.98,13888.45,0.2686,33344.19,24,0,79.02,4.8,2,2318.18,2,5.3,30802.3475,1
28,44167.58,29119.77,0.7166,17449.95,48,0,81.23,7.5,6,2457.09,1,5.8,9648.89,1
49,53259.7,20209.52,0.4763,16484.55,48,0,62.53,0.2,7,3022.09,2,8.7,7234.38,1
28,43337.54,4046.94,0.7527,23435.76,12,2,92.3,1.0,6,1521.42,0,1.6,7403.15,1
35,64734.83,4801.19,0.4868,2000.0,60,0,71.7,7.5,4,3668.67,3,11.6,4210.67,1
44,58946.27,16214.55,0.5545,33548.66,48,0,70.81,3.8,2,1744.78,2,16.8,3871.93,1
35,70470.95,3997.43,0.1188,39044.3,48,1,88.62,8.2,4,2331.59,4,7.2,30802.3475,1
40,33981.18,0.0,0.771,29151.13,48,0,74.83,3.0,9,1304.55,2,15.8,20548.09,1
28,48193.19,19258.98,0.753,24119.9,36,0,80.57,3.1,2,2425.07,2,2.6,3330.85,1
38,50485.55,17567.49,0.3114,17834.25,60,0,76.86,2.4,7,1413.03,2,7.1,26262.26,1
61,64112.94,18604.79,0.332,9247.88,12,0,80.19,5.9,4,2078.26,2,11.6,852.63,1
22,39135.58,17104.28,0.2253,31940.64,12,0,68.89,4.5,3,1600.29,3,0.6,3394.58,1
40,73313.08,14477.51,0.8076,29163.42,24,1,95.4,2.5,9,2015.51,3,12.3,24849.32,1
58,78728.31,9702.49,0.7421,24501.16,36,0,84.41,1.0,3,2893.71,4,20.6,637.58,1
42,35222.55,19129.08,0.607,23336.29,60,0,69.35,0.0,5,1602.14,0,9.9,26052.73,1
58,54915.35,27239.07,0.244,23005.92,24,1,63.66,0.5,9,2293.17,3,28.1,4389.43,1
27,44361.37,10990.17,0.1784,14740.63,60,0,81.42,0.6,3,1849.68,1,4.0,1986.64,1
39,107647.72,6834.08,0.0593,45011.69,48,0,78.72,4.2,9,4299.79,2,8.7,1768.59,1
36,46402.0,5919.04,0.0547,17143.76,60,1,97.3,7.1,6,1673.26,2,10.4,5341.27,1
18,88552.51,8066.16,0.1934,15732.96,24,0,69.23,3.1,7,3301.21,4,0.0,12076.05,1
24,29667.36,16620.79,0.1085,31206.06,36,0,95.26,2.7,8,1275.48,3,1.8,10388.0,1
21,35206.98,0.0,0.555,19707.94,36,0,90.66,0.7,5,1345.03,1,2.1,3849.45,1
18,41267.91,18513.36,0.3609,19810.05,48,0,79.06,11.6,2,1468.22,2,0.0,5569.54,1
32,38086.21,20151.3,0.446,34145.69,12,0,94.95,6.6,7,1743.57,0,9.4,2943.93,1
57,49642.03,615.37,0.5922,26786.15,24,0,94.48,2.7,7,2890.23,1,21.2,5229.03,1
29,40824.44,7166.56,0.6559,27294.19,12,0,88.58,0.5,2,1419.82,2,7.3,2155.99,1
39,38613.17,15637.45,0.6452,5822.9,48,0,64.06,9.4,7,1119.89,2,3.2,14235.64,1
39,78169.44,13852.24,0.2656,24005.4,60,0,66.41,0.9,3,2338.18,4,12.5,4923.51,1
67,79475.87,19157.1,0.8034,9943.92,60,1,83.66,5.6,6,3594.59,0,31.6,4381.79,1
64,73985.93,13870.91,0.9094,15450.06,48,0,69.82,2.1,9,3223.0,4,5.4,9803.46,1
34,65479.98,25118.16,0.3196,21756.41,36,1,82.05,9.8,4,1870.0,4,9.7,3047.36,1
46,56854.86,12430.64,0.0267,19637.9,24,0,82.43,4.4,1,2198.53,3,12.4,5324.49,1
63,45059.39,7135.74,0.8912,26542.18,48,0,83.48,1.3,4,2409.48,1,4.9,885.15,1
31,35936.85,6492.47,0.9151,27707.0,48,0,82.79,0.1,3,1470.92,3,7.2,1482.11,1
67,62259.91,20883.75,0.0599,28456.34,24,0,75.17,1.2,5,3179.02,0,13.2,7395.54,1
37,31527.39,15236.97,0.0149,6557.99,36,0,68.41,2.3,7,836.89,4,14.7,30802.3475,1
67,35121.58,20069.73,0.8101,43626.58,36,0,80.74,6.2,8,1453.26,3,38.4,8180.46,0
65,78058.27,19904.98,0.3054,19754.21,24,1,79.81,1.2,3,4095.66,0,4.8,6101.1,1
50,93012.98,0.0,0.9063,32129.33,12,0,71.01,1.5,5,4191.71,1,6.2,2638.08,1
60,62865.9,5879.34,0.2224,2000.0,60,2,62.05,2.9,8,1811.26,0,19.3,4579.54,1
32,77129.14,6835.0,0.8539,17346.71,24,1,68.22,0.2,7,4202.63,3,7.6,15765.53,1
29,50083.03,8471.49,0.0773,5393.18,36,0,82.03,7.3,5,1561.25,2,6.0,6223.93,1
57,28246.52,11637.16,0.2654,11386.35,12,0,81.42,0.4,8,1376.53,2,23.6,11671.59,1
37,67243.43,22993.2,0.9637,20505.56,48,0,65.35,6.7,6,1843.41,1,4.2,4029.91,1
47,66385.79,24587.86,0.2366,16652.51,48,0,84.24,1.6,7,2851.05,1,9.0,2206.21,1
55,56433.37,12656.87,0.1404,33140.17,48,0,76.91,3.1,3,1976.19,0,17.6,7560.46,1
20,50152.49,12989.75,0.8499,37689.92,60,0,86.15,2.6,2,2886.19,1,0.4,4366.28,1
45,74244.21,9356.53,0.1254,10331.66,36,1,95.52,1.5,2,4082.55,4,18.0,1181.63,1
43,35285.34,15713.5,0.1055,15122.35,12,1,72.34,1.5,2,1400.57,4,16.2,4221.05,1
47,39524.39,16620.17,0.327,9689.12,36,0,73.89,14.9,2,2113.05,4,16.7,5335.58,1
30,34837.87,21451.8,0.6326,31559.0,60,1,87.07,1.8,7,1148.94,4,4.0,13255.33,0
30,56699.46,21387.51,0.7065,21590.44,60,1,97.97,1.0,1,2401.05,1,6.1,5487.32,1
19,33242.14,0.0,0.8736,20323.31,24,0,79.44,1.4,4,1749.32,1,0.1,25090.58,1
54,41315.16,13779.64,0.5401,23124.66,36,0,66.77,5.9,7,1975.55,0,18.7,10082.32,1
66,40884.89,26072.8,0.3955,16888.29,48,0,97.4,1.8,2,1633.7,2,6.5,21137.09,1
55,49787.83,11495.08,0.3617,11435.3,24,1,78.79,0.9,9,2133.26,2,9.4,2207.2,1
19,25252.51,24113.93,0.84,20510.55,36,0,78.43,2.7,5,875.99,0,0.3,17241.71,0
53,56744.1,12548.39,0.7193,17329.92,24,0,81.59,0.6,1,2484.61,1,19.3,872.55,1
43,79946.07,16399.39,0.8973,23470.24,24,0,70.1,2.5,2,2360.74,1,6.7,13115.75,1
28,57709.83,5904.87,0.9548,3680.21,12,0,91.39,9.9,1,2898.82,0,1.9,4046.02,1
25,85826.42,6206.01,0.304,21863.59,24,1,85.64,2.3,5,4929.34625,1,3.1,3560.08,1
61,81679.96,20803.93,0.5291,13107.54,60,0,98.19,3.6,8,2183.49,3,26.9,10815.26,1
57,70554.7,22054.55,0.6292,21513.05,48,1,68.16,7.8,7,3627.75,1,14.6,708.68,1
60,56493.72,15211.43,0.1706,29050.9,12,0,84.77,3.6,3,2993.7,1,29.4,30618.94,1
39,54915.35,5179.81,0.0623,14437.52,24,0,80.67,0.2,5,1448.81,0,15.9,2655.78,1
37,70276.0,15350.44,0.8604,31967.21,12,0,95.79,1.2,6,3126.78,2,11.4,16883.79,1
25,47166.59,25057.88,0.5348,2592.37,48,0,61.21,3.4,2,2582.76,1,4.7,11366.05,1
46,17349.58,28942.93,0.5694,35438.29,48,0,90.43,8.1,2,762.09,3,13.7,5238.9,0
57,64840.08,12466.34,0.5538,32384.94,12,0,84.92,7.1,6,2892.28,3,19.6,12741.39,1
43,32378.63,1721.06,0.7499,11134.1,36,1,84.3,4.0,2,1883.92,3,3.1,4433.08,1
47,35757.18,21722.91,0.1526,11217.75,48,0,95.01,3.4,7,1964.18,3,13.7,11006.59,1
34,55004.48,12792.3,0.6118,5050.44,60,0,83.59,5.9,5,2538.73,4,7.5,33.13,1
37,53097.5,22544.33,0.4701,29213.79,60,0,88.64,5.4,6,2237.61,2,9.3,30802.3475,1
69,26758.49,17248.58,0.889,16695.89,24,0,85.83,5.1,2,840.15,4,13.1,1619.12,1
33,58309.83,7932.45,0.5192,15962.3,36,0,62.78,3.5,2,3098.41,0,5.6,7252.38,1
63,74322.79,15465.95,0.9341,8771.85,36,1,64.51,1.5,2,2565.81,1,34.4,3057.46,1
60,32433.17,25466.71,0.3562,38119.74,24,0,73.54,2.9,5,817.93,1,29.3,4794.78,1
24,80449.67,13806.77,0.9576,10272.39,48,0,87.03,3.6,6,2161.35,4,2.5,4050.56,1
33,23796.58,6721.56,0.8677,20241.66,12,0,61.06,1.2,4,750.93,2,5.9,30802.3475,0
62,97346.48,2290.85,0.5826,22159.7,36,1,90.9,1.3,7,4929.34625,2,28.5,1408.36,1
64,46774.79,8822.68,0.3566,16013.29,36,0,68.12,7.8,6,2688.82,2,17.4,1618.36,1
65,57912.34,11718.91,0.3784,13991.09,48,1,82.38,1.9,8,2831.29,4,24.5,30802.3475,1
44,17159.33,21559.99,0.7673,16307.39,12,0,68.05,18.2,2,524.07,0,18.5,1417.1,0
40,53757.28,6033.21,0.579,25653.33,60,0,67.04,2.9,4,2893.99,1,5.2,899.03,1
41,59569.64,27430.02,0.4036,16529.43,36,0,73.37,4.7,4,3097.69,4,14.2,7081.76,1
26,53276.76,4302.78,0.6333,36255.46,48,0,96.86,3.5,2,2839.47,4,6.4,2279.98,1
52,43738.38,33651.89,0.7286,12229.61,36,0,69.51,3.4,6,1357.6,2,4.3,2396.94,1
68,36068.71,28804.15,0.0324,27541.07,60,1,61.94,11.0,1,1522.45,4,6.0,17115.53,1
37,77610.53,16129.33,0.0981,2436.01,24,0,95.29,0.5,8,3560.65,4,11.2,2692.59,1
54,55616.14,1818.45,0.1026,12230.75,48,0,77.56,2.1,8,2646.86,3,14.8,3932.1,1
59,85815.05,14556.61,0.2373,11837.08,12,0,84.84,1.7,9,4104.66,2,9.4,10979.08,1
34,44470.35,11905.27,0.4285,8960.86,24,1,95.43,2.0,9,1131.55,0,7.4,30802.3475,1
64,46304.11,4805.7,0.7976,22834.73,12,0,90.23,12.2,7,2638.95,1,33.3,6766.05,1
48,71311.88,17328.08,0.3541,18898.13,60,0,91.86,0.4,7,3159.77,0,14.0,10855.17,1
25,54915.35,8410.85,0.0271,2000.0,12,1,79.2,1.7,6,709.4,2,5.3,6950.88,1
32,30730.73,9280.75,0.4837,39955.35,36,0,87.49,6.7,4,1553.15,0,7.0,1981.56,1
48,76949.7,13370.57,0.9867,21760.16,60,0,98.55,3.4,6,2062.37,4,6.9,5875.37,1
47,31561.32,10400.73,0.352,20011.77,24,0,95.59,9.0,2,962.89,0,19.9,9918.93,1
63,18618.98,31625.25,0.952,33101.19,36,0,84.5,2.0,1,711.66,3,16.5,666.82,0
37,92370.54,10714.28,0.1093,29888.61,36,0,63.41,0.6,8,4043.28,2,9.9,1855.08,1
56,27123.65,18527.05,0.1796,17018.27,60,1,99.19,3.7,8,1055.71,4,14.3,16900.11,1
29,58682.39,16164.18,0.7196,2000.0,12,0,69.02,3.6,9,2061.08,0,4.4,854.36,1
66,56381.7,17822.0,0.5012,25643.86,12,0,74.43,0.2,9,2794.59,4,10.6,1812.65,1
34,54915.35,18432.71,0.7598,10371.54,24,0,65.61,6.3,8,302.69,3,8.6,2934.22,0
59,49653.66,22050.89,0.8563,32392.64,60,0,66.66,0.8,6,2364.23,4,13.2,572.01,0
47,63968.26,17131.57,0.2561,12238.36,24,0,91.83,1.2,7,3624.57,1,10.0,15659.46,1
46,62086.19,16799.17,0.6792,15481.33,48,0,65.13,4.1,4,1863.61,3,6.6,7593.68,1
36,73070.41,15467.82,0.6054,6568.19,60,1,67.58,11.1,8,3911.06,3,6.1,2290.64,1
63,47250.17,13892.66,0.8543,7377.05,48,1,66.86,0.1,1,1473.13,2,30.4,1000.96,1
28,69250.09,7705.62,0.4315,18909.25,24,0,74.81,8.7,8,2702.72,2,7.7,8512.02,1
51,41213.42,14513.05,0.0608,17977.4,48,0,87.79,7.0,2,2369.83,2,13.5,9341.55,1
67,26790.65,16930.14,0.5727,15241.17,48,1,85.75,0.9,7,1372.33,1,30.6,11557.8,1
24,29045.43,18217.32,0.9497,40530.12,36,0,88.99,2.3,8,1074.1,4,4.4,14786.31,0
61,25757.79,16442.28,0.0243,26036.46,36,0,89.07,11.8,4,943.82,1,11.9,30802.3475,1
51,75191.72,13136.36,0.2455,20102.43,24,0,60.12,0.8,4,2686.97,0,6.4,18168.15,1
37,24708.53,14543.36,0.3197,2000.0,24,2,87.38,0.6,7,916.28,0,5.1,2712.18,1
67,60480.78,10570.83,0.7605,28257.68,12,1,87.38,6.6,7,3479.42,2,35.4,829.28,1
55,49681.52,17505.79,0.3268,47423.698749999996,48,0,62.48,3.2,9,1806.38,1,11.6,998.13,1
41,52947.03,13230.97,0.2443,18120.5,12,0,77.08,1.7,3,2109.25,1,10.8,18166.59,1
27,82272.15,16444.49,0.6456,11894.87,12,1,63.15,0.9,8,2638.58,2,7.0,14239.15,1
49,46231.45,23006.42,0.0555,21633.25,60,0,67.63,6.4,4,2140.12,0,13.4,450.52,1
69,67232.03,9325.13,0.1772,5685.91,12,0,79.59,2.9,5,3546.96,2,18.2,13174.74,1
32,55751.27,19773.56,0.4099,24620.61,12,1,60.48,1.4,7,1925.24,2,10.4,13373.17,1
54,51959.62,15265.68,0.3585,35002.19,48,1,63.8,14.4,4,1667.48,4,6.3,17068.6,1
37,100999.38,31169.55,0.3502,13290.69,12,0,63.4,4.1,1,4044.62,4,11.3,10648.6,1
20,26173.17,13269.6,0.1164,13613.59,48,0,64.98,2.2,8,1251.78,2,0.8,7741.55,1
54,80782.64,20561.32,0.3636,19203.04,48,1,61.99,6.4,1,3114.43,2,23.4,3536.26,1
57,68128.13,15122.83,0.792,14987.81,12,1,84.48,3.4,1,2038.64,1,16.8,618.54,1
25,45409.5,3893.56,0.4156,4876.83,48,0,67.14,0.0,5,1408.23,4,4.8,1034.86,1
57,87586.37,10834.49,0.5844,16147.62,24,0,94.5,9.2,1,3029.06,4,15.7,5722.77,1
61,18037.8,22043.77,0.1703,14129.91,24,0,95.39,0.3,8,952.72,3,9.0,1976.3,1
40,44564.67,11538.44,0.0783,33665.55,48,0,87.64,22.7,3,1870.47,2,8.3,169.47,1
57,30830.36,0.0,0.8724,31553.75,24,1,62.6,2.2,5,1374.88,3,7.5,6110.94,0
28,63241.67,14748.78,0.3347,33973.13,60,0,95.66,3.7,4,2005.25,2,1.4,30802.3475,1
63,32738.72,6261.31,0.3533,28017.25,36,0,76.75,38.5,3,1532.71,4,12.1,30802.3475,1
25,63661.28,16054.54,0.8701,22057.83,24,0,67.24,1.6,9,3371.49,1,2.7,14147.8,1
46,51271.27,27409.18,0.7036,11255.92,12,1,91.15,3.1,2,1623.76,2,5.4,2924.17,1
47,45412.92,21155.66,0.7511,33261.16,24,0,73.87,7.0,8,1223.79,2,17.0,15470.35,1
27,62772.94,27293.25,0.6784,23477.89,60,0,80.24,3.1,3,2958.79,2,4.9,10016.09,1
56,49627.57,10507.9,0.1137,7519.7,60,2,89.72,2.0,6,2590.35,3,25.2,3981.06,1
45,54915.35,13854.67,0.9488,10861.32,60,1,64.04,0.6,2,1588.58,3,7.3,463.93,0
66,108025.5475,6644.51,0.901,7362.55,24,0,66.78,3.6,4,4361.29,2,17.5,6706.81,1
53,45256.66,9527.65,0.2415,2000.0,36,2,98.74,4.0,4,2117.28,1,19.6,8831.78,1
30,12000.0,7584.92,0.7979,23885.22,12,0,88.54,1.3,2,698.77,0,4.6,9429.79,1
49,38158.03,4546.22,0.4112,7621.25,36,0,69.25,2.0,4,1747.13,0,11.4,3594.07,1
53,29654.47,25926.85,0.6801,12440.55,24,1,82.95,1.8,3,1263.41,4,12.0,12646.87,0
54,71522.91,0.0,0.1723,20388.4,36,0,67.52,3.4,2,3074.91,3,16.1,11492.32,1
43,61433.05,25961.11,0.5378,18121.07,48,0,94.62,8.0,2,2496.3,1,9.6,3624.96,1
39,62974.26,24968.47,0.1341,12865.58,12,0,77.94,2.0,2,3018.22,4,10.1,13287.4,1
21,47599.55,18998.34,0.5354,35189.29,48,1,92.27,1.6,5,2530.35,2,2.4,13760.45,1
48,49413.0,6083.94,0.2487,4733.46,48,1,98.88,9.2,5,2422.57,2,13.2,18136.9,1
35,47581.38,2342.6,0.4534,5166.34,36,2,99.23,8.3,8,1547.02,4,10.9,5554.6,1
55,53376.14,10612.77,0.6646,24578.44,48,1,65.5,7.9,2,1986.76,2,21.0,27361.33,1
41,71706.67,20000.96,0.8695,13738.67,12,0,97.79,6.8,8,3205.05,1,11.3,30802.3475,1
40,61721.51,15024.51,0.172,13347.52,48,2,70.81,11.0,6,3586.34,3,13.6,12624.56,1
39,65002.26,6652.0,0.8854,9209.64,24,0,74.38,6.2,3,1773.68,3,11.5,10665.6,1
19,64991.18,24185.64,0.3922,23382.01,12,0,62.52,0.9,5,2033.32,4,0.1,17186.69,1
48,72688.85,28475.07,0.8369,22256.32,24,0,85.82,0.2,4,3694.33,4,18.7,1471.22,1
28,60763.0,13187.21,0.5123,21191.23,24,0,85.76,1.0,5,1908.57,3,7.3,14987.35,1
45,62176.96,15874.7,0.855,14170.43,60,1,91.08,2.3,6,2948.35,0,17.9,5732.57,1
63,78776.12,2929.21,0.6596,12489.7,60,0,97.85,0.3,4,4580.42,3,16.5,24614.65,1
49,41699.08,11684.91,0.5085,18369.06,24,0,77.13,7.1,8,1933.18,3,22.7,986.92,1
22,37885.15,19083.52,0.3163,29665.4,48,0,76.3,5.1,2,1552.14,4,0.7,2030.55,1
55,31281.57,17838.85,0.9595,35681.59,24,1,85.56,6.3,4,1650.25,2,13.6,4492.47,0
27,58658.29,10938.66,0.7949,31113.55,24,1,86.7,0.5,9,2975.5,3,0.9,30802.3475,1
57,17925.36,12806.05,0.3836,25057.37,60,0,77.81,2.0,2,872.88,4,13.7,8899.08,1
63,64243.08,11422.31,0.1734,29821.76,36,1,96.77,3.1,2,1857.04,3,5.8,25112.88,1
41,52816.14,12772.28,0.7739,8180.64,36,0,62.09,4.6,1,2432.65,1,14.4,27797.14,1
52,77692.79,18385.88,0.9801,12862.3,36,0,90.26,8.1,1,1976.67,2,9.9,343.59,1
61,41561.65,0.0,0.2834,25243.99,24,0,68.32,18.8,8,1117.32,4,20.9,13098.22,1
65,50933.63,14405.2,0.9075,18818.39,24,0,79.81,0.4,3,1338.92,1,24.2,3270.09,1
40,77444.07,17799.8,0.1329,23375.06,48,0,94.06,5.1,1,2217.27,1,7.0,5032.62,1
34,82662.71,10436.12,0.9432,29794.65,60,0,73.18,0.7,2,3258.28,4,4.4,65.74,1
18,41396.95,11165.34,0.7404,28240.28,24,0,95.99,1.8,4,2340.61,4,0.0,11797.22,1
48,58635.62,11396.84,0.3497,9090.36,12,0,78.03,7.4,4,1612.25,1,8.0,18863.68,1
48,60888.38,11167.6,0.3085,20118.44,12,0,88.11,25.7,7,2986.2,4,6.3,1040.44,1
59,62473.07,15047.07,0.6406,10791.77,60,0,88.91,3.7,7,2618.32,1,25.5,9741.12,1
59,49748.49,16032.02,0.5916,12226.82,12,1,70.43,2.2,9,1701.14,0,13.3,2956.77,1
51,80627.67,0.0,0.9106,2891.31,12,1,96.03,1.2,9,2867.44,2,13.6,30802.3475,1
26,17205.93,20223.04,0.7609,21336.0,60,1,64.98,7.6,5,443.26,0,5.9,558.97,0
39,46577.4,12680.01,0.5396,2152.25,24,2,83.6,11.7,8,2251.88,1,4.0,7486.07,1
30,63958.61,30463.71,0.919,23941.33,24,0,97.16,9.4,8,1813.04,4,1.7,18199.07,1
42,64144.5,5466.81,0.5909,33584.48,48,0,61.24,3.6,2,1677.8,3,9.6,13457.0,1
65,82055.18,8061.48,0.8427,25303.36,24,0,81.25,4.4,1,3332.3,2,24.9,7961.0,1
35,78964.51,13376.73,0.8341,20518.88,12,0,69.86,9.1,7,3230.55,4,7.2,19616.91,1
68,49289.17,18305.8,0.9108,35344.48,12,0,67.7,13.2,6,2307.93,4,5.3,30802.3475,1
29,80997.42,0.0,0.0762,23274.46,48,0,69.35,14.0,5,3932.26,1,4.2,1082.57,1
57,40719.17,8367.2,0.5821,11372.57,60,0,96.11,5.9,4,1708.56,1,17.0,763.39,1
34,73617.75,19730.56,0.469,21251.06,12,0,77.02,1.1,5,3577.91,2,12.2,17876.17,1
32,91210.45,7415.01,0.4907,39596.92,24,0,69.44,1.9,2,3041.06,1,2.1,2796.8,1
59,79298.88,25960.21,0.4607,9073.61,24,0,97.1,1.5,5,2362.32,2,23.9,20921.25,1
32,57115.41,11368.93,0.8307,6198.76,24,0,72.86,1.0,7,3201.26,3,5.3,4246.11,1
32,48364.42,7805.01,0.3221,26149.09,12,0,88.94,1.4,1,1810.86,3,10.0,2391.86,1
56,24428.17,19881.95,0.4635,17759.47,36,1,81.49,10.2,2,684.04,3,21.3,3891.77,1
30,61210.79,27860.94,0.2067,14679.98,12,0,87.17,7.4,3,3217.88,0,4.5,23896.18,1
34,32695.66,18331.17,0.2567,7408.21,12,0,67.31,0.2,9,1485.58,3,8.8,13496.21,1
49,39137.31,25083.44,0.6572,2000.0,36,1,87.14,0.8,8,1750.68,2,12.8,417.01,1
26,31185.08,28413.08,0.1246,5435.7,36,0,96.23,20.9,1,917.48,1,4.8,30802.3475,1
57,45792.15,7625.13,0.1941,36149.26,24,0,64.04,1.3,9,2300.87,3,25.5,2390.23,1
37,54440.61,22507.13,0.5275,19911.26,24,0,73.06,5.0,7,1730.52,3,11.1,6695.39,1
43,60472.29,2812.24,0.0529,2000.0,24,0,98.9,1.2,9,1596.65,2,9.0,2590.09,1
44,42989.87,18399.22,0.1344,31840.86,12,0,69.01,1.3,5,1305.54,4,3.2,3242.38,1
38,76385.67,14429.46,0.8561,32348.34,60,1,62.38,3.5,5,3693.43,4,3.9,737.4,1
35,50835.89,24943.6,0.8392,32292.34,48,0,62.2,3.3,1,2611.56,0,7.2,10781.42,0
30,39245.55,24378.01,0.3508,15774.69,60,0,71.01,5.2,7,1303.73,3,6.1,7624.53,1
33,59525.85,19558.27,0.351,17311.89,36,0,79.79,0.9,8,2113.25,2,2.5,10979.72,1
26,94271.06,17387.42,0.9278,21376.28,12,0,70.75,1.5,1,2868.15,2,3.4,4674.92,1
29,61703.21,19066.95,0.0353,34010.47,12,0,71.24,4.9,5,2473.79,1,3.3,19926.46,1
61,47742.89,15494.17,0.5787,14450.99,48,0,93.26,0.5,7,1543.78,2,6.4,7572.15,1
55,24450.77,14510.43,0.5954,12455.87,60,0,90.68,12.0,3,1413.34,2,12.9,30802.3475,1
36,50611.75,26540.63,0.7821,26956.77,36,0,72.43,1.0,2,2559.2,3,9.8,17893.77,1
24,59698.56,27503.12,0.9427,32092.55,48,0,73.8,2.9,1,2680.69,2,3.9,7913.1,0
52,47248.38,13866.73,0.3587,19472.09,12,0,98.79,0.6,3,2317.26,0,21.5,30802.3475,1
65,21692.31,16901.09,0.4391,26704.4,48,0,98.01,5.8,8,663.0,4,21.5,2604.89,1
35,37988.69,15653.24,0.6679,21124.47,24,1,98.92,2.0,3,1891.33,3,2.8,8718.26,1
33,84090.77,2106.41,0.9579,17487.55,60,0,97.57,0.4,3,3073.05,4,7.8,11970.02,1
56,83680.02,12308.52,0.883,11707.22,36,0,85.12,4.5,4,3401.73,3,5.2,838.1,1
21,37267.22,27797.63,0.6637,8461.4,24,0,72.33,19.7,3,2031.41,4,1.2,7235.29,1
42,68455.14,9001.79,0.8496,13852.34,60,0,98.78,10.2,3,3865.91,0,13.5,1948.61,1
49,31428.54,31916.35,0.0935,10239.41,24,3,89.71,6.1,3,1590.87,4,5.8,11369.79,0
57,83086.33,24377.01,0.3796,22834.83,48,0,88.45,0.1,2,4203.03,4,20.9,1640.66,1
30,59904.72,18211.99,0.0228,32175.46,36,0,91.9,9.8,4,2984.32,2,6.9,15410.94,1
62,73992.83,19486.75,0.1839,22040.09,48,1,83.94,11.4,3,3394.77,1,31.8,9222.05,1
34,20698.13,7662.35,0.6279,10792.97,48,0,83.33,0.2,9,652.37,1,4.0,1749.25,1
66,68552.74,12878.17,0.8779,28553.77,60,0,74.45,0.7,4,3058.43,0,32.3,9570.2,1
54,54846.52,26531.19,0.6301,22968.81,36,0,66.03,3.0,5,1474.63,1,12.3,83.48,1
23,72038.58,10083.77,0.6609,24948.26,36,0,77.54,2.6,6,1874.7,0,1.9,375.36,1
36,73297.36,23489.05,0.1117,14806.32,48,0,80.69,1.7,5,3879.86,0,14.0,2468.37,1
30,56315.69,3983.68,0.6616,31333.77,36,0,95.11,1.1,7,2422.58,1,5.5,4750.59,1
43,42983.41,5414.73,0.4553,31282.66,12,0,76.06,4.0,5,1098.07,4,17.7,1576.31,1
31,70593.92,30211.08,0.6484,18159.33,36,0,95.32,7.4,1,2406.59,4,7.7,15488.11,1
48,53796.91,14905.3,0.3296,27184.52,48,0,72.7,13.8,8,2569.59,4,11.8,1186.28,1
21,37544.3,10692.0,0.5799,31014.89,12,1,97.79,1.8,8,2114.19,4,0.4,458.13,1
56,36596.96,25901.93,0.4256,15346.28,12,1,61.56,6.1,4,1944.64,1,16.9,73.36,0
25,25456.71,24966.57,0.5575,19187.61,60,0,81.01,7.8,6,1014.13,0,2.5,8304.89,1
42,44794.18,22366.04,0.1541,20797.91,48,0,72.86,3.3,1,1546.25,3,11.2,8555.52,1
30,77053.84,10440.82,0.3979,9021.8,36,0,71.78,12.7,9,2722.88,0,7.3,2060.53,1
49,58556.6,12704.66,0.3768,24416.63,12,0,63.18,0.1,6,2895.87,0,14.8,3064.45,1
55,44404.65,17493.03,0.7317,30225.23,48,0,87.25,11.5,7,2300.8,3,21.1,15126.38,1
55,71097.12,20555.19,0.7023,18561.14,60,0,75.7,11.2,1,2643.56,2,21.8,22384.79,1
45,38350.47,10932.13,0.9007,23398.5,24,0,97.96,0.7,4,1754.99,2,17.4,3966.63,1
47,56907.01,16365.9,0.6294,33985.81,24,0,88.5,2.9,7,2837.03,4,16.1,5735.82,1
20,51407.39,17139.13,0.3183,15948.48,36,1,77.72,3.6,4,2734.37,1,1.4,712.03,1
45,70582.61,25294.16,0.7776,23602.65,24,0,85.09,2.6,1,3272.49,2,8.4,18661.54,1
20,23455.43,21035.73,0.4971,14301.88,12,0,62.64,11.3,3,1262.13,3,1.4,10702.03,1
62,37996.05,2945.59,0.1996,14028.94,12,0,83.57,6.2,5,1306.49,2,23.9,825.58,1
51,22235.09,13290.96,0.7425,23418.93,48,0,86.65,0.7,3,1073.79,1,17.5,8911.69,1
33,49808.07,7569.73,0.1399,22413.7,36,0,64.25,13.1,6,1912.72,2,3.5,1078.75,1
39,79228.55,19544.7,0.1846,25550.7,48,0,87.3,0.2,8,4433.2,0,14.5,13596.91,1
49,44891.06,22385.23,0.7536,20761.59,48,0,78.96,4.5,7,1449.65,0,16.2,1412.36,1
55,44786.32,15812.45,0.7647,24651.43,36,0,79.18,3.7,7,2295.09,0,8.4,6292.63,1
25,72434.49,12854.98,0.785,36655.19,48,0,88.94,0.4,3,4060.33,0,0.9,12330.51,1
25,76370.99,15553.36,0.2975,30599.1,24,1,77.99,6.0,9,3646.57,0,3.1,2011.47,1
23,54915.35,16671.35,0.8593,23383.82,60,1,69.37,16.4,4,2730.65,4,1.5,1043.92,1
31,68694.3,9879.2,0.7182,25049.07,48,0,71.93,3.1,8,3746.49,4,4.0,14134.38,1
49,33460.91,5250.31,0.8273,17010.98,12,0,89.53,3.6,3,1181.76,4,4.8,13337.57,1
52,82559.49,0.0,0.7044,18408.11,12,1,62.84,2.4,1,2406.66,3,8.7,4118.56,1
27,97974.13,25137.46,0.578,24924.61,24,1,93.63,10.4,3,4929.34625,3,7.0,2394.85,1
20,65424.32,18970.93,0.1172,20876.5,48,0,83.29,13.1,9,1717.4,4,1.0,25342.92,1
29,13313.37,17900.09,0.7067,27930.19,48,0,89.08,2.5,2,547.89,2,5.2,10365.18,1
66,43835.39,25121.59,0.6867,32670.73,36,0,73.75,11.1,3,1567.06,1,21.8,7640.29,1
48,67256.51,4956.26,0.3162,18982.34,48,0,68.91,1.1,9,2924.75,0,19.1,3182.49,1
46,46570.34,1114.95,0.7311,2000.0,48,0,92.18,3.1,6,2700.02,2,16.0,4544.36,1
22,80443.97,18073.86,0.5494,40341.89,12,0,64.09,1.5,7,2133.72,4,0.9,4124.59,1
69,66763.15,17346.17,0.5582,13475.06,36,0,66.63,1.3,6,3381.81,1,23.0,30595.38,1
42,40870.49,1149.55,0.3703,21951.62,48,1,71.4,9.7,5,1055.23,4,14.3,1481.73,1
58,55645.3,17876.17,0.1244,27274.92,24,0,74.05,6.3,1,1875.69,4,16.6,5700.78,1
48,37123.34,11798.22,0.2226,34089.74,48,0,68.15,0.3,1,1801.16,3,14.4,445.13,1
38,51348.3,8543.3,0.7635,38060.34,36,0,96.51,7.1,7,1754.11,2,3.1,7335.69,1
37,43908.14,12332.61,0.276,16361.27,24,0,61.09,4.3,7,1991.59,0,2.1,18527.89,1
56,78495.24,0.0,0.0122,31896.9,24,0,92.14,7.7,9,4492.04,2,24.3,30802.3475,1
39,97320.24,10269.01,0.9871,21979.8,24,0,76.44,4.5,9,4929.34625,3,13.5,3708.67,1
21,26376.23,9365.64,0.2165,47423.698749999996,12,0,93.44,2.4,3,1394.71,4,1.4,2130.49,1
30,16535.67,19456.82,0.6523,31004.45,12,2,91.84,3.4,5,520.07,3,8.0,9675.1,0
62,50096.55,13734.16,0.9184,18225.26,24,1,64.84,0.8,1,1706.26,4,28.5,3688.47,0
59,24631.69,20110.95,0.5977,12069.27,12,1,86.66,1.9,7,1262.44,3,14.4,1047.48,1
67,55924.23,0.0,0.7931,2000.0,24,1,75.14,0.1,7,2759.85,2,21.7,2306.15,1
66,69978.72,8287.21,0.9668,26746.76,24,1,92.84,2.6,9,2429.03,0,20.7,216.67,1
37,84882.84,19447.98,0.8532,30084.49,60,0,94.04,0.5,9,3335.66,1,2.2,21616.11,1
69,59027.89,12529.08,0.5567,27454.6,12,0,67.56,5.4,1,2751.75,4,5.1,4710.03,1
30,51136.9,21763.68,0.3664,2000.0,60,0,79.15,12.2,5,2174.22,4,8.2,15107.35,1
34,15432.3,563.18,0.4828,7419.89,24,0,83.78,6.7,4,620.43,4,12.6,10644.13,1
53,55523.7,20848.89,0.835,24808.23,24,0,81.76,1.2,4,1573.38,0,22.0,2147.94,1
50,56425.75,9886.89,0.8463,37855.24,60,0,70.07,3.5,6,2228.74,3,4.8,5035.05,1
18,67779.14,9110.42,0.8389,19444.46,36,0,70.9,6.2,6,3936.08,2,0.0,5896.38,1
32,40830.24,22928.38,0.5953,30915.18,24,0,94.33,8.2,9,1486.13,0,7.5,10524.81,1
30,46298.95,24295.21,0.4774,9655.93,12,0,61.31,1.7,3,2228.52,4,3.5,26153.51,1
34,25439.95,23277.6,0.3151,22071.28,48,2,70.49,3.2,9,1064.92,2,7.1,2110.99,0
41,12000.0,31309.14,0.0133,17253.4,48,0,68.92,0.6,3,617.89,1,2.5,5167.7,1
25,32830.06,25134.43,0.7592,31875.89,48,0,74.83,6.5,6,1639.62,0,3.0,2260.39,0
67,23593.48,8636.51,0.2815,14601.64,60,1,87.44,2.9,7,1332.56,1,14.1,17391.75,1
44,61734.25,16133.11,0.3331,36770.13,24,0,81.29,0.2,6,2882.45,3,6.5,13322.97,1
62,44637.32,12118.42,0.8366,16922.88,36,0,81.63,3.8,8,2526.12,0,34.4,17466.1,1
40,44235.26,31232.72,0.0612,9301.37,12,2,89.25,7.8,6,1167.15,0,12.6,14846.57,1
63,35311.74,23838.96,0.9191,9636.93,48,1,92.49,0.2,3,1361.63,3,32.6,274.92,0
25,12000.0,13488.96,0.0113,13775.73,48,0,66.39,2.6,2,570.1,2,1.4,3089.3,1
25,85166.21,22023.28,0.9304,23705.67,12,0,64.32,3.3,3,3492.66,1,1.8,4361.42,1
43,34994.59,5142.41,0.4557,13900.2,48,0,72.05,38.5,2,1962.23,4,18.7,16205.54,1
64,46751.6,17002.09,0.1101,11795.23,60,0,93.1,1.2,4,1387.75,3,13.6,19104.56,1
30,54915.35,7496.62,0.6707,28898.08,24,0,81.67,8.6,5,1062.17,0,8.6,6358.33,1
56,74438.61,1491.26,0.8879,2000.0,24,0,65.71,0.8,3,3985.38,0,23.5,30802.3475,1
54,57868.58,21276.29,0.4393,15701.18,36,0,66.55,16.6,1,2907.8,3,4.6,7554.86,1
66,38472.69,22268.73,0.6875,6657.62,60,1,95.93,1.8,1,1976.48,0,9.9,7116.35,1
45,47155.41,18657.7,0.9698,11314.46,36,1,74.68,0.8,2,1905.74,3,13.2,7691.13,0
42,88563.6,13536.26,0.2459,22437.5,48,0,70.21,2.4,8,3213.17,0,17.8,13399.59,1
33,53540.61,4869.13,0.814,17947.67,24,0,87.75,0.1,7,2242.18,4,7.5,4725.77,1
19,51365.33,5709.23,0.2993,17044.34,36,0,94.43,0.6,7,1628.42,0,0.6,23696.56,1
35,36172.37,7245.76,0.4278,31895.09,36,0,77.7,3.4,2,1677.62,0,9.7,7973.76,1
34,17108.38,13130.61,0.2861,19863.82,60,0,91.65,14.1,3,876.21,4,2.9,5622.38,1
47,51799.23,23609.43,0.4471,38060.57,48,0,77.2,2.9,1,1418.96,0,19.7,2825.01,1
56,61509.7,23483.23,0.015,27121.92,12,0,87.66,5.4,7,2766.05,0,23.3,4569.9,1
30,76991.69,1811.46,0.3074,10332.9,60,0,82.99,6.1,6,3401.6,4,3.9,10781.29,1
49,12000.0,9454.13,0.4464,39340.92,60,0,95.78,0.2,1,405.63,2,13.1,30802.3475,1
67,32498.07,9238.71,0.6296,22781.05,48,1,73.0,1.9,5,1890.7,1,21.4,8724.64,1
46,43385.18,0.0,0.6346,38717.48,12,1,90.82,29.1,2,1807.41,0,18.4,7693.4,1
63,54930.38,19528.97,0.5821,17339.04,60,1,87.36,0.0,6,2999.2,0,34.5,3606.54,1
47,52099.33,13030.72,0.2972,22722.32,36,1,93.55,3.2,3,1633.08,1,20.3,25345.64,1
35,52566.23,14094.86,0.9385,24321.14,36,2,84.3,9.1,2,2626.29,4,7.4,9525.12,0
30,63161.92,25766.97,0.3941,18318.86,36,0,78.41,3.4,3,1745.99,0,4.0,18881.44,1
60,36934.14,15706.47,0.2226,32719.2,36,0,61.98,28.5,2,1007.22,0,11.0,684.56,1
38,73682.83,11554.16,0.5534,39325.82,12,0,93.59,3.3,3,2313.97,1,11.6,14508.21,1
47,63669.05,19576.62,0.744,2000.0,48,0,96.4,12.3,5,3156.46,1,11.4,3045.72,1
38,48603.35,23470.97,0.022,28148.18,48,0,77.99,3.8,8,2830.29,0,4.0,30802.3475,1
65,87018.16,17371.74,0.2808,11054.96,12,0,68.89,2.5,9,4527.77,4,6.3,1570.69,1
34,86128.32,20513.52,0.8185,2000.0,48,0,85.89,6.2,5,3372.47,1,8.1,1138.87,1
57,73657.91,13835.46,0.5069,25170.18,36,0,64.87,15.9,6,3421.62,1,27.7,4215.66,1
36,12000.0,14345.14,0.4103,25192.73,12,0,61.63,2.4,2,489.84,1,6.0,3581.03,1
69,86578.9,15904.17,0.9223,26801.27,36,0,71.6,10.0,2,2878.49,0,12.6,30802.3475,1
32,70895.17,8975.03,0.0977,23710.28,48,0,87.2,5.4,1,3227.8,3,6.3,9797.17,1
26,95128.17,10455.51,0.6133,28750.25,60,0,92.57,2.4,9,4057.58,1,5.0,15117.17,1
69,79749.29,26023.04,0.3453,13969.51,12,0,66.27,0.3,8,3423.3,1,6.4,1528.45,1
27,86566.85,31063.65,0.0794,22633.34,24,0,97.85,1.9,2,2347.12,0,6.4,30802.3475,1
61,72573.1,27737.58,0.2195,26981.66,24,0,82.08,8.9,2,2107.17,0,34.1,20036.98,1
48,81973.86,4413.94,0.6254,33529.56,36,0,97.01,0.5,1,3414.74,4,12.4,29710.38,1
40,54915.35,3641.14,0.0377,20438.45,48,2,65.99,4.2,7,3506.59,2,15.2,2452.65,1
69,59331.09,5474.32,0.5904,17862.04,36,0,78.32,3.6,9,2323.8,4,20.0,3909.71,1
47,23555.39,16075.1,0.9477,19447.61,24,0,77.23,5.4,5,895.14,2,5.0,20481.97,0
50,48850.78,0.0,0.7892,8064.07,12,0,76.47,14.0,7,2379.72,3,14.5,4664.31,1
69,62798.91,10289.59,0.3487,27696.24,36,1,97.23,7.0,1,1943.75,0,11.4,136.23,1
26,56497.75,26256.79,0.1454,5426.83,48,1,93.98,3.6,3,3186.74,3,1.9,27911.21,1
64,30068.76,22859.51,0.4658,23909.64,24,1,91.77,8.9,3,1223.21,4,30.2,2072.74,1
18,22378.65,10927.24,0.3951,20845.74,12,0,71.44,6.0,4,813.38,0,0.0,144.04,1
61,40176.75,11533.16,0.9623,4490.27,36,0,73.56,11.3,1,1032.78,3,13.1,3604.85,1
52,71154.79,19537.93,0.9801,5060.54,12,0,70.37,6.4,5,2621.16,3,12.0,11537.85,1
28,86606.8,22482.15,0.4124,11463.09,60,0,91.74,7.0,9,3971.66,3,7.4,10041.52,1
51,73331.35,10734.9,0.1558,16560.58,24,2,75.71,0.4,9,3782.1,3,17.4,2225.7,1
33,54915.35,13125.07,0.9024,34804.79,36,0,99.15,0.0,6,3761.75,0,2.1,6288.15,1
26,53383.69,10471.92,0.7877,18892.65,12,0,74.57,15.6,7,2354.61,1,2.4,11397.92,1
49,20158.35,4349.2,0.511,25464.87,36,1,66.79,1.5,5,796.98,1,4.5,8493.1,1
32,45895.59,13242.05,0.368,32666.05,48,0,97.19,0.9,8,1951.25,2,8.6,12980.85,1
29,49824.71,12632.58,0.4492,30731.67,48,0,91.31,0.9,1,2842.99,4,2.6,5779.42,1
50,45058.95,4914.85,0.8938,19929.4,36,0,83.33,6.7,1,2577.52,4,8.2,4953.54,1
62,56093.9,20168.65,0.191,12944.75,24,0,94.34,0.2,8,2904.34,1,8.1,593.95,1
31,63828.4,18866.57,0.8006,24988.55,36,0,97.98,5.4,5,1950.67,0,7.6,22324.49,1
25,72060.3,20565.76,0.0278,13144.28,36,1,94.45,4.2,4,4045.52,4,3.2,21179.68,1
25,49437.6,8855.44,0.9122,38148.05,36,0,96.18,0.8,7,2303.61,2,2.0,5650.03,1
44,16924.81,0.0,0.5003,28677.98,36,1,70.85,0.7,3,692.68,2,17.0,17530.63,1
29,45342.45,18738.65,0.2322,22086.96,24,0,80.43,3.4,9,1982.12,4,5.6,9801.82,1
18,55874.21,9687.1,0.0128,25126.72,60,0,91.81,1.5,7,2284.18,0,0.0,2912.22,1
60,79456.16,7874.65,0.5584,21782.86,60,1,81.04,5.1,1,3252.94,0,4.7,1952.36,1
57,43643.84,4943.58,0.2496,16316.7,12,0,85.67,1.2,2,1718.42,0,6.4,528.56,1
59,65250.87,12797.42,0.6286,24986.1,24,0,96.91,5.4,5,3579.77,1,13.7,10798.85,1
68,60801.76,27618.62,0.2855,17571.08,24,1,71.81,17.8,2,2443.91,4,7.7,3322.07,1
28,55878.01,10956.4,0.0963,39366.88,24,0,81.58,9.9,2,1806.99,0,2.7,22775.44,1
56,73610.67,6281.58,0.505,13072.97,48,0,82.54,8.0,6,2401.56,3,5.9,19238.16,1
60,41783.18,20215.47,0.5632,25087.97,24,0,74.38,14.9,6,1227.88,3,6.4,12709.39,1
48,43496.27,16382.5,0.4535,12172.74,48,0,74.73,4.7,9,1891.04,2,9.5,9565.78,1
34,54761.98,0.0,0.4589,12068.36,60,0,90.76,7.3,6,1961.98,3,7.4,26140.33,1
50,42197.07,20298.77,0.5879,2139.1,60,1,97.18,7.4,2,1867.09,2,10.9,18630.44,1
49,65160.25,32027.74,0.5258,24114.75,48,0,85.35,18.4,1,3650.84,1,5.3,3036.55,1
46,40736.15,0.0,0.1399,14675.34,36,0,79.52,5.2,6,2316.03,1,3.9,2975.86,1
38,59526.08,5114.35,0.2031,30833.9,60,0,90.01,1.6,5,2094.92,3,4.7,220.18,1
38,52996.54,0.0,0.149,24132.95,36,1,99.91,1.1,8,1713.93,4,11.8,6747.41,1
57,59298.52,14397.56,0.6894,21482.25,12,0,63.3,1.8,5,1591.85,0,22.1,6080.82,1
40,45805.17,22923.09,0.528,5895.01,48,0,86.06,7.2,8,1561.79,0,16.0,2876.43,1
23,48218.23,15844.01,0.4313,25849.05,12,0,82.24,5.3,2,2019.21,4,3.7,30802.3475,1
39,56920.19,26135.97,0.7924,13378.54,48,0,84.41,1.2,6,2566.36,2,13.4,7817.93,1
67,59041.49,21644.4,0.3293,5671.61,12,0,60.91,9.8,6,1669.22,2,5.5,1646.25,1
55,54915.96,28617.18,0.5667,24305.13,12,0,98.23,19.9,6,1822.29,2,6.5,18573.56,1
54,89107.25,24281.69,0.0829,7417.07,24,0,63.42,3.4,7,2352.3,0,22.2,5869.66,1
62,35185.26,11776.46,0.7395,2000.0,60,1,72.3,0.3,2,1790.01,3,29.9,14071.7,1
68,53715.92,15533.81,0.6913,32971.34,48,0,71.93,4.9,5,1826.63,4,26.4,4493.68,1
25,54915.35,8050.58,0.7963,14392.68,60,0,89.32,13.9,7,1034.52,1,2.5,761.54,1
58,62441.63,13154.75,0.8768,2555.12,24,0,86.84,1.9,3,2518.93,1,9.2,30802.3475,1
66,32695.07,15494.65,0.7529,10374.08,60,0,62.47,4.4,5,1337.62,0,27.5,17797.26,1
52,49433.79,14320.74,0.8376,12789.48,48,0,65.99,1.3,6,2332.76,0,13.2,2506.42,1
68,54915.35,25738.03,0.3487,31442.27,24,0,72.75,10.6,3,1839.59,0,18.0,18049.14,1
28,60617.82,12358.66,0.3465,3370.32,36,0,88.16,10.2,8,2020.28,4,4.3,16578.63,1
41,43944.18,7543.31,0.9354,6610.94,24,0,97.17,2.3,7,1698.52,4,15.8,16216.17,1
66,43093.89,8043.11,0.9063,29804.03,48,1,72.62,2.2,1,2260.65,4,26.4,2852.36,0
38,83717.13,20240.8,0.5475,15502.67,12,0,81.02,0.0,5,3661.48,4,9.8,1711.31,1
68,60691.34,3774.89,0.3692,22279.53,60,0,74.9,1.9,3,3493.02,4,16.2,7202.46,1
19,43778.98,13390.51,0.8587,15090.75,12,0,83.09,7.6,9,2240.03,2,0.3,12223.44,1
57,49983.33,25620.0,0.3269,40205.7,36,1,85.12,0.1,4,2625.13,1,30.9,6499.18,1
36,87907.1,17340.79,0.1606,7103.05,12,0,80.73,1.1,2,4491.07,3,7.7,5484.98,1
56,50296.7,14403.16,0.6367,22821.16,60,0,75.56,6.6,5,1998.99,2,10.0,6215.5,1
45,41214.47,14712.72,0.0518,35029.57,12,1,95.19,5.2,1,2134.32,1,16.3,30802.3475,1
34,41300.08,6763.48,0.3815,16250.14,24,1,92.08,21.6,1,1900.92,1,10.0,25823.04,1
23,44017.47,8142.92,0.8015,12462.26,48,1,99.94,2.5,7,1431.56,2,1.8,27993.99,1
36,43110.05,13438.55,0.2993,27671.03,12,0,76.51,0.7,4,1214.22,3,11.7,3572.75,1
55,29407.04,17170.18,0.9227,30040.65,48,0,61.55,5.5,6,1224.17,4,26.2,263.89,0
45,32516.0,22585.2,0.9467,12000.96,48,0,86.05,0.4,4,1444.7,4,18.4,30802.3475,1
19,38413.59,15740.48,0.8095,34621.97,48,1,91.34,0.6,7,1407.75,2,0.2,667.4,0
55,66831.42,25822.19,0.9779,20512.21,24,0,97.47,4.2,9,3073.45,1,24.2,28260.28,1
54,47375.25,27841.58,0.5301,25087.61,48,0,60.41,3.2,9,1422.46,2,13.7,6931.01,1
68,50856.77,21362.14,0.5678,34882.81,12,0,95.18,1.5,4,2638.32,0,8.7,8644.46,1
69,80401.76,24799.85,0.8294,27687.8,48,1,80.67,3.3,4,3084.16,1,37.0,875.47,1
21,80900.14,7074.29,0.4929,19997.51,24,2,74.99,10.1,3,3980.13,2,1.3,25285.09,1
39,49357.5,5806.41,0.4086,13284.08,48,0,68.88,6.5,3,2637.3,4,15.0,1639.67,1
43,54915.35,19143.79,0.6125,47085.06,12,1,92.56,3.0,5,1397.04,2,13.0,21326.79,1
66,37711.39,4270.32,0.6545,12109.84,24,0,74.55,1.9,4,1628.41,2,15.7,2149.01,1
60,68855.52,12677.03,0.7459,23181.29,36,0,84.18,4.4,1,2008.27,1,21.2,2058.95,1
53,50905.86,21169.54,0.6648,25099.89,36,0,80.47,0.0,5,1344.9,0,27.0,1611.37,1
30,47270.1,26306.98,0.7408,25573.09,12,0,70.53,6.6,6,1244.86,2,6.4,1713.56,1
69,38726.71,12966.27,0.6711,41280.17,60,0,91.51,8.1,2,2194.72,0,34.2,11083.83,1
49,39606.67,9800.45,0.4808,20475.7,48,2,71.93,0.6,1,1049.3,2,21.9,22.07,0
34,61401.16,17563.69,0.1422,19049.34,60,0,91.49,2.6,5,2769.52,2,6.0,16063.57,1
58,28691.23,6411.65,0.7797,35522.78,24,0,76.38,0.8,7,772.17,0,8.4,13024.62,1
53,74897.37,13613.77,0.0402,18641.16,48,0,61.2,14.9,9,3656.54,1,27.4,5370.77,1
63,44323.11,14936.0,0.9827,28760.24,60,1,90.7,8.7,1,1831.02,4,32.5,17799.95,1
36,52007.28,14776.13,0.8219,21943.9,12,2,95.97,0.1,3,1661.38,4,9.3,11954.49,1
52,28260.44,15708.03,0.6675,29209.75,24,0,64.79,17.6,6,1274.84,0,25.9,30802.3475,1
63,54752.68,8323.88,0.9573,27254.48,48,0,83.41,0.8,6,1978.79,4,23.8,10733.65,1
57,48433.58,9184.06,0.6102,15968.88,36,0,62.87,0.4,7,1455.45,2,20.9,9898.23,1
45,53998.39,9023.07,0.0653,2000.0,48,1,93.2,0.2,2,2681.51,4,14.6,1109.17,1
18,84434.18,2039.25,0.5582,3260.91,24,0,99.52,7.8,8,3185.35,4,0.0,22243.02,1
59,58553.96,17734.64,0.2817,2000.0,36,1,79.8,13.0,3,2379.59,2,13.1,9804.68,1
35,39106.82,22157.26,0.3721,19088.03,12,0,72.54,0.5,2,1028.05,1,5.4,6411.92,1
65,54915.35,21370.48,0.4604,2000.0,48,0,93.83,20.5,5,1785.51,3,5.8,95.64,1
57,66902.62,12900.03,0.7691,18400.1,60,0,80.83,1.9,9,2818.23,2,26.0,6956.08,1
50,80973.87,8511.96,0.5029,21337.67,60,1,77.96,5.7,9,4044.6,2,9.1,8785.4,1
29,60638.36,20954.52,0.4752,28562.26,12,0,69.11,21.4,4,2482.42,4,2.8,12431.61,1
25,68774.25,20111.38,0.3059,25043.8,24,0,84.64,0.0,3,3654.28,3,3.0,1857.12,1
41,67194.75,16739.37,0.5391,29018.85,12,0,84.25,4.0,4,2459.36,3,16.1,1009.82,1
33,83381.29,28954.49,0.2534,24139.05,24,1,70.51,5.3,5,4161.13,1,7.8,8473.7,1
67,16008.2,14788.6,0.2658,16764.58,36,0,68.46,2.3,7,529.2,4,33.8,18446.51,1
21,68344.38,12944.88,0.7521,18940.17,24,0,77.54,0.6,8,3675.16,4,0.3,10242.55,1
55,74674.72,11801.46,0.3457,11483.56,36,0,78.03,4.9,7,2742.78,3,8.6,14506.89,1
61,28225.53,2512.98,0.0604,22280.87,48,0,65.14,0.2,2,1398.48,3,25.9,4456.75,1
44,37286.64,20290.72,0.3468,4158.04,48,0,71.04,12.8,8,1931.76,1,7.8,2229.78,1
26,37984.35,14156.12,0.6358,30660.35,12,0,66.41,3.1,7,1157.42,4,6.1,3072.22,1
64,40424.2,19079.45,0.8077,10434.06,12,1,96.06,12.1,5,2090.26,1,28.9,2326.43,1
33,45365.66,29735.02,0.9527,21538.45,48,0,62.97,9.1,6,1572.1,2,8.9,24232.03,0
29,59852.06,11873.99,0.7413,23214.78,60,0,95.15,0.0,4,2683.75,1,1.2,26355.25,1
48,72313.49,0.0,0.4303,31627.23,36,0,81.12,3.1,3,3065.14,2,17.5,8618.94,1
41,76626.34,18848.56,0.3031,3188.37,48,1,86.61,10.9,6,3411.44,0,10.7,10296.01,1
31,38243.54,16334.88,0.137,16745.41,60,0,96.93,2.3,4,1961.37,1,2.9,21403.16,1
62,38105.94,9140.37,0.6251,25498.48,24,1,74.62,2.0,4,2008.58,4,22.5,3804.35,1
42,81316.44,18178.13,0.5097,37511.84,48,1,88.1,5.8,6,2712.62,4,4.2,3081.2,1
51,67934.88,21288.77,0.6741,19611.72,60,0,86.87,6.1,3,2126.89,3,14.5,22570.39,1
20,56657.3,7427.12,0.2424,14056.54,48,0,99.53,5.2,1,1574.53,0,0.5,2082.5,1
41,64466.73,12589.35,0.3272,40269.89,24,0,61.84,2.3,8,3128.77,3,2.5,30802.3475,1
59,54403.92,26814.03,0.2963,28025.61,24,0,78.22,3.4,7,2223.68,3,14.7,15956.04,1
26,65491.69,9227.02,0.7917,33736.33,36,0,99.58,12.8,9,1963.41,4,2.9,21589.3,1
43,48278.67,15533.36,0.1778,7904.59,24,0,73.12,1.9,9,1984.7,1,11.5,3058.31,1
37,60376.1,0.0,0.6063,25211.29,24,0,98.63,7.9,1,3490.87,2,14.7,19016.55,1
57,24789.08,3145.24,0.0603,9166.75,36,0,92.67,2.2,1,1080.6,0,6.1,4468.32,1
27,41244.31,16260.14,0.5485,6949.56,48,1,73.57,3.4,1,2230.05,3,2.3,5582.44,1
36,41459.78,24823.9,0.0726,25818.8,48,0,61.16,2.3,5,1158.62,2,7.5,10400.28,1
20,47512.2,4103.76,0.1824,26518.47,36,0,71.21,0.4,6,2616.46,3,0.7,30802.3475,1
41,36469.73,15596.51,0.1208,15179.88,48,0,64.95,2.0,4,1590.24,0,11.4,7753.56,1
22,44329.13,11994.26,0.3498,34320.37,48,0,77.14,15.6,7,1906.09,0,2.7,9319.26,1
20,24711.72,22624.7,0.3469,16309.8,60,0,97.58,3.4,6,731.26,3,0.8,23161.89,1
44,65974.01,5257.57,0.8199,17300.19,36,0,80.5,4.1,9,2654.05,2,8.2,2619.49,1
33,53349.73,18440.62,0.2312,19639.61,36,0,77.9,17.3,1,2195.39,3,3.9,6548.2,1
66,20895.85,9770.47,0.0947,17570.57,12,0,68.63,0.1,9,619.91,2,31.3,21048.11,1
32,38303.4,16784.3,0.6014,32772.62,60,1,84.86,0.4,8,1386.05,3,2.3,17686.55,1
52,61732.03,15551.45,0.6837,9582.97,48,0,78.21,12.0,5,3351.78,4,15.0,613.62,1
29,44139.56,12985.77,0.2989,12456.57,12,0,90.91,6.7,6,1152.57,2,4.0,582.08,1
58,41061.17,18822.49,0.6008,8085.92,60,0,80.64,3.9,9,1743.26,1,21.7,20023.67,1
61,53508.15,15349.22,0.7705,38835.17,48,1,95.46,3.8,9,2731.88,1,20.6,2989.96,1
43,61871.95,13937.55,0.3506,16754.81,60,0,91.32,18.4,4,3542.67,0,8.6,4340.43,1
64,26272.95,12148.67,0.5248,12314.83,24,1,65.8,0.1,6,1233.16,1,8.0,11334.79,1
51,66002.57,15620.79,0.1537,17126.92,48,0,65.44,1.6,1,1738.73,2,6.4,10874.3,1
40,38994.13,16776.35,0.0332,28490.56,60,0,60.97,3.4,9,1909.55,2,12.7,12183.04,1
48,54641.44,7086.86,0.9717,26637.65,60,1,74.76,0.6,1,2694.08,1,13.4,914.88,1
67,54291.6,12204.23,0.3037,14248.21,12,0,62.18,2.2,2,2329.34,0,31.9,9160.75,1
37,44458.68,6558.51,0.2833,16004.14,60,0,78.0,2.3,1,1671.37,0,14.2,6548.85,1
29,34526.81,14681.24,0.9638,5445.3,24,0,69.65,15.9,5,1369.17,1,6.3,16365.05,1
40,49286.27,10261.34,0.7237,21387.23,24,0,79.93,2.9,4,2785.02,4,16.2,1670.98,1
21,87506.61,21166.27,0.5836,32823.17,60,0,66.33,13.6,4,4776.11,4,0.4,12151.88,1
40,27766.5,20381.82,0.6953,14182.23,48,0,81.97,8.3,2,957.15,3,10.5,14411.43,1
65,88846.26,7618.01,0.7057,26358.13,12,0,98.66,6.7,2,2440.52,1,13.5,30802.3475,1
65,49805.58,14981.54,0.7581,14178.87,48,0,85.49,2.0,6,2481.95,4,11.2,9496.92,1
18,55707.43,20108.13,0.0758,9043.51,60,0,82.58,3.4,9,2382.42,2,0.0,2990.65,1
42,33265.78,13597.53,0.4146,26802.8,24,0,91.52,0.2,9,1541.6,4,16.2,18764.42,1
19,39574.61,9174.26,0.2992,43476.49,36,0,60.22,2.4,8,2234.47,1,0.5,15920.26,1
47,44941.81,6260.77,0.0792,25434.24,12,1,71.3,10.2,9,2536.04,2,18.7,369.0,1
20,34086.1,21834.14,0.4143,15861.44,48,0,99.48,7.6,4,1795.43,3,0.9,14160.19,1
38,50821.64,22221.71,0.6139,16506.34,24,0,91.3,8.3,3,1719.36,3,5.7,11723.32,1
42,46859.68,13336.42,0.1849,39091.85,48,0,63.61,1.3,1,2423.2,2,10.3,2748.93,1
37,92015.62,21129.1,0.3089,23069.8,60,1,73.06,1.2,6,4898.7,1,4.8,8910.02,1
66,31680.52,0.0,0.6364,12340.84,48,0,77.59,5.4,6,792.95,2,38.1,7469.44,1
69,57053.81,25620.44,0.5777,19377.75,12,0,97.38,5.3,2,2203.34,1,32.7,3089.65,1
39,59956.93,13744.44,0.8614,22151.4,36,0,83.45,1.1,1,2124.48,2,3.0,6240.35,1
38,33593.59,16134.21,0.7854,24692.14,36,0,63.09,6.4,2,1784.87,0,16.0,2154.03,0
50,68736.55,12435.86,0.9563,35120.39,60,0,80.36,2.4,3,1965.4,3,6.6,1728.76,1
69,47033.46,26165.66,0.5952,32758.98,12,0,71.58,10.9,2,2151.25,4,28.6,28037.2,1
55,12000.0,6514.15,0.6945,21982.39,36,0,73.55,2.3,3,503.67,2,13.5,8530.62,1
32,54915.35,26795.68,0.8533,19585.05,24,0,64.57,1.3,4,3807.83,3,6.7,16667.61,1
63,32661.18,18170.17,0.8332,23959.86,48,1,78.35,1.1,5,1332.85,3,27.0,4132.13,0
69,34044.5,19981.31,0.7143,13917.67,60,1,86.78,11.4,8,938.37,2,15.9,4134.41,1
32,68758.04,12366.36,0.5003,29800.09,24,0,90.38,9.8,6,3757.28,4,2.4,6936.61,1
63,48056.77,4534.25,0.2777,17965.28,60,0,87.82,2.8,1,2164.45,4,25.2,19354.73,1
42,73355.44,22444.09,0.8697,24909.01,12,1,86.42,1.4,6,3468.03,2,2.8,29772.01,1
38,79203.32,17491.27,0.7711,37132.54,60,0,94.77,1.7,2,3881.07,2,5.1,489.39,1
41,42101.43,25892.99,0.8311,25528.06,36,0,73.29,2.4,6,2214.25,0,2.4,6298.84,0
22,70865.25,13449.79,0.148,22307.03,12,0,68.58,0.2,6,3516.7,3,2.5,20839.97,1
23,39890.78,11646.15,0.3185,14826.13,60,0,63.58,0.3,1,1339.36,1,3.6,7930.88,1
66,99662.32,26104.71,0.4264,19219.26,24,0,66.63,13.1,4,4929.34625,1,15.7,5990.33,1
60,41140.86,30295.15,0.8316,8639.49,12,0,65.98,7.3,3,1227.89,4,13.5,1639.59,0
65,75521.75,15074.78,0.885,25332.0,12,0,96.5,8.4,8,2931.2,1,7.9,5858.27,1
61,71875.8,8977.94,0.2892,2000.0,60,0,67.22,3.3,4,3072.53,2,5.6,13457.46,1
64,61321.76,21484.25,0.6827,29684.07,60,0,63.76,2.3,7,1643.04,1,12.2,11352.31,1
40,41589.14,12967.84,0.0863,27316.84,12,1,76.01,0.5,3,1212.56,4,15.4,5779.22,1
21,51972.05,19794.1,0.4114,20981.82,48,0,66.78,4.1,7,1626.57,4,1.6,14568.17,1
44,12000.0,12925.79,0.4869,14669.83,48,0,65.22,6.8,2,648.08,3,2.8,9011.98,1
35,59488.4,27512.11,0.7603,19837.4,36,0,74.5,1.1,5,2679.78,0,9.0,3210.39,1
38,61992.31,9404.08,0.8841,2259.7,12,0,96.78,2.5,5,1757.97,0,2.7,1492.15,1
45,57669.99,18844.24,0.3405,28238.01,48,0,61.22,13.1,4,2850.5,2,10.6,11000.62,1
52,12000.0,11090.38,0.5272,18361.75,24,0,68.31,9.3,4,482.52,4,25.6,1927.0,1
39,29687.27,12747.95,0.6445,35152.31,12,0,92.97,8.0,6,899.66,1,11.3,2376.17,1
57,40038.18,11703.55,0.3321,23919.9,48,0,69.81,0.2,2,1750.34,3,20.6,3265.21,1
40,60833.18,20908.86,0.9758,22314.34,60,0,77.64,0.9,3,2300.83,1,12.6,29659.32,1
20,60786.78,22346.9,0.8683,24009.48,24,1,63.94,1.8,7,2833.42,3,0.4,11393.83,0
57,51595.52,19461.91,0.3005,10244.89,36,0,91.81,1.8,5,2975.89,4,6.4,26217.94,1
67,67704.91,14136.13,0.5078,15490.06,48,0,89.46,0.7,4,3334.66,0,17.7,2809.05,1
27,34475.15,16121.44,0.2362,21329.49,60,1,65.12,1.7,9,1450.82,1,2.1,9567.7,1
42,67204.7,22181.77,0.5142,16974.36,24,0,97.92,2.8,8,3052.61,0,2.8,11186.94,1
69,64494.84,22434.49,0.6797,14234.88,24,1,83.62,0.3,9,3276.05,4,17.2,30074.73,1
66,62551.09,0.0,0.0938,17176.04,36,0,91.93,2.6,8,2043.28,4,21.5,6290.21,1
25,51359.19,12822.22,0.8627,20441.3,60,0,90.55,3.4,2,1515.57,1,0.9,10295.79,1
28,91614.88,13205.93,0.5919,43187.42,48,0,80.76,0.2,4,4049.29,4,7.8,21004.32,1
22,64863.91,20354.02,0.9798,16746.09,12,1,89.9,5.6,3,3233.67,2,2.5,1528.36,1
62,35633.28,14465.83,0.0351,13225.71,24,0,69.51,0.4,1,1392.46,1,27.1,24163.26,1
54,59966.11,20753.47,0.8249,18472.71,48,1,60.85,5.2,4,1886.52,0,25.8,3981.02,0
62,70049.67,6370.71,0.7861,35015.95,12,0,73.68,25.6,7,3241.16,2,22.6,5607.69,1
55,43237.83,17080.44,0.1402,35730.92,48,0,66.1,0.3,5,2056.34,3,15.0,7023.31,1
46,76785.44,22201.65,0.3386,39490.98,48,0,99.24,1.6,5,3938.22,0,12.3,12640.1,1
22,62640.67,3204.94,0.8771,20609.76,24,0,96.95,0.7,6,2790.13,2,1.0,1714.07,1
26,12000.0,35109.15,0.5181,26415.92,24,1,65.77,2.3,3,446.37,3,2.9,11563.48,0
65,60993.44,24527.09,0.4033,9499.76,48,0,73.76,9.0,2,1970.33,2,30.9,1000.92,1
19,46879.42,15010.83,0.8974,16465.59,48,2,80.37,13.3,7,1238.39,0,0.5,4828.76,0
18,65743.6,8372.74,0.1015,8849.15,36,0,75.95,9.2,9,2521.98,2,0.0,9637.06,1
57,73884.3,13599.32,0.4737,24732.59,12,1,88.0,5.9,9,3743.93,1,27.4,1513.97,1
68,58903.24,15670.42,0.6493,20384.13,60,0,80.14,6.3,3,2950.82,2,27.8,11019.59,1
47,88305.04,18525.3,0.6064,22261.9,60,0,82.61,0.6,1,4929.34625,4,15.1,30802.3475,1
28,51425.86,27005.29,0.269,11537.89,36,0,87.11,1.4,2,1316.64,4,7.8,30802.3475,1
45,67496.36,11191.21,0.562,28506.87,48,0,60.95,2.3,8,2084.79,1,20.2,8816.7,1
61,71098.85,19501.68,0.7044,2000.0,48,0,60.5,0.3,5,3344.56,3,8.7,7314.3,1
29,53053.08,4660.57,0.5832,17479.72,36,0,67.12,8.6,9,2284.44,4,6.8,5717.12,1
56,70575.49,11691.19,0.6808,18933.55,60,0,88.73,1.5,3,3453.74,4,27.8,6087.33,1
43,43106.54,18013.73,0.261,2000.0,24,0,69.62,0.3,1,1636.19,1,17.6,8383.41,1
30,46548.63,20530.1,0.8262,23841.28,24,0,96.81,0.4,3,1711.05,3,8.7,5705.07,1
25,28750.23,8974.14,0.4507,18267.36,48,1,63.14,17.4,4,1388.43,0,4.7,5557.81,1
45,59828.18,11473.67,0.9775,25611.17,12,1,83.2,12.2,6,2310.68,4,21.4,3401.38,1
47,61505.03,26684.45,0.0328,39998.29,60,0,61.02,15.9,1,2068.87,4,8.4,11325.59,1
26,78585.26,24295.27,0.3827,23246.24,12,0,98.88,15.7,1,2754.7,4,1.7,20642.47,1
56,70822.8,16667.66,0.1869,29726.61,48,1,68.55,8.0,1,2288.8,0,5.8,343.14,1
48,49304.09,0.0,0.5545,33809.53,60,2,83.51,1.6,6,1251.01,3,20.3,30802.3475,1
38,31436.41,35089.06,0.2483,24920.27,24,1,98.12,2.0,5,1511.0,0,8.3,12886.93,1
64,63657.01,14840.55,0.7327,11341.24,24,0,61.21,2.6,8,3150.59,2,12.9,95.43,1
51,77215.06,12499.46,0.8742,3598.33,12,0,80.51,7.7,8,3968.3,0,18.9,1052.7,1
48,70103.7,10821.12,0.2167,23743.78,60,0,81.07,13.1,8,2171.62,0,3.0,27088.8,1
69,76689.55,18010.94,0.1675,15997.42,48,0,74.06,2.9,4,4253.66,3,12.1,11115.94,1
42,50762.21,18092.66,0.8679,32836.01,36,0,86.18,1.8,4,1829.57,1,8.8,624.97,1
29,45667.62,22605.02,0.364,15248.77,36,0,81.7,1.4,3,2503.32,0,2.7,4117.74,1
18,40261.97,7591.5,0.4359,19856.93,36,0,69.97,1.5,6,1371.97,4,0.0,21557.64,1
39,53882.07,12500.04,0.2266,8409.89,48,0,88.21,0.0,8,1422.7,2,4.5,19360.74,1
57,53428.18,31244.37,0.4268,16561.67,36,0,78.65,1.3,7,2258.48,2,4.0,2115.56,1
54,59133.55,16796.73,0.2367,10571.65,12,0,78.81,1.7,5,2523.59,4,16.1,5503.85,1
64,52414.05,13619.81,0.6626,11484.73,24,0,98.08,7.5,4,2884.4,3,6.9,13966.07,1
18,52327.45,7467.06,0.4989,19471.86,36,3,81.4,4.0,3,2476.89,0,0.0,11599.56,1
18,39466.12,19047.47,0.7823,13930.82,24,0,91.39,2.0,3,2073.71,3,0.0,1049.81,1
59,73832.38,23248.15,0.3165,46292.38,12,0,94.7,4.5,8,3945.21,3,26.1,9047.32,1
59,56530.36,21996.7,0.5055,28358.94,60,1,83.23,7.8,4,2332.48,0,5.9,256.2,1
38,51511.12,12929.59,0.2643,30846.4,60,0,91.45,4.7,1,2847.33,4,15.6,4485.35,1
32,40051.41,17890.02,0.9258,18891.07,48,0,72.38,0.4,5,1967.49,0,4.9,7292.11,1
34,28361.74,28373.28,0.5215,21057.52,24,0,67.28,1.4,2,812.36,1,5.0,439.33,0
39,81159.28,23567.06,0.18,15704.07,48,0,87.82,1.7,3,2703.35,3,6.6,18594.91,1
55,66092.77,8726.7,0.2773,46243.81,36,0,97.05,2.3,5,1878.61,3,10.0,5332.33,1
52,22521.64,0.0,0.0912,18911.36,48,0,61.7,0.1,4,1001.14,3,7.6,5201.82,1
62,70262.85,17374.18,0.0373,13962.49,12,0,90.52,6.8,3,2279.47,2,29.9,1163.07,1
33,73449.62,21388.55,0.5254,12459.96,48,0,61.14,3.2,2,4143.29,4,6.3,6443.65,1
25,57487.52,6286.2,0.3404,23353.5,36,0,78.34,11.3,8,3149.1,4,1.2,907.6,1
64,86962.22,14929.68,0.9545,34210.22,36,0,87.09,3.6,7,4478.89,3,31.0,1644.3,1
34,59334.39,12890.41,0.1779,30869.6,12,1,76.21,22.2,9,3218.89,2,11.2,18012.44,1
34,26663.53,15834.29,0.788,12436.75,24,0,72.04,6.0,1,1415.45,3,11.9,11475.34,1
43,62303.38,10642.43,0.3197,12190.57,60,0,67.47,10.9,1,1921.76,3,3.3,9068.5,1
30,59897.95,25324.09,0.2291,32462.69,12,0,99.11,18.1,4,1679.55,0,5.2,7079.94,1
34,42934.06,16183.75,0.9602,41013.81,60,1,82.81,3.2,4,2072.72,3,8.4,6402.7,0
55,66471.18,7967.86,0.7965,18549.97,12,0,65.11,5.0,8,2420.03,0,25.5,30231.69,1
34,21646.69,22339.7,0.628,32066.23,12,0,61.93,12.3,4,992.94,3,8.5,30802.3475,0
65,74811.34,4886.5,0.6932,5339.12,48,1,69.74,4.3,6,3451.62,0,19.8,4863.13,1
31,37437.57,25275.96,0.9816,11564.75,48,1,81.55,0.3,5,2006.45,2,8.2,137.75,0
62,35301.08,22928.48,0.5913,9904.02,48,0,90.08,6.0,6,1072.79,0,18.7,24092.59,1
23,52723.5,26118.2,0.1099,24122.14,12,0,99.24,13.7,5,2873.59,1,1.5,3860.22,1
52,63659.46,13734.03,0.0736,18210.24,48,0,93.36,7.6,8,2280.22,2,17.3,25736.99,1
63,58278.48,11031.09,0.6633,22380.93,12,1,84.48,7.8,3,3187.43,4,20.6,7616.61,1
31,40146.82,15672.17,0.6544,32191.16,48,0,86.66,0.4,4,1276.15,0,5.7,30802.3475,1
64,44878.21,14324.51,0.7432,13468.34,60,0,80.88,6.7,3,1361.45,0,10.8,7186.73,1
25,32339.15,9778.11,0.1166,20939.93,24,0,77.38,0.2,3,1472.26,0,4.8,5635.61,1
32,50506.4,10571.01,0.936,6620.68,48,2,91.39,13.3,2,2784.36,4,2.0,25546.66,1
44,76500.42,12069.02,0.5501,31637.86,36,0,67.09,12.3,6,3153.93,4,3.6,12716.85,1
30,54914.74,5639.97,0.6466,30964.14,24,0,73.36,19.6,1,1523.82,3,2.4,18454.44,1
66,72188.29,20423.71,0.0442,23618.88,36,0,99.15,1.8,3,3898.86,2,8.6,786.85,1
48,84108.03,14581.62,0.9518,21199.36,24,0,82.87,3.9,3,3497.61,1,21.5,9501.1,1
52,43239.63,12532.97,0.5613,14908.52,48,1,79.94,4.3,1,1809.34,3,22.2,11021.72,1
23,51268.53,6117.17,0.5621,6044.51,60,0,94.03,4.1,1,1650.87,3,1.5,1428.26,1
22,98423.86,5717.02,0.9347,23055.42,48,1,90.48,2.7,6,3112.15,2,1.1,3567.59,1
39,83886.87,30487.31,0.9208,27562.01,12,0,73.04,21.7,9,3802.47,0,8.1,22194.19,1
66,21551.91,9981.94,0.2259,40193.72,36,1,85.04,10.9,3,848.16,4,22.3,2606.37,1
40,62742.97,19884.23,0.9225,16064.5,24,0,67.42,4.7,9,1877.69,3,7.3,15088.46,1
42,55011.2,16301.08,0.7319,22701.82,60,1,62.12,5.2,7,3167.27,3,17.6,255.86,1
51,71529.06,0.0,0.0285,31144.04,36,2,99.59,6.3,3,1899.66,2,4.4,2001.21,1
43,40100.42,29339.61,0.245,31445.33,60,0,89.49,4.6,1,1060.52,3,19.3,529.28,1
64,54915.35,20472.67,0.4147,13775.29,36,2,97.23,6.1,5,2201.55,4,22.9,5225.88,1
22,41478.59,8858.64,0.5812,17208.41,48,1,93.28,8.5,2,1343.1,3,3.0,2269.24,1
43,43561.43,14773.07,0.6973,14748.49,12,0,77.12,19.1,2,1109.47,3,14.7,3014.16,1
37,71306.48,5806.53,0.216,10981.55,36,0,94.46,3.4,5,2727.52,1,3.9,7052.53,1
23,31375.98,29609.76,0.83,34716.69,60,0,91.47,0.7,5,1013.05,4,2.9,7304.94,0
23,42547.72,7738.74,0.8388,20627.14,48,0,70.33,4.0,7,2206.55,4,3.9,2393.72,1
67,19219.75,10815.33,0.6323,19257.55,24,0,84.92,5.0,6,642.88,1,22.0,19029.7,1
35,54915.35,9163.51,0.9127,22477.08,24,0,72.2,1.5,3,3925.38,1,12.1,4088.06,1
21,80420.6,15643.04,0.8067,20537.62,48,0,69.36,3.2,3,3433.38,0,2.4,4760.39,1
34,48458.53,25962.53,0.2272,17790.23,24,1,63.27,13.5,5,2511.83,2,5.4,22650.04,1
31,49041.01,29315.0,0.7927,12384.43,60,0,81.73,1.5,2,2229.6,4,5.1,5628.48,1
31,64064.44,11808.03,0.9441,35652.8,12,1,75.7,1.9,3,3215.62,4,3.8,2433.21,1
30,84489.64,18026.07,0.1449,14297.28,48,0,63.52,11.9,1,3404.96,1,9.0,898.24,1
24,63172.21,15655.24,0.9691,10694.88,12,0,88.73,0.5,1,2466.04,3,3.2,10968.15,1
61,41049.16,7147.13,0.0345,19194.44,12,1,88.92,10.6,9,1647.89,0,27.1,2128.63,1
32,22623.55,34380.44,0.5217,41575.15,48,0,69.41,1.8,3,1126.09,4,3.4,15931.03,0
36,32697.47,25902.08,0.7684,11784.27,36,1,98.24,3.5,5,1299.57,1,7.2,22389.96,1
60,56464.39,16512.93,0.7846,27096.15,60,0,91.11,5.1,3,1960.86,0,22.9,7106.95,1
64,41893.45,27655.01,0.73,17536.68,48,0,92.21,5.2,3,2179.33,4,28.3,8772.51,1
61,58899.35,24696.85,0.5288,22448.07,60,0,60.15,19.6,9,2286.91,3,24.1,777.75,1
52,43941.52,15654.89,0.6479,29221.81,12,0,99.14,0.2,7,1753.35,2,20.3,10761.04,1
34,33837.07,17607.71,0.6959,2803.11,12,0,99.61,6.1,1,938.73,2,8.5,24451.97,1
52,31459.37,27097.01,0.4946,11036.59,36,0,80.29,9.3,2,1170.79,3,8.0,7.77,1
36,86247.09,7430.77,0.5938,29080.13,12,0,99.4,4.4,7,4520.92,2,8.7,2432.49,1
37,72779.75,28389.53,0.8394,20974.51,48,1,84.49,18.6,1,3439.67,4,13.8,4004.83,1
53,54915.35,13199.1,0.3166,22118.75,60,0,65.36,2.7,1,2633.71,2,6.5,17050.75,1
52,65799.02,27197.41,0.5227,27113.84,36,0,92.57,6.9,6,2673.8,2,9.0,1140.17,1
49,46400.17,14958.19,0.0183,11103.99,48,0,82.32,5.8,2,2591.41,1,12.7,5833.14,1
65,81466.82,17700.85,0.6837,30550.73,60,0,73.69,0.2,9,2664.16,4,7.1,2053.39,1
61,54338.64,14725.53,0.2015,28197.84,60,0,69.45,4.0,7,2852.96,4,15.7,24366.71,1
57,59416.84,10745.25,0.4814,22383.17,24,0,80.76,1.5,7,2602.89,3,15.3,2349.25,1
41,54143.51,12839.56,0.216,24681.32,24,0,87.67,3.8,5,1997.59,2,15.5,3733.02,1
34,12000.0,26032.89,0.0331,31649.74,48,0,95.08,10.8,5,688.61,0,12.6,8038.5,1
24,87094.7,0.0,0.4836,14061.61,36,0,83.95,5.0,3,4270.83,4,1.4,841.83,1
60,64820.08,5088.27,0.4263,26613.57,60,0,76.61,4.5,8,2306.03,4,10.3,5580.9,1
67,61596.46,9196.23,0.4266,37443.57,60,0,85.29,5.6,4,1939.91,0,36.2,3760.97,1
18,53764.48,6373.24,0.2146,26406.26,48,0,79.88,3.8,2,2918.27,4,0.0,20336.51,1
52,58268.56,27079.84,0.9383,17776.07,36,0,86.08,3.0,1,2605.46,3,26.3,15865.07,1
49,43054.42,25061.42,0.0134,43182.06,12,0,84.36,2.3,4,1128.89,2,21.3,26120.64,1
53,67331.59,19736.25,0.8837,22308.15,36,0,99.15,6.0,2,2643.46,3,16.9,3263.3,1
30,28858.03,9897.57,0.7322,33985.92,12,0,84.89,7.5,6,1148.25,2,6.0,16855.9,1
23,58721.37,25680.41,0.1786,15784.69,60,1,87.64,2.8,7,2985.87,3,2.0,17228.31,1
31,66231.47,2294.96,0.4727,30678.02,24,0,95.7,0.2,8,2182.05,3,1.4,1230.45,1
54,51026.62,32135.86,0.9791,14535.75,24,0,96.52,3.9,1,2054.39,2,16.1,6937.18,1
65,62417.36,9522.96,0.6408,23233.84,48,0,65.64,4.3,9,1726.12,1,33.6,30802.3475,1
32,35173.31,12903.72,0.1348,13932.6,36,1,78.15,3.3,9,1024.37,4,2.5,17781.75,1
64,35683.46,11565.25,0.4585,39011.56,36,0,97.71,2.2,4,1836.47,4,11.3,10700.2,1
21,59734.34,6415.14,0.4688,17788.69,12,0,98.39,11.3,1,2536.11,2,0.7,7208.03,1
57,68570.99,30400.9,0.7962,8920.68,48,0,67.6,3.3,8,2596.6,0,4.2,12365.53,1
33,17502.69,21311.16,0.9078,20951.19,36,1,77.75,8.0,3,592.9,1,3.0,16130.73,0
45,54915.35,24723.76,0.0906,25370.95,48,0,71.15,5.1,1,3738.02,4,11.3,6810.46,1
33,44135.97,5210.65,0.3178,19733.99,12,0,91.63,7.7,3,1792.2,4,10.0,13530.4,1
21,51143.88,16447.5,0.3025,11866.8,60,0,94.09,10.5,2,2239.26,4,0.4,1683.06,1
62,28209.64,19168.23,0.9861,30373.17,48,0,78.77,1.4,7,1630.87,4,17.4,5009.05,0
43,37967.66,17166.05,0.558,32591.8,24,1,87.03,8.8,6,1902.05,1,17.3,578.32,1
45,74322.51,5717.01,0.8722,3520.43,60,1,94.8,6.4,9,2793.88,3,20.2,14538.88,1
49,55657.27,23604.0,0.4275,11229.73,36,0,88.38,4.1,2,2423.83,2,4.8,2375.8,1
62,47344.43,15972.4,0.7183,18405.72,12,1,66.26,3.9,8,1807.38,3,24.8,1804.16,1
19,52670.23,7360.29,0.2909,14690.74,12,0,88.48,1.9,3,2288.93,2,0.6,5758.15,1
48,64784.24,158.0,0.9036,25259.55,24,0,66.36,3.9,5,3016.43,0,23.3,7653.6,1
20,63809.89,19853.33,0.456,38394.77,48,0,86.15,2.4,9,3669.8,3,0.2,1813.74,1
25,53499.46,34603.65,0.7977,16190.86,24,0,73.34,11.0,9,2642.25,1,4.6,4506.79,1
41,76859.18,6877.97,0.2607,35767.22,48,0,62.26,4.4,1,3707.48,0,12.2,8667.09,1
32,54915.35,16363.58,0.6897,5316.67,24,0,69.06,1.8,2,2100.15,0,2.1,958.49,1
60,63267.44,23883.98,0.4071,24558.15,24,0,78.74,0.8,6,2255.1,4,14.2,3816.3,1
48,56092.24,4842.78,0.0408,14052.89,12,0,99.76,5.9,1,1927.17,4,14.5,3027.98,1
26,68146.42,11160.35,0.4147,24773.9,48,1,70.23,5.5,2,1932.18,4,1.1,12758.19,1
56,61285.35,8118.73,0.549,2431.9,24,0,99.15,2.2,8,3313.16,2,22.6,1812.66,1
62,76216.0,22877.41,0.1587,7146.1,36,1,74.57,0.9,6,3971.45,4,31.3,6810.74,1
19,72991.23,25604.18,0.1902,24753.13,12,0,98.4,6.3,1,3747.42,3,0.5,3962.62,1
25,34634.92,16272.29,0.4656,13699.99,12,0,98.24,1.6,3,1069.72,0,4.0,12813.59,1
24,33280.74,8266.13,0.3459,16768.82,12,0,65.72,9.9,6,1497.31,3,3.2,30802.3475,1
61,40975.01,11457.67,0.4419,38362.85,12,0,93.15,6.5,1,1744.66,2,6.0,20025.37,1
68,74522.77,9956.01,0.4616,21375.71,24,0,80.69,11.1,7,3384.68,2,16.2,7274.01,1
56,23473.82,7181.85,0.1473,29015.17,24,0,87.45,20.9,6,1202.85,4,26.2,19386.77,1
59,62895.15,14183.69,0.1876,12407.28,12,0,91.04,2.1,6,1769.27,0,26.6,12369.67,1
33,62250.86,19598.61,0.8412,6587.96,24,0,64.98,3.5,8,1952.83,2,5.1,2125.15,1
52,78252.96,18922.06,0.1695,19192.65,24,0,91.96,2.6,1,2689.98,1,15.8,11760.06,1
47,58606.77,14934.14,0.6626,5095.31,48,0,72.11,0.4,1,2384.49,0,21.8,8786.78,1
27,28135.81,15456.43,0.4202,13014.1,36,0,89.29,2.6,7,1252.72,2,7.1,2281.08,1
55,35812.9,14347.59,0.9589,22377.54,48,0,82.95,2.9,1,1259.65,2,24.5,30802.3475,1
35,31360.09,4622.31,0.0748,18887.39,60,0,87.39,1.0,9,898.71,3,5.0,16906.1,1
67,44241.12,16281.08,0.8238,23345.19,48,0,84.92,10.7,6,1854.11,4,8.3,14646.53,1
22,51341.97,10331.0,0.4916,26003.18,36,0,92.42,1.7,2,1385.31,1,2.9,30802.3475,1
46,31691.17,4221.25,0.0152,8042.75,36,0,95.78,7.1,6,1176.43,3,15.8,30802.3475,1
56,84413.24,17965.64,0.2684,10580.66,48,0,77.96,0.4,6,2234.55,4,26.0,6473.8,1
51,28494.37,10106.16,0.4095,2000.0,48,0,75.69,3.4,2,920.18,0,5.1,7049.31,1
60,81922.07,16822.03,0.3179,16294.77,60,0,69.69,27.0,6,2348.84,1,20.8,18915.98,1
62,78703.26,21781.1,0.3652,27367.56,12,0,92.55,0.7,5,3138.57,2,31.3,10034.45,1
40,72966.05,7398.09,0.9083,34912.77,36,0,98.68,7.3,7,2396.61,1,3.1,820.14,1
22,41124.67,15736.97,0.3637,21904.82,12,0,67.81,4.6,9,1103.12,0,3.0,11747.15,1
47,61849.02,516.62,0.4205,33732.29,60,0,78.31,3.0,9,2160.9,2,16.3,6404.71,1
23,29452.58,27260.26,0.7559,23838.27,24,0,90.81,0.2,8,1612.7,1,1.8,610.83,1
63,73218.14,4127.47,0.788,21074.49,24,0,85.44,2.0,3,3886.41,3,25.8,24540.01,1
61,53520.3,10881.44,0.0924,13887.09,12,0,92.6,11.5,5,2912.98,1,25.8,2657.5,1
21,46813.6,25707.04,0.7,2000.0,48,0,60.65,11.8,3,1781.41,2,1.6,30470.64,1
46,30525.1,13123.82,0.4829,32231.89,36,0,96.45,4.6,7,1657.33,3,17.0,6975.77,1
40,12000.0,5420.82,0.1412,19467.75,12,0,62.45,4.3,1,680.6,3,4.3,10348.59,1
23,34229.18,20704.59,0.2694,33882.97,48,0,77.82,2.8,1,1948.83,3,2.4,3055.44,1
49,77255.96,20524.26,0.0541,10503.67,60,0,71.03,7.5,5,2251.3,0,10.0,30802.3475,1
59,46943.33,9934.51,0.363,44288.2,48,0,97.13,10.7,5,2462.22,1,7.8,479.95,1
35,51613.42,10800.59,0.2603,17512.13,60,1,71.01,6.5,7,1869.3,0,10.1,19808.97,1
32,68111.09,11516.73,0.3845,13078.11,12,0,74.93,3.7,9,2723.88,4,7.3,692.64,1
57,91113.38,13343.81,0.5787,17854.78,24,0,95.53,5.0,7,4268.93,3,31.2,23770.99,1
49,81500.09,0.0,0.7277,21704.56,36,1,81.5,1.2,7,4095.79,2,21.3,23936.22,1
26,54915.35,13548.61,0.6032,19300.98,12,1,95.93,23.7,9,1955.2,3,3.1,4586.56,1
54,16148.59,29271.31,0.6748,14846.7,24,0,86.44,13.7,8,919.29,2,23.2,9161.71,1
27,102192.29,7832.24,0.8583,2000.0,60,0,63.17,15.7,1,4929.34625,4,2.1,19246.82,1
37,100379.83,10332.05,0.8663,11956.72,36,0,77.39,0.9,5,3313.33,1,8.2,3807.83,1
23,58769.07,5531.06,0.8535,30744.36,48,0,67.06,5.3,2,2465.17,4,1.9,1388.57,1
65,29590.24,19897.3,0.1601,11202.77,12,0,62.61,5.3,3,1080.72,2,24.8,24784.05,1
20,74264.53,24625.58,0.256,2830.51,48,0,74.95,2.2,2,3998.12,0,1.3,771.94,1
59,52840.33,24442.54,0.5023,9445.0,36,0,96.34,10.0,4,2193.39,3,17.4,1412.91,1
28,52740.38,5015.92,0.3616,19113.54,12,1,64.71,7.6,1,2824.33,2,7.1,1951.73,1
60,72889.18,18998.33,0.139,12407.79,12,0,60.27,6.4,6,4189.29,0,26.3,9624.55,1
34,61687.49,26470.0,0.292,17201.63,48,0,97.4,0.1,8,2133.63,4,4.6,3836.34,1
49,31283.7,19077.3,0.9659,12015.47,48,0,81.2,23.3,7,812.57,2,14.7,8152.35,1
21,48505.16,18827.28,0.35,30097.44,24,0,82.34,6.3,1,1559.15,4,2.1,15116.3,1
21,68223.06,11226.86,0.4205,24908.5,48,1,97.14,17.4,5,3160.42,3,1.9,9268.87,1
34,65205.04,16760.88,0.0163,42179.6,60,0,88.01,0.5,1,3388.69,3,10.8,24158.31,1
58,60240.33,24890.55,0.715,16182.79,24,0,93.07,5.9,9,3008.82,0,11.2,1058.69,1
36,73668.46,17625.67,0.4153,17151.21,48,0,90.82,6.8,8,3813.48,0,11.6,25886.54,1
22,47765.66,5013.8,0.1111,31835.02,12,0,84.47,0.3,5,2666.31,3,1.5,6650.04,1
49,58573.4,11351.67,0.9592,23910.08,48,0,87.54,0.3,4,1902.43,1,23.9,591.3,1
39,12000.0,24674.24,0.7719,10584.93,36,0,82.43,7.2,4,320.02,3,8.9,21967.34,0
23,46007.0,17597.95,0.7216,25564.21,24,0,74.22,8.0,9,1653.75,2,3.6,1209.07,1
52,70278.06,15952.5,0.9487,23965.29,12,0,71.41,12.0,1,3757.05,4,19.2,11130.4,1
39,47192.11,10567.88,0.4093,2062.04,48,0,67.04,7.4,3,2324.72,3,15.8,3329.8,1
18,45675.45,24508.79,0.7142,13486.89,36,0,74.16,1.4,5,1192.16,2,0.0,1109.92,1
37,34170.94,28299.3,0.2121,21903.2,24,1,83.08,17.3,4,1030.45,2,5.1,18515.02,1
39,75067.32,25105.51,0.6932,34462.8,24,0,83.5,1.6,1,4203.04,2,11.7,5573.36,1
65,54915.35,26540.73,0.0238,26979.98,24,0,87.34,6.5,7,2740.32,4,13.1,9667.92,1
28,71508.29,12130.35,0.1338,14359.55,12,0,95.18,3.8,8,3313.46,2,7.0,12231.48,1
30,20475.72,10998.65,0.4268,12917.98,48,0,86.07,0.7,3,576.23,4,1.9,8039.95,1
59,54915.35,13749.24,0.0219,27977.33,12,1,66.84,13.1,7,2290.53,0,11.0,15108.47,1
20,49397.78,15308.59,0.4627,2000.0,60,0,61.03,4.4,3,2628.19,0,1.3,6933.78,1
26,49388.57,26448.16,0.5223,11924.19,48,0,67.87,0.5,2,2720.38,3,3.1,5378.0,1
29,42679.45,24327.09,0.6192,34093.08,60,0,96.32,2.4,7,1707.99,4,2.3,13935.19,1
40,48077.91,19307.76,0.1084,22968.17,48,0,82.71,7.2,6,2142.47,0,17.5,2350.11,1
31,71992.9,3550.51,0.1874,12413.39,24,0,93.94,4.8,6,3551.16,2,5.5,28509.73,1
50,16742.97,1495.83,0.611,7979.17,12,0,69.37,1.3,7,641.25,0,13.9,3563.4,1
35,90545.9,16923.7,0.655,28397.35,60,0,88.4,4.2,9,3145.61,1,5.9,395.3,1
66,64676.82,22042.11,0.0354,20778.11,24,0,89.27,1.8,5,1808.83,2,7.0,7822.56,1
58,54153.36,14363.46,0.5396,17812.9,24,0,92.38,3.7,2,1706.6,4,10.8,3588.47,1
26,73136.68,30319.24,0.7793,23739.81,60,0,81.42,1.9,6,4224.08,1,2.4,1725.35,1
40,25963.31,6340.47,0.0777,21645.98,48,0,91.74,3.4,3,1403.03,0,11.0,15278.24,1
27,41705.98,5333.18,0.4149,20879.06,60,1,97.42,9.2,9,1524.26,4,6.8,8922.27,1
36,52578.49,9685.75,0.33,6758.13,12,0,98.3,1.2,7,2769.61,0,3.6,8978.16,1
64,82311.21,9381.62,0.9054,9735.75,36,1,65.02,0.0,5,4156.12,2,36.0,7254.73,1
22,54070.07,19210.29,0.1921,27482.8,48,0,84.97,0.8,4,3095.54,0,1.7,10360.51,1
64,64001.09,11626.31,0.322,25591.51,24,2,64.54,9.2,4,1684.11,0,23.4,25547.55,1
69,43208.42,2617.28,0.8905,23821.2,60,0,96.9,2.7,5,1914.14,4,6.3,4008.26,1
40,64736.84,22132.63,0.334,14134.87,36,0,98.22,6.7,6,3130.64,3,15.3,10090.74,1
47,88544.79,920.38,0.5307,27651.9,60,0,79.98,0.2,7,4661.66,2,20.5,15291.36,1
42,74910.53,6430.25,0.0424,16292.55,36,1,98.4,0.8,9,3877.06,0,15.1,2272.19,1
45,53370.88,2018.35,0.9752,33015.33,48,0,90.65,4.2,4,1826.45,4,5.4,13253.31,1
51,68509.82,16656.97,0.8184,12531.77,60,1,87.84,6.4,6,3319.43,2,12.6,4807.12,1
62,66550.34,16488.38,0.6317,14747.12,60,0,83.23,7.8,7,3459.94,3,33.8,18408.53,1
65,65131.75,30331.63,0.0695,18485.51,36,0,76.27,5.2,9,2748.31,1,18.6,3496.82,1
64,77239.07,22310.61,0.0834,28473.0,12,2,98.55,7.1,1,3220.98,2,15.8,11806.5,1
42,77089.55,26533.17,0.5441,19649.22,24,0,67.88,0.9,8,3060.9,1,3.8,7146.38,1
27,52456.83,17308.88,0.2894,20376.82,36,0,92.1,5.4,6,1674.78,1,1.4,13844.32,1
31,67837.58,7184.55,0.6203,16084.09,60,0,74.7,2.8,5,3580.67,2,5.2,16737.69,1
59,47338.1,16024.86,0.5962,22680.92,36,0,90.13,12.3,3,1975.97,4,19.6,1294.52,1
63,36538.55,19739.37,0.8319,19292.7,36,0,66.55,4.8,3,1077.46,3,30.5,3047.6,1
47,49610.12,20630.46,0.2857,12156.98,60,0,74.93,3.9,3,2752.09,1,21.3,2973.34,1
58,53474.44,11220.7,0.5763,21272.91,60,0,97.85,4.3,3,2842.73,4,15.2,463.15,1
42,21768.38,18910.29,0.7718,21508.09,12,0,82.29,8.9,6,850.99,0,16.6,30802.3475,1
31,72206.65,7535.78,0.491,43498.01,12,0,79.65,0.1,6,3686.85,3,6.2,8160.53,1
52,12000.0,6653.78,0.824,13889.74,12,2,90.08,9.8,4,366.48,2,26.5,2492.3,0
69,108025.5475,6073.72,0.1387,11606.24,60,1,76.68,0.1,9,4929.34625,2,38.3,8332.56,1
65,85037.58,15197.01,0.7292,22790.34,48,0,79.72,4.4,9,2367.46,0,28.2,17657.09,1
51,49779.83,5577.31,0.9341,10071.64,12,0,82.42,3.5,5,2707.57,3,7.7,1738.18,1
27,55188.53,11602.04,0.3352,9269.5,24,1,99.6,2.3,7,3215.46,1,6.7,10452.52,1
52,61059.44,22223.33,0.369,5631.01,48,0,92.21,0.7,5,2116.53,0,6.2,1618.25,1
28,43216.79,6766.96,0.0919,12254.26,12,0,61.59,0.7,4,2249.94,3,6.7,18993.57,1
28,58852.38,10965.5,0.6387,12501.12,24,1,91.34,6.8,3,3264.16,2,4.5,2739.13,1
38,52120.0,15573.05,0.5514,7167.38,60,1,80.12,0.6,9,2957.89,1,10.6,9294.65,1
38,53114.55,16975.1,0.0495,17497.16,24,2,69.23,5.8,2,2603.91,2,14.2,178.73,1
39,58629.22,11005.68,0.7472,2000.0,12,1,94.14,23.2,8,2677.53,1,13.8,11.69,1
62,54915.35,21294.88,0.8227,24917.66,36,0,70.82,5.7,4,818.37,3,6.2,11444.22,0
24,55791.39,19723.62,0.899,14432.06,36,1,72.82,0.4,8,2267.39,0,2.2,581.19,0
34,58268.95,24118.85,0.5448,15902.16,24,2,62.52,3.9,2,2222.56,1,12.5,2382.47,0
19,57576.99,14347.18,0.4535,25868.75,60,1,99.1,9.0,7,1481.55,3,0.3,28002.23,1
29,50683.38,10897.45,0.8686,23717.44,48,0,91.82,15.5,3,1749.48,0,7.3,10378.16,1
59,77757.16,9538.94,0.4007,13700.94,36,1,65.92,6.5,5,3870.47,2,25.0,3036.85,1
35,47926.95,17456.22,0.6523,24517.91,48,1,79.58,1.9,4,1684.2,4,13.1,11130.93,1
28,59546.52,11982.75,0.6131,35488.95,60,0,73.47,1.4,2,1555.26,3,7.6,30802.3475,1
33,80945.95,10446.64,0.3747,9878.16,36,0,61.3,7.7,8,4102.25,0,6.3,5726.3,1
66,53412.48,11413.7,0.0952,27537.75,60,0,97.09,7.1,8,2774.56,3,12.5,7132.26,1
68,59289.27,9530.48,0.031,8868.94,12,0,93.58,3.3,7,1535.95,3,15.5,7644.34,1
35,53072.31,16592.17,0.4297,31754.26,48,0,99.48,0.5,6,2805.73,4,5.2,1751.52,1
52,79747.4,3699.33,0.4816,12880.73,12,0,69.7,5.6,8,4112.02,4,18.4,7627.75,1
43,49845.51,17424.13,0.8162,12498.78,60,0,87.98,4.5,7,2277.89,4,8.9,9943.3,1
33,80667.09,20412.39,0.4161,31492.1,60,0,64.73,0.1,9,2136.34,4,10.6,6728.05,1
23,52928.24,10352.97,0.2855,27215.75,24,1,77.26,5.1,8,2988.67,2,1.6,6178.01,1
61,37810.81,30376.3,0.4629,13209.07,24,0,93.87,0.7,6,1071.64,4,34.1,2484.47,1
60,54915.35,15140.97,0.2432,21273.69,36,0,60.32,8.7,6,3359.39,4,23.7,8700.78,1
64,48906.64,2509.26,0.0995,12900.48,12,1,79.23,5.6,2,2467.92,0,16.1,7946.1,1
64,67410.02,12750.06,0.1208,4072.62,12,0,77.39,0.3,8,3813.36,1,23.5,26516.87,1
65,12000.0,15501.25,0.3228,21892.85,60,0,87.64,3.8,6,679.02,0,16.6,4574.04,1
59,55104.11,18591.74,0.0224,16435.78,24,1,69.52,8.2,2,1889.76,2,18.9,12069.88,1
29,45807.89,12940.56,0.2258,10541.66,48,1,66.93,8.9,2,1499.45,2,5.1,15296.26,1
30,33734.83,6907.44,0.7818,33047.15,60,0,86.03,0.4,2,1305.53,4,7.6,15699.58,1
21,43935.18,6240.16,0.2399,10879.8,12,0,85.65,0.4,2,2468.28,4,1.2,8334.97,1
56,43525.94,9771.21,0.1185,21439.79,12,1,90.07,7.5,3,2138.55,3,29.0,9796.19,1
19,54040.28,10537.8,0.9401,30799.12,60,0,69.88,1.3,6,2993.81,3,0.2,16164.98,1
43,27653.47,5920.21,0.62,17439.45,60,0,60.65,4.5,5,891.95,0,8.1,294.13,1
44,61325.48,9137.49,0.0688,12658.25,60,0,95.12,4.7,3,1672.16,0,16.2,2420.45,1
44,82324.3,20275.67,0.071,22977.48,12,1,68.25,5.0,7,2126.09,2,13.5,7444.58,1
32,60618.57,28187.3,0.6099,24557.0,48,0,76.72,2.1,4,1659.45,3,2.6,13095.01,1
25,71179.77,21043.69,0.5393,28765.61,12,0,78.74,0.2,2,3775.12,3,4.7,1989.06,1
24,76891.25,25446.89,0.077,38712.09,60,1,67.49,3.9,1,4157.6,4,3.4,20331.78,1
64,79729.79,22792.95,0.2298,15427.09,24,0,80.83,3.6,4,4430.68,1,23.4,7202.48,1
63,92402.77,21665.04,0.9205,21958.54,48,0,96.57,2.8,8,3568.37,2,32.1,4756.66,1
57,45015.96,12297.63,0.5706,7307.6,36,0,70.85,1.6,2,1824.51,3,26.7,1645.74,1
29,40630.32,16127.29,0.4415,26663.77,12,0,80.81,9.3,3,1273.76,3,3.5,8209.68,1
30,70669.31,11635.05,0.2552,21837.17,48,0,72.35,2.3,6,2805.88,1,5.8,15525.5,1
60,69165.32,13247.14,0.141,18213.11,48,1,99.23,0.7,3,2089.45,4,29.5,3754.84,1
34,70513.51,15545.34,0.4046,13819.39,60,0,68.82,7.1,9,3214.94,0,2.3,6860.73,1
34,92785.65,20708.53,0.9139,16515.73,48,2,64.37,5.1,3,2369.86,0,5.3,1946.1,1
53,55227.4,18386.59,0.0577,22363.33,12,0,65.7,1.8,3,2169.13,4,13.0,3009.15,1
38,63523.13,13705.37,0.9812,10338.3,24,0,74.68,0.8,7,3673.2,4,5.8,11753.11,1
25,35392.23,15444.31,0.2137,16928.8,48,0,82.11,2.9,3,2057.98,1,3.2,30802.3475,1
22,97706.42,18467.71,0.4106,20166.78,12,1,86.72,0.3,4,4929.34625,1,2.6,9479.42,1
43,48269.1,20339.16,0.0542,4603.8,60,1,82.5,1.3,4,1687.6,4,10.9,9982.26,1
33,48835.68,2848.04,0.5831,9487.03,48,0,96.22,16.6,7,1544.52,2,1.9,21273.07,1
53,48065.0,6380.89,0.4839,13399.95,36,0,74.41,0.8,9,1259.89,2,24.4,2004.73,1
45,42102.08,23858.48,0.6634,35682.32,36,0,88.49,1.6,6,1639.73,2,6.6,16805.55,1
46,40411.26,14513.04,0.5418,11692.75,24,1,70.73,0.7,8,1630.77,2,11.3,19559.86,1
64,44525.91,11607.39,0.4002,19442.08,60,0,87.27,12.2,7,1232.46,1,5.3,11829.52,1
29,27684.08,12892.0,0.733,9594.36,12,0,97.03,12.9,4,1492.95,3,4.5,359.5,1
54,39293.64,12890.36,0.0345,12235.97,48,0,99.14,0.3,5,1834.18,4,13.0,26028.46,1
47,93979.26,19463.5,0.5402,5589.92,12,0,89.19,11.4,5,3539.73,3,8.8,8988.91,1
40,69713.1,6135.87,0.1216,26703.02,36,0,97.7,0.8,2,3729.81,0,16.6,2506.6,1
33,73518.08,15198.22,0.4373,6744.54,60,0,87.22,2.5,8,2847.55,0,8.6,6670.2,1
31,78544.18,16968.94,0.7853,29070.11,12,2,98.53,4.4,1,4184.01,2,9.6,8398.48,1
27,91682.69,18170.14,0.1496,24678.97,48,1,95.92,3.1,6,3806.81,2,3.8,834.22,1
24,19571.55,16782.91,0.9271,19245.98,60,1,64.26,0.7,2,903.8,1,2.8,8988.63,0
62,30402.34,19127.25,0.8807,29400.26,48,0,78.96,7.8,6,870.53,3,33.6,9679.35,0
69,38925.53,10418.43,0.4166,47423.698749999996,48,0,73.9,5.8,4,1308.02,0,21.4,15873.66,1
54,45605.4,7465.58,0.0159,24775.26,60,2,61.08,14.2,8,2131.51,2,4.4,25563.62,1
46,48988.61,34656.04,0.7839,8799.39,60,0,78.68,3.4,8,1895.33,3,15.4,6201.51,1
20,46060.45,12589.88,0.8733,34890.18,48,0,65.93,2.8,6,1355.81,1,0.5,3278.42,1
32,59386.18,13524.36,0.1812,21861.11,36,0,61.46,2.2,3,1789.83,2,10.7,11376.37,1
53,55705.91,20422.72,0.9079,41111.23,48,0,77.8,0.3,2,2707.1,2,5.2,1614.97,1
64,40543.3,27768.71,0.9058,14939.5,60,1,69.3,0.3,7,1939.1,3,33.5,1039.33,0
63,12000.0,10643.78,0.4719,32819.44,24,0,97.41,7.2,6,588.38,2,9.1,15262.4,1
69,35142.63,7009.48,0.7921,19998.43,12,1,92.51,1.7,9,1723.74,2,14.3,19812.92,1
36,44015.23,5062.77,0.446,46567.28,48,0,98.25,3.3,1,2510.57,3,3.7,16810.1,1
30,50058.41,27744.85,0.5628,17183.99,12,2,95.26,19.3,3,2871.03,1,4.0,22002.12,1
59,32406.65,6695.14,0.3234,47423.698749999996,48,0,89.12,0.1,6,1278.91,1,7.2,3243.54,1
38,45183.87,14779.55,0.1663,24398.26,48,0,83.91,3.6,5,2300.06,4,7.2,9885.33,1
54,32380.25,7181.72,0.7416,28469.65,24,2,62.62,3.7,2,1605.5,0,11.4,9460.37,0
44,52483.61,3413.15,0.0114,37003.32,60,0,70.63,32.7,5,1615.2,3,16.1,453.73,1
69,33538.17,12661.0,0.578,12122.46,36,0,88.43,9.0,8,1712.15,2,26.9,258.71,1
46,38021.91,7497.71,0.8574,29690.97,60,0,76.05,0.3,9,2019.54,2,16.2,20856.68,1
37,28826.32,9466.97,0.2269,17072.47,12,0,73.01,0.9,9,756.9,2,8.4,178.57,1
42,51929.99,31048.84,0.3362,21511.19,12,0,64.16,0.2,6,2205.73,0,16.7,13091.96,1
23,37671.04,18399.17,0.5857,20830.61,48,0,62.81,1.1,9,1254.54,0,1.7,5612.25,1
53,73135.69,22451.76,0.2519,25724.11,60,0,68.4,1.2,5,4103.88,1,13.4,402.38,1
19,63117.01,21597.28,0.8405,25301.84,24,3,93.38,0.5,2,1754.98,3,0.2,19031.72,0
39,53602.96,14193.11,0.3693,14248.05,36,0,86.52,3.7,6,2517.17,1,16.8,4937.39,1
49,39050.29,11482.25,0.58,21248.54,60,1,73.64,18.4,9,1820.89,0,12.9,13295.28,1
33,62610.41,16991.48,0.2316,2000.0,48,1,62.44,8.1,9,1817.28,3,11.1,6950.44,1
35,68814.02,16347.61,0.0506,29901.74,12,0,67.53,1.1,1,3475.59,3,11.8,20349.91,1
22,57853.77,10449.56,0.1802,36939.42,60,0,78.0,7.6,3,1969.16,1,1.1,6975.61,1
53,87074.04,16038.78,0.0553,21906.28,12,0,66.13,20.2,7,4186.3,4,15.8,14069.32,1
47,64192.75,9349.36,0.4692,3939.78,48,0,90.5,9.0,3,2139.45,4,14.8,9163.94,1
62,73272.14,13628.34,0.5849,27429.48,12,0,91.55,3.2,9,2789.74,0,30.4,15208.13,1
36,57671.31,12317.73,0.0538,12362.3,48,1,65.47,1.6,6,2075.37,4,3.0,1154.16,1
40,68513.29,4849.02,0.0987,21823.16,36,1,89.07,6.9,2,3092.05,4,15.0,4373.88,1
51,39064.38,0.0,0.4858,26855.09,24,0,80.49,7.7,7,1786.75,2,5.9,4574.35,1
30,45832.03,7487.49,0.7932,25464.5,12,0,98.5,1.8,7,1942.43,4,5.0,1186.6,1
60,61987.27,29432.84,0.6254,30808.55,60,1,91.5,1.3,7,1857.87,2,29.5,22616.09,1
46,61841.99,12522.55,0.1126,21463.81,36,0,83.41,5.6,2,2876.41,4,7.4,3094.08,1
53,65152.24,21207.75,0.8798,21733.62,24,0,84.14,11.0,6,2148.0,3,4.6,15052.18,1
39,77007.86,0.0,0.9091,27367.9,60,0,67.16,0.1,4,3023.15,4,2.8,6662.95,1
69,26500.58,6933.71,0.3285,19286.07,60,0,95.75,21.7,2,1532.57,2,11.8,21877.69,1
69,35510.95,4164.08,0.6137,13120.98,48,0,82.37,1.1,1,1888.56,4,24.4,13083.28,1
64,59591.45,13381.6,0.4925,24520.18,24,0,82.96,2.1,3,2036.49,4,33.4,14172.4,1
53,54915.35,34375.64,0.9332,8711.37,60,0,83.02,0.3,6,1307.91,0,20.9,6673.57,0
26,108025.5475,18681.91,0.5086,19191.1,60,0,71.05,0.3,5,4929.34625,3,5.3,4930.7,1
56,65314.39,28564.9,0.9508,6222.23,60,1,92.48,1.6,9,1822.69,0,10.4,6321.13,1
68,53433.38,12964.51,0.2054,14451.87,36,0,94.49,4.2,5,2190.66,0,18.4,6723.53,1
36,44690.61,25918.95,0.3486,14866.59,24,0,71.52,11.6,2,1795.23,4,8.4,607.12,1
55,54915.35,31586.05,0.7757,10157.84,48,0,77.67,0.4,7,2639.19,2,13.2,1124.08,1
23,55602.81,14125.05,0.7779,31005.32,36,0,67.17,3.9,6,1448.79,3,3.1,3416.9,1
69,57239.64,10685.88,0.7275,30179.92,36,0,69.54,2.7,5,3102.59,3,39.7,5336.76,1
64,45866.02,4457.51,0.8524,33140.13,36,1,73.44,22.7,5,2574.99,0,29.4,696.27,1
32,49536.96,12527.52,0.6985,18121.56,48,0,96.08,1.0,6,2307.75,4,10.6,6541.0,1
37,81885.69,15655.17,0.6334,15663.92,48,0,85.05,2.3,5,3522.03,4,14.9,8693.69,1
26,82690.1,31247.63,0.4597,28035.85,36,0,83.52,0.2,5,2463.75,2,2.6,30802.3475,1
49,60040.68,4640.21,0.4677,21284.13,36,0,97.87,12.3,9,2867.97,2,16.5,1102.95,1
21,28174.81,15477.3,0.408,21235.17,12,0,91.65,4.9,6,1403.54,3,1.9,16591.81,1
67,65770.06,485.54,0.6178,2000.0,48,0,60.64,4.4,9,3156.73,3,26.1,13147.17,1
35,86085.65,11585.9,0.4085,27565.15,60,0,64.97,0.2,3,2381.06,2,8.8,13690.45,1
22,82395.62,17491.16,0.1545,26239.75,24,0,69.91,0.5,7,4219.69,2,1.4,18666.91,1
37,69688.52,19100.67,0.1144,19945.84,24,1,72.16,7.8,8,2272.92,4,9.0,30802.3475,1
40,83448.46,19712.18,0.916,28158.48,24,0,93.36,4.0,1,2816.28,1,7.4,10234.54,1
28,56067.69,18179.23,0.0342,26017.02,36,0,90.8,1.1,3,2133.41,2,2.6,21567.67,1
54,67562.06,19643.38,0.1134,13033.15,48,0,65.82,4.0,7,3179.9,4,13.2,1340.71,1
39,41384.49,15365.91,0.4464,17802.14,12,1,81.36,17.2,3,1814.64,3,8.0,2718.11,1
21,60845.31,6617.07,0.2677,9922.15,12,0,64.36,0.5,8,2949.1,2,0.6,4740.09,1
46,81590.68,186.74,0.4077,34622.39,24,0,66.92,17.6,5,3831.05,3,12.4,804.36,1
61,43211.53,10626.5,0.1251,29771.8,60,0,69.69,7.5,6,2089.97,0,23.5,2490.52,1
51,37771.13,13923.08,0.1383,11860.83,60,0,96.21,0.8,1,1319.1,0,5.7,30802.3475,1
30,56949.78,25031.45,0.7946,26188.76,60,0,74.63,8.4,9,2723.74,1,5.7,13522.55,1
59,50466.76,14195.19,0.7539,22785.92,60,1,96.63,6.8,7,2601.24,3,6.6,12697.19,1
26,67982.95,13427.45,0.1122,13140.47,12,0,90.03,4.3,5,1824.82,4,5.6,7652.03,1
59,45934.81,18084.22,0.6644,21243.27,12,1,89.98,7.4,5,2589.72,0,15.8,2559.6,1
48,89368.79,12839.9,0.6071,28583.85,48,1,92.14,0.8,4,2377.52,4,8.1,1302.16,1
24,29206.48,21484.34,0.7091,29399.2,12,0,63.84,6.4,1,1464.85,4,2.2,7422.57,0
21,80074.7,30834.67,0.475,43319.84,48,0,92.58,5.1,1,3724.12,0,1.7,10763.85,1
36,39703.02,32526.28,0.2746,20942.89,48,0,70.1,1.7,1,1413.22,4,7.8,8273.47,1
59,19080.35,15776.33,0.6604,17622.11,36,0,99.36,5.9,3,781.03,4,21.4,6170.14,1
47,59757.5,17695.14,0.3739,25621.4,12,0,93.93,5.7,4,3322.48,3,15.0,251.92,1
48,49907.84,27630.85,0.2246,18170.37,60,0,99.87,1.4,4,2667.75,4,17.6,9116.15,1
52,32807.81,13800.3,0.4105,14150.96,24,1,97.48,0.8,5,1220.06,2,25.6,7357.27,1
38,21372.46,20433.54,0.758,10742.17,48,0,74.39,2.2,4,810.94,2,11.1,3327.11,1
48,54832.78,5918.72,0.4763,2000.0,24,1,97.67,2.5,5,1763.97,4,6.5,15910.25,1
36,74516.74,12513.29,0.3039,27348.39,60,1,73.21,8.7,5,2911.24,2,7.5,11792.63,1
48,66699.07,24248.92,0.8252,3620.26,48,0,86.37,2.9,3,3124.41,0,7.0,30802.3475,1
49,56134.13,9254.43,0.874,11201.47,48,0,92.75,6.7,6,2248.79,3,6.1,6953.65,1
19,64576.95,13975.59,0.4346,22924.44,12,0,75.28,3.1,4,3174.81,4,0.6,703.12,1
69,54455.72,2406.32,0.3772,16784.93,36,0,68.15,0.3,1,2826.22,3,10.6,26381.22,1
27,26405.52,31046.15,0.6104,41492.97,24,1,95.8,5.3,6,941.87,1,5.8,6126.93,0
19,26582.12,25104.22,0.0668,4907.6,60,0,64.13,11.3,8,1248.19,1,0.5,30802.3475,1
19,50936.63,16504.8,0.6875,42387.21,36,0,74.6,3.7,1,2196.17,0,0.4,6989.49,1
41,51786.93,19060.1,0.7766,33805.85,36,2,81.62,6.1,3,1472.62,1,16.4,5430.6,0
34,72019.65,18167.18,0.3995,29090.96,12,0,92.19,7.5,5,2495.96,1,11.7,792.23,1
49,70146.08,26074.49,0.1811,34393.12,48,0,94.75,3.1,7,2040.03,1,7.8,1325.65,1
33,67102.66,10849.6,0.0382,24046.12,60,0,80.47,3.4,9,3475.1,3,9.9,1199.06,1
33,49394.35,20858.14,0.6345,2967.47,36,0,82.94,9.8,8,2387.01,3,7.9,10220.93,1
63,27386.96,23619.33,0.2736,25148.52,36,0,94.15,8.8,2,1417.76,1,20.1,7584.78,1
56,63241.42,24722.61,0.4646,5193.25,24,1,78.68,9.8,9,2933.31,3,10.1,30802.3475,1
48,65503.39,0.0,0.3886,14716.38,60,0,82.36,8.7,2,2769.88,1,19.9,5695.43,1
60,12000.0,10205.8,0.1814,19219.18,60,0,60.74,0.7,6,490.19,4,30.1,1732.11,1
41,38313.24,6846.64,0.5082,10889.37,36,0,98.04,2.7,4,1387.01,3,14.1,3325.49,1
18,41178.91,16196.71,0.4604,29460.44,48,0,82.67,1.1,8,2231.54,1,0.0,16160.82,1
28,57367.0,0.0,0.6217,17862.42,60,0,89.1,0.8,4,2325.33,1,1.5,17367.76,1
38,38932.79,0.0,0.2568,24093.08,60,0,69.92,7.6,9,1251.49,3,8.7,1254.54,1
21,54237.31,32360.76,0.2203,19905.87,24,0,86.26,3.3,2,2706.47,3,0.9,30802.3475,1
24,50789.3,19941.52,0.8081,21261.79,24,0,78.4,0.5,4,1841.08,4,2.0,4344.9,1
43,51817.01,15968.07,0.6981,11131.33,24,0,64.5,2.6,7,1681.41,2,8.3,4434.59,1
64,40672.11,17909.38,0.7668,8259.59,48,0,93.21,25.0,2,2089.26,1,11.4,3353.27,1
67,42220.3,16170.73,0.1308,18462.31,48,0,93.57,1.2,1,1685.25,1,38.7,14592.19,1
29,33394.66,22978.81,0.2296,10338.86,60,1,62.55,2.5,2,1060.85,0,7.7,27781.11,1
48,62601.35,9940.45,0.574,33935.56,48,0,75.62,4.5,2,2968.12,0,4.7,12491.7,1
34,66422.05,16492.92,0.8501,6235.65,24,0,71.26,1.1,6,3469.33,0,11.0,989.24,1
50,39587.64,16819.37,0.8843,43370.02,48,0,80.65,17.2,3,1517.49,3,3.8,14820.72,1
28,85412.8,6625.14,0.8253,23020.25,60,0,79.55,5.0,7,2798.32,2,6.8,15061.8,1
45,48707.97,25215.86,0.0525,20693.27,36,1,86.26,1.3,4,1257.35,1,6.4,10496.7,1
49,85603.71,11434.59,0.8145,14597.34,12,2,69.9,3.0,2,4617.48,0,13.3,2126.83,1
18,42157.46,23139.37,0.8911,26569.21,48,0,68.87,2.2,2,1683.24,1,0.0,6927.73,0
64,14468.44,15919.3,0.0656,17957.25,36,0,88.93,0.7,2,790.01,2,23.2,334.22,1
45,63043.96,28068.68,0.418,23004.74,60,1,99.05,1.7,4,3056.74,3,11.1,2946.94,1
59,59970.9,6668.97,0.5359,28418.23,36,0,97.85,4.0,8,2487.59,1,5.1,11141.36,1
24,55687.88,6321.93,0.2381,26693.09,36,1,91.68,0.5,3,2689.29,1,3.8,4504.91,1
19,42155.35,7754.44,0.5164,32398.61,36,0,62.7,0.2,6,1491.08,3,0.4,1748.69,1
59,54308.56,16066.36,0.8782,25378.41,24,2,69.51,3.4,4,1714.87,3,10.1,1134.34,0
41,44774.81,27331.75,0.8596,10487.32,48,0,87.59,2.8,2,1344.23,3,11.9,14453.97,1
21,48953.01,27744.75,0.931,2000.0,36,2,71.83,1.0,3,2720.46,4,0.7,3318.76,0
61,71832.65,0.0,0.4844,22110.34,60,0,75.74,6.2,4,3577.94,2,20.7,30802.3475,1
36,58684.34,16997.66,0.4124,22254.63,12,0,98.15,0.5,9,3298.31,1,7.2,13426.28,1
43,67199.03,0.0,0.6625,39259.3,12,0,63.45,1.6,5,3390.81,1,11.9,4356.82,1
28,50362.63,21360.25,0.4184,18841.59,12,0,94.45,0.5,7,1907.45,4,5.0,4200.75,1
57,48159.65,23945.36,0.0511,23744.92,24,1,62.01,6.5,1,2709.67,4,5.0,1523.16,1
67,31930.35,14678.05,0.7155,27771.76,48,0,73.52,5.0,1,1424.13,0,26.8,12585.56,1
60,47599.27,15671.85,0.2854,25134.08,12,0,82.22,1.0,6,2673.72,4,13.0,6817.73,1
28,12000.0,15589.11,0.0581,28439.44,24,0,74.26,4.1,7,384.71,2,3.4,17319.82,1
62,43195.56,8724.46,0.0302,11817.91,60,0,98.29,6.0,1,1616.37,0,28.2,3228.48,1
20,53362.52,18453.65,0.9227,10236.34,60,0,80.18,0.2,4,2001.21,4,0.5,4151.27,1
29,66273.47,13148.74,0.257,17194.39,24,0,89.35,5.4,6,1669.45,1,3.7,6513.22,1
20,49626.44,22442.33,0.4489,2000.0,48,0,88.08,1.9,2,2385.21,1,0.3,12261.72,1
59,61953.47,14090.98,0.9416,19604.2,60,0,93.4,0.7,9,3403.28,4,31.8,19737.15,1
44,12000.0,8111.82,0.4682,13404.17,48,0,94.56,8.6,2,667.23,2,6.7,30802.3475,1
66,53863.26,2713.08,0.087,23222.13,24,0,78.65,4.7,5,2777.6,0,34.3,494.73,1
19,21409.94,87.48,0.5509,17349.31,60,1,94.52,4.0,1,716.77,2,0.5,18673.74,1
66,30833.93,25500.07,0.0964,9845.67,60,0,86.14,9.1,6,1166.6,0,19.2,1345.13,1
33,51256.69,11337.69,0.1032,33108.57,36,0,87.44,1.5,3,1846.97,0,7.6,30802.3475,1
19,80525.28,17708.59,0.8444,20825.19,60,0,66.93,0.1,6,3219.24,4,0.5,451.59,1
47,62424.14,29265.84,0.2936,28628.59,12,0,69.8,14.9,9,2509.21,1,15.0,3741.16,1
37,55364.62,10497.57,0.6751,21835.14,36,1,87.51,1.5,8,3027.55,2,6.4,30802.3475,1
55,54609.39,9980.18,0.5087,24639.95,24,0,70.63,5.0,2,1555.82,2,26.6,2853.37,1
45,40727.42,13942.71,0.2279,6390.04,12,1,79.6,18.9,9,2046.37,2,17.4,19344.01,1
42,44120.33,15235.46,0.5175,32781.04,12,1,79.6,1.3,1,1947.69,4,18.8,17975.17,1
49,63547.52,30100.41,0.0776,28786.82,48,0,69.36,24.6,3,3045.6,3,21.2,3072.38,1
27,27292.79,27526.56,0.3503,19811.6,36,1,82.66,3.9,4,1495.14,1,3.2,7016.86,1
59,66861.08,19967.0,0.5224,22880.02,48,0,82.55,16.0,5,3769.13,0,13.2,799.52,1
57,47229.86,26595.31,0.2338,30026.06,36,0,65.16,0.4,7,1197.2,0,16.6,1463.1,1
50,71511.14,13574.25,0.657,16280.0,36,1,75.24,3.8,3,3823.09,4,4.5,4452.28,1
30,74221.87,17393.32,0.0608,4169.2,12,0,74.63,14.4,6,2304.81,3,4.5,23635.66,1
58,54915.35,12587.89,0.4851,16467.36,60,0,82.48,0.8,8,650.04,1,4.9,10846.15,1
59,43368.38,4677.05,0.7107,21523.89,48,0,89.97,1.6,5,2398.02,3,9.0,9272.88,1
64,37889.45,24631.0,0.4313,19675.6,48,1,60.73,1.2,1,2135.87,1,14.7,30362.17,0
54,18745.44,19253.59,0.8671,33175.66,12,1,65.3,16.8,5,716.0,2,19.8,15082.9,0
33,34349.33,15144.59,0.6295,10400.98,60,0,72.08,1.5,3,928.79,4,11.7,30802.3475,1
62,103825.12,14980.26,0.9493,11667.09,36,0,92.42,0.6,4,4929.34625,3,9.4,6157.66,1
39,67190.2,2950.28,0.2884,9419.53,36,0,79.22,8.0,7,3574.98,0,3.6,2147.0,1
37,93345.76,7180.2,0.93,24287.41,60,0,80.44,3.6,3,2985.87,2,14.2,5530.43,1
67,71581.97,17689.23,0.6047,4739.66,36,0,76.37,4.5,1,4134.4,1,21.9,5529.71,1
60,40163.14,10767.1,0.7403,27437.56,48,0,76.61,4.7,8,2055.44,4,22.2,14985.82,1
44,47364.58,13258.3,0.8941,10671.15,48,0,99.1,4.7,4,1889.75,2,3.0,3098.91,1
58,66768.72,14162.75,0.5502,12268.98,48,2,95.95,3.0,3,2677.81,2,13.1,7530.44,1
33,63750.12,9540.25,0.8549,37702.25,12,0,89.03,18.6,6,2315.34,2,6.8,5212.95,1
51,43453.16,7256.65,0.5409,32325.8,36,1,72.96,1.0,4,2162.56,2,9.3,6053.86,1
49,24800.14,2101.14,0.5972,21192.13,12,0,80.55,15.8,7,1131.65,4,20.6,1052.62,1
43,108025.5475,13827.85,0.4462,6889.62,36,0,87.58,1.7,7,4929.34625,4,13.1,8308.61,1
42,52177.01,19948.87,0.1527,40144.22,48,0,75.78,1.1,3,2238.11,3,18.4,10047.75,1
19,48485.22,1850.93,0.5524,18036.78,48,0,80.98,4.9,2,1296.57,4,0.6,501.02,1
29,57266.69,14807.62,0.9679,22475.81,60,3,65.83,11.1,4,3103.47,4,2.3,1392.63,0
57,50145.43,17249.15,0.7814,29119.34,36,0,63.74,2.3,6,2009.98,0,18.2,731.06,1
26,57454.58,7083.36,0.7425,2000.0,24,1,66.69,0.4,3,2830.58,0,1.7,2269.79,1
29,80738.95,26377.13,0.6404,13599.63,12,0,90.23,3.8,9,2695.19,1,7.7,729.8,1
43,52509.03,11914.28,0.351,19319.25,48,0,67.6,21.1,7,1763.0,3,8.3,5332.61,1
26,31745.79,14189.92,0.1762,21307.2,60,1,96.99,2.5,6,1180.39,3,3.2,2986.46,1
27,51767.12,13709.84,0.2301,6963.93,60,1,74.74,0.1,4,1887.46,1,6.4,13439.82,1
49,45711.96,833.8,0.0162,23263.38,48,1,66.76,3.5,4,1568.39,0,8.8,26464.39,1
51,83477.98,23070.02,0.67,20337.4,36,0,93.01,2.4,4,2979.41,4,13.9,7501.85,1
65,78422.38,7355.85,0.8056,36673.18,60,1,78.27,0.3,9,2325.68,3,30.5,4431.17,1
37,57150.5,13107.84,0.2735,30002.91,36,0,75.54,10.4,3,1453.38,1,2.8,8179.07,1
56,29425.28,19781.29,0.1,17307.44,60,0,73.18,4.8,3,1693.26,4,11.2,1577.2,1
19,30482.15,26687.23,0.339,18039.31,12,0,73.22,0.8,7,837.75,3,0.2,16376.81,1
18,55302.47,6360.54,0.2962,30144.97,36,2,86.54,13.0,3,2035.18,4,0.0,7885.69,1
68,61726.46,11428.13,0.4519,22836.24,60,1,81.63,4.3,4,3261.93,0,10.1,261.29,1
53,47507.54,26059.35,0.2688,6288.67,48,0,78.71,5.8,8,1194.13,1,27.0,6880.23,1
41,45396.61,18709.71,0.3429,40937.91,24,0,77.88,4.4,5,2315.02,0,8.4,9747.22,1
44,43144.02,20369.37,0.8994,10101.31,48,0,65.68,19.2,4,1682.38,0,12.2,1599.29,1
19,54532.12,6590.95,0.3381,44789.7,36,0,93.12,11.1,5,1751.68,0,0.3,4843.61,1
48,12000.0,11966.32,0.7798,24279.55,48,0,97.07,0.1,9,360.29,2,20.7,3232.89,1
31,32973.47,13657.32,0.6233,13645.59,48,0,92.09,0.1,3,1742.01,0,3.5,6659.97,1
19,42458.98,8136.84,0.3408,2000.0,24,0,78.05,3.3,9,1468.11,4,0.4,6398.56,1
46,79150.06,1603.44,0.8114,27767.64,48,0,98.89,1.9,3,3231.3,0,21.7,21183.49,1
32,38723.73,10916.01,0.5932,4496.89,60,0,84.75,3.9,8,1430.13,2,6.0,21600.74,1
29,58609.36,25834.31,0.0184,23572.95,12,1,90.96,2.1,6,3160.27,1,5.0,3182.69,1
54,59530.86,15473.39,0.0774,39336.33,24,0,89.65,10.5,5,1773.02,3,25.4,13586.42,1
45,80958.33,25994.33,0.7476,8623.21,36,0,88.31,0.9,6,4678.71,1,19.6,1430.11,1
37,80251.55,16432.17,0.4476,27380.55,60,0,85.68,0.3,4,2057.35,1,11.3,4603.12,1
56,53849.94,8882.34,0.4074,11884.0,36,0,68.46,2.1,4,1703.83,1,4.4,4608.79,1
41,45490.31,25220.95,0.1529,31331.5,24,0,71.78,0.7,9,1854.88,0,14.0,18683.79,1
38,41723.34,16698.61,0.1642,20658.23,24,0,95.47,4.5,8,1285.74,3,12.5,761.25,1
27,50178.74,22694.71,0.7918,19809.37,48,0,67.2,3.2,5,1670.41,4,3.1,7254.46,1
63,46319.33,6453.37,0.8224,32072.88,24,0,66.08,6.2,6,2682.27,1,24.6,5693.59,1
31,66072.55,23310.05,0.5588,26252.92,36,0,71.37,0.4,9,3000.31,0,3.8,9069.83,1
54,63406.2,23551.11,0.2992,11953.11,24,1,74.5,7.0,4,1680.79,2,11.8,20399.39,1
35,66836.02,17318.14,0.924,37871.13,12,0,82.13,1.6,2,2731.69,1,6.0,738.9,1
41,80185.67,8544.62,0.6215,4641.74,48,1,84.22,5.6,6,3558.96,2,16.3,30802.3475,1
31,92257.38,14631.93,0.7907,22756.97,24,0,91.63,1.7,9,3319.37,0,9.8,10793.61,1
51,57493.27,19890.33,0.0132,11771.35,12,0,62.94,9.0,6,3138.58,2,20.0,14432.82,1
29,76989.28,16876.56,0.4513,5127.75,36,0,68.33,9.0,7,4003.34,1,2.5,5073.81,1
39,47966.8,19808.66,0.8635,8658.19,36,0,80.21,1.8,5,1844.86,1,12.4,28532.35,1
23,78700.14,23097.97,0.3415,19507.6,12,0,70.03,12.0,9,3954.06,2,1.4,4033.67,1
53,76230.18,9812.43,0.722,23497.27,12,2,94.94,1.9,8,3249.96,3,7.0,14856.85,1
62,75168.32,5759.4,0.6545,30589.32,24,0,85.61,11.3,9,3916.91,1,20.1,17241.48,1
53,56881.4,14699.69,0.1592,34760.37,48,0,79.61,1.1,1,2347.67,3,25.6,11527.58,1
39,41632.84,12362.05,0.7694,22776.87,48,0,60.02,1.7,3,1195.57,3,7.5,14222.45,1
31,27109.43,21286.77,0.1203,15568.07,60,0,94.35,10.8,7,958.1,1,7.1,1572.55,1
33,54199.26,6404.01,0.7234,30390.17,12,0,78.43,0.4,4,2482.09,3,9.4,1202.21,1
53,85660.25,23163.05,0.9811,13853.59,36,0,81.26,6.0,1,4878.41,2,24.3,8201.15,1
42,48803.1,25828.9,0.9488,4043.85,60,0,87.93,5.7,3,2654.61,0,3.1,4165.84,1
49,70702.53,15002.44,0.7942,29390.12,12,0,97.5,17.9,5,3745.91,4,14.0,19661.84,1
50,71879.03,15485.89,0.5338,33239.12,12,0,66.33,17.9,7,3106.58,1,23.3,2543.1,1
62,49326.28,8859.63,0.6713,11781.88,60,0,62.85,3.3,1,1540.53,1,13.4,10986.31,1
53,81326.9,10658.71,0.7235,39608.23,48,0,64.88,5.4,6,2082.02,1,5.3,2795.89,1
37,12000.0,11733.31,0.0182,25830.52,12,0,89.63,0.8,5,440.72,3,6.8,1851.23,1
35,30544.99,26543.52,0.1103,24339.62,60,1,65.17,1.3,9,1545.31,1,10.2,2150.77,1
55,36687.35,14425.03,0.5951,14833.14,24,0,80.04,4.1,8,1223.38,2,29.0,3407.24,1
20,38605.7,4422.62,0.0164,30172.89,24,1,88.26,1.4,7,1340.56,0,1.0,17299.64,1
40,61725.26,17042.83,0.9007,4756.22,36,1,88.51,1.2,4,1790.2,4,16.5,30802.3475,1
49,54915.35,21610.32,0.4899,16602.1,48,1,76.25,0.1,9,2957.2,3,23.4,7335.02,1
62,62879.81,14796.71,0.2626,12668.37,60,0,87.94,0.4,3,2172.7,0,29.5,1306.07,1
33,66921.63,26753.71,0.3959,6910.67,48,1,98.0,6.2,3,3075.1,1,6.2,15870.69,1
22,35997.91,21220.07,0.8438,28629.87,48,0,61.12,0.1,4,1528.88,1,2.4,1276.69,0
21,30636.48,6606.97,0.9186,23411.38,60,0,86.86,11.3,7,1779.63,1,2.2,2828.36,1
38,62926.39,10588.54,0.1239,28046.92,12,0,80.9,0.4,9,3558.09,1,13.9,30542.17,1
57,42395.36,16809.81,0.7724,17217.0,24,0,68.5,0.9,7,1616.94,4,19.3,2418.09,1
68,23590.5,1670.49,0.5767,29850.8,36,1,72.31,2.1,5,1220.56,0,35.9,8416.83,1
31,74426.89,17690.85,0.5838,20771.42,12,0,93.49,6.5,7,2869.97,3,8.9,23529.0,1
56,82902.04,907.34,0.7739,15278.54,48,0,83.48,6.0,1,2818.03,4,7.2,12435.75,1
48,86143.22,23187.47,0.2284,13611.11,48,0,60.58,1.4,7,2195.46,3,8.9,14736.66,1
31,58740.15,22258.19,0.5304,2000.0,60,1,98.61,3.4,1,2875.88,0,9.0,2873.0,1
23,67518.64,19038.25,0.323,31643.71,24,0,86.65,8.6,4,2318.64,1,3.2,18171.68,1
29,82397.36,9592.97,0.1026,30509.05,24,0,77.71,3.4,3,3380.51,0,4.1,3627.25,1
33,42171.68,16361.62,0.113,47423.698749999996,36,0,88.49,3.1,2,1286.76,1,7.0,7097.98,1
34,77213.55,10892.98,0.1437,16653.8,12,0,68.18,5.0,8,2098.02,2,12.6,6498.51,1
62,60507.92,6753.48,0.6126,13332.06,36,0,70.42,3.1,1,3020.25,4,16.2,6719.48,1
40,73274.23,12290.06,0.1137,2985.65,48,0,66.09,2.8,5,2547.79,4,5.6,16721.14,1
31,58721.86,20586.12,0.5687,29599.66,48,1,75.88,8.0,1,1967.18,2,7.5,5459.42,1
24,80925.13,15350.51,0.5865,27298.26,24,0,96.19,13.4,7,2722.36,2,1.3,18014.2,1
63,59470.48,26605.68,0.8958,35517.8,48,0,75.54,4.0,3,1693.45,3,7.6,24338.75,1
49,25320.42,21126.24,0.6238,10833.58,12,0,71.52,1.7,6,659.84,3,22.2,20377.02,1
32,84038.53,20269.53,0.9759,27163.66,12,0,88.14,14.9,7,2622.35,3,10.0,24775.15,1
61,36049.39,2128.59,0.0404,14779.59,36,0,94.78,6.1,1,1862.99,3,27.4,2287.37,1
34,80061.16,12718.73,0.7001,33437.16,12,0,69.77,5.3,7,4619.21,1,1.8,14617.29,1
58,53195.14,6485.02,0.036,25362.15,48,1,92.32,4.7,8,2242.58,0,9.8,5921.07,1
64,78520.22,13535.98,0.7248,4443.06,60,0,72.19,6.7,1,4071.33,4,30.1,16373.93,1
61,77695.37,9453.79,0.3881,18688.03,24,0,69.89,7.5,3,2603.16,1,28.6,4930.76,1
51,63602.86,11979.16,0.6091,2000.0,24,0,78.92,7.8,8,3040.29,3,14.5,9171.92,1
22,65170.71,23489.3,0.3133,8367.18,24,0,62.67,18.6,6,3564.92,0,2.7,1207.43,1
62,63452.57,18802.0,0.1659,8972.03,60,0,94.49,2.6,2,2891.51,0,30.7,7195.22,1
44,14723.5,23056.92,0.719,13590.59,48,0,94.97,1.4,2,712.25,2,17.4,3313.93,1
69,57366.6,2194.54,0.8965,17373.14,12,1,87.1,2.5,6,1625.87,1,32.1,6635.36,1
40,32678.72,15463.8,0.1899,21645.83,48,1,72.12,7.3,7,1206.14,1,14.9,15469.8,1
57,58423.74,22733.64,0.9123,21145.46,36,0,66.67,3.9,3,1520.9,4,7.1,3355.48,1
31,32141.15,27050.37,0.1474,19761.4,48,0,87.95,10.0,7,981.64,3,6.0,16173.52,1
32,31300.96,2615.29,0.7309,23323.85,48,1,64.12,1.3,8,1093.03,3,5.7,16696.93,0
60,87098.69,12188.13,0.9503,7502.05,24,1,76.44,6.7,4,4929.34625,3,5.8,19732.56,1
50,76388.95,23273.81,0.1544,20731.79,48,1,63.55,1.4,2,2012.97,1,25.4,918.99,1
48,54917.15,13461.77,0.4364,34344.59,60,1,77.06,8.0,5,2199.86,1,14.2,46.31,1
52,58695.37,7716.66,0.3407,18341.97,24,0,65.38,2.9,5,2976.71,0,23.2,10123.18,1
34,50041.68,2600.01,0.3907,24946.73,36,1,61.29,22.7,9,2096.96,3,6.4,540.11,1
45,66397.53,7410.39,0.7481,24016.25,60,0,77.99,5.5,1,2957.48,3,8.7,5327.14,1
36,41478.91,1488.79,0.658,28622.68,60,1,82.71,6.8,2,2327.65,2,8.3,23300.89,1
63,74874.81,15467.68,0.9593,22871.39,36,0,77.57,0.2,5,3497.27,0,9.1,2985.48,1
40,49938.26,22170.48,0.1918,28453.65,12,0,67.05,6.1,7,2509.44,3,5.1,3109.47,1
49,46603.06,4912.2,0.5424,25072.91,48,0,63.1,2.7,4,1226.43,4,4.4,8752.42,1
57,55434.26,17061.84,0.4501,26572.85,48,0,65.05,2.0,8,2856.07,3,27.3,30802.3475,1
30,43177.06,21762.17,0.9105,24421.28,12,0,89.08,7.9,7,1686.87,1,5.8,1095.44,1
37,61573.65,14978.33,0.0204,9932.11,36,0,60.64,1.3,4,1580.03,3,15.0,30802.3475,1
52,44252.75,2114.45,0.9794,8292.36,12,1,94.53,1.0,1,2359.52,4,23.1,10175.73,1
22,64370.47,18089.69,0.4801,16467.73,24,1,93.6,2.2,6,3661.91,2,1.9,14207.93,1
26,79320.13,14562.82,0.623,35516.41,24,0,95.22,5.0,1,3578.23,1,3.8,1958.69,1
46,40613.57,13747.96,0.3629,18283.47,24,0,95.15,1.5,7,2218.71,0,12.7,9142.3,1
23,52388.49,10625.3,0.8455,23095.59,12,0,86.7,4.1,3,1649.51,3,0.7,1684.86,1
42,64226.61,15694.3,0.5607,2000.0,60,0,93.9,2.4,7,2898.45,2,3.3,6644.43,1
48,46282.85,19078.54,0.6596,21937.42,24,0,89.21,2.5,6,1850.44,2,13.3,5557.35,1
39,64286.41,34125.19,0.6459,20859.08,12,0,72.0,1.1,5,1685.58,4,15.3,13937.17,1
19,66107.98,15898.66,0.3667,2000.0,24,0,90.21,1.9,7,3035.28,1,0.6,4598.23,1
62,76665.24,27089.13,0.0845,22908.89,24,0,84.62,1.6,5,3389.27,1,20.8,776.27,1
22,42880.2,17862.04,0.8016,3490.19,48,0,61.1,1.4,2,1136.11,3,2.1,28881.73,1
44,36144.5,14203.77,0.2939,12746.51,12,0,91.45,0.4,9,1154.03,1,8.3,1566.47,1
42,48848.45,16188.38,0.842,29944.72,48,0,94.83,2.8,1,1692.64,1,8.3,4831.34,1
25,35644.95,5226.11,0.6065,21574.52,36,0,80.7,1.4,6,1122.59,3,4.3,7346.73,1
18,66289.96,17446.88,0.3566,15515.5,24,0,79.48,16.2,8,3094.02,2,0.0,21858.34,1
37,31764.97,0.0,0.5924,14659.25,24,1,77.09,4.6,9,1356.98,2,4.2,1011.44,1
61,101660.33,8098.67,0.6426,15820.08,48,0,88.75,3.1,7,3785.87,0,19.9,11291.46,1
40,80918.56,15878.74,0.7025,21608.89,12,1,68.62,2.1,6,3189.81,3,13.6,5631.1,1
49,55251.52,24551.86,0.8159,7993.57,60,0,90.96,3.1,1,3160.76,3,9.8,15485.01,1
28,72347.89,26445.0,0.1666,31244.17,60,0,71.69,2.1,3,2078.58,0,3.9,20465.16,1
56,22263.96,13107.63,0.9353,8524.36,36,1,70.46,9.7,9,695.53,0,18.4,2378.63,0
64,105467.47,16245.74,0.4126,2729.42,12,1,92.37,1.5,9,4528.25,1,33.2,9522.8,1
41,43195.71,22874.9,0.8532,29911.53,12,1,66.98,1.6,3,2487.6,3,12.4,7419.39,0
28,52590.05,4364.05,0.2261,15630.79,48,0,94.5,6.2,8,2610.32,4,7.0,8621.2,1
46,17881.33,18237.98,0.0384,20704.6,24,1,99.11,11.6,3,936.03,3,10.4,19326.86,1
43,64725.75,8376.86,0.5719,26546.31,24,0,72.79,5.7,6,3199.13,1,12.8,3508.0,1
33,32873.12,13625.4,0.3282,12805.63,12,1,97.11,0.4,3,907.53,3,8.3,3553.28,1
52,57033.12,11327.81,0.9748,21371.46,60,0,82.66,11.5,6,1983.75,1,25.2,12628.97,1
37,44114.51,18482.87,0.1124,26482.15,36,1,70.37,7.3,4,1896.87,3,12.6,7052.53,1
63,33445.12,19402.43,0.0564,36432.35,48,0,78.11,1.4,6,905.09,1,9.1,9209.2,1
20,38912.77,22128.63,0.0541,14889.41,12,1,92.0,0.3,9,1489.98,0,1.1,15005.16,1
18,59515.76,17785.59,0.2225,15370.53,36,0,86.67,6.3,3,1904.72,1,0.0,4663.09,1
64,29370.18,16373.23,0.5776,25633.27,12,1,79.79,1.3,6,1372.48,2,36.6,3823.06,0
18,40023.77,29832.19,0.5055,22085.93,36,2,70.29,3.7,3,1131.95,3,0.0,5345.59,0
34,68265.47,2805.13,0.3531,18629.64,36,0,89.03,0.5,5,3496.32,3,9.1,260.45,1
19,107049.6,28564.88,0.097,35926.9,24,0,72.53,4.2,6,4713.08,3,0.2,17127.47,1
46,64551.78,12681.42,0.2391,3175.63,48,0,73.24,0.1,9,2416.39,0,18.1,4911.12,1
37,36654.77,19567.13,0.1905,5782.55,48,0,89.88,3.8,5,1087.42,2,11.1,5400.13,1
23,47657.72,12394.72,0.7408,3291.18,24,1,82.34,9.0,4,2258.34,0,1.7,15415.67,1
25,55631.78,9379.67,0.7743,32016.8,60,0,67.43,4.3,3,2946.32,4,2.5,2286.2,1
46,48011.5,18876.62,0.7715,25147.23,48,0,87.48,10.8,7,2557.52,4,16.2,1621.38,1
65,54915.35,23337.03,0.9597,6292.55,24,0,70.32,4.0,7,2141.23,1,16.8,24053.85,1
68,59349.47,18784.06,0.8766,18769.67,36,0,90.42,5.8,3,3423.0,4,38.2,25829.49,1
50,73157.05,10663.07,0.4978,19723.24,36,0,79.15,2.3,2,2611.23,1,10.5,15810.99,1
20,48711.12,36696.87,0.4166,2000.0,48,0,83.8,1.8,1,1609.1,0,0.6,1637.94,1
52,81510.0,24588.59,0.9075,21882.77,36,0,84.04,2.0,6,3044.9,0,21.5,17552.64,1
22,51670.29,22466.74,0.609,8224.54,48,0,65.87,0.5,5,2026.32,1,0.7,27257.76,1
44,35576.2,12176.29,0.2985,27066.69,12,1,86.02,1.5,7,1583.62,4,12.8,19211.44,1
61,98546.41,9998.67,0.5632,8530.59,24,0,94.69,2.4,3,4269.63,1,23.1,5122.33,1
29,18500.45,12761.29,0.9823,22191.6,60,0,95.65,2.1,4,566.06,3,3.5,966.04,1
37,40225.23,23651.25,0.8425,32945.7,48,0,87.54,3.4,1,1380.02,2,14.5,4816.7,1
62,42459.44,7075.17,0.2857,29745.6,60,0,98.76,3.3,3,2111.51,0,17.2,42.5,1
37,105166.13,6454.37,0.9439,25071.65,24,1,83.93,6.6,2,3379.94,0,5.6,7326.39,1
26,91137.18,19316.38,0.9718,19186.64,24,0,70.19,2.5,6,4384.3,1,4.6,113.32,1
56,84878.56,17553.57,0.2365,4998.96,12,0,86.41,5.7,7,4264.18,0,23.0,8198.3,1
21,48386.83,8837.49,0.8877,15609.04,24,1,96.37,11.1,2,2424.73,1,1.2,5972.42,1
68,103523.56,6270.37,0.8755,17739.94,36,0,74.35,3.0,7,4929.34625,4,11.3,4210.61,1
36,62367.04,26503.18,0.049,17021.78,60,0,70.59,4.0,3,2098.69,1,9.8,3569.29,1
55,74545.27,17856.04,0.6663,4664.78,24,2,98.66,5.7,6,2911.01,0,10.1,17686.58,1
44,58593.91,4091.71,0.3092,24344.35,24,1,90.66,3.4,8,2380.79,1,6.7,7155.33,1
62,54010.67,4651.0,0.6711,8190.84,60,0,61.99,0.9,2,3056.34,1,22.2,3388.29,1
60,49964.43,12107.9,0.9053,35461.09,60,0,82.45,1.7,9,1797.24,3,33.2,11456.12,1
30,50807.2,20862.73,0.4988,21480.21,12,0,69.38,0.1,8,2859.04,4,7.0,9153.6,1
30,67169.83,19760.07,0.4161,29792.63,24,0,71.47,5.8,1,3634.97,3,8.0,3831.33,1
39,62344.0,24053.43,0.9131,29585.93,36,1,63.5,1.6,1,3148.45,2,12.6,30802.3475,0
45,54370.57,3077.2,0.9646,40779.32,36,0,69.24,8.7,4,2605.02,1,9.7,15030.83,1
69,85190.48,16790.77,0.071,21818.81,12,1,80.21,5.3,8,3538.09,2,37.5,11747.13,1
64,12000.0,26407.28,0.9144,16099.39,24,0,63.14,6.7,8,347.39,1,30.6,1018.88,0
62,65197.74,25662.41,0.0911,16292.15,60,0,95.59,10.7,7,2686.89,1,25.7,1501.55,1
39,69354.77,17871.28,0.3405,34961.03,36,0,91.02,2.8,7,1789.33,2,10.1,8603.27,1
60,77939.26,33784.15,0.7573,6797.65,24,0,75.26,1.0,3,3219.04,0,14.8,24625.39,1
36,53702.57,19874.28,0.7715,11218.75,12,0,65.21,13.7,2,2472.9,0,7.5,6303.86,1
25,59158.4,23341.97,0.7213,22369.92,12,0,99.76,27.4,4,2272.41,0,2.2,1517.3,1
69,74718.97,15355.58,0.0483,18472.03,60,1,82.53,1.2,4,2180.96,1,37.9,7688.19,1
25,84823.33,8752.2,0.1403,29676.44,12,0,76.92,6.8,7,4088.83,0,2.3,28537.8,1
59,48989.28,7998.33,0.9275,6613.07,12,0,67.95,0.4,1,2599.83,1,31.0,8440.2,1
43,60339.52,16452.92,0.0898,19330.54,12,1,68.13,0.1,3,2798.75,0,10.3,18551.74,1
65,88571.48,13307.98,0.087,18129.88,36,0,91.85,5.6,9,3925.61,3,32.3,19611.83,1
68,12519.46,851.31,0.8289,9277.56,60,0,80.8,1.5,2,489.72,0,13.8,2311.74,1
43,41199.75,6793.65,0.6384,28786.6,60,0,99.36,10.1,4,1953.02,3,19.4,7708.54,1
40,84316.72,12452.77,0.3546,19082.16,60,0,98.12,3.6,2,2990.62,1,16.0,730.48,1
60,76850.76,20818.24,0.1724,18659.25,12,1,68.27,7.6,7,3406.2,4,24.8,1505.3,1
30,65448.9,14871.41,0.8765,11752.97,12,0,99.98,0.5,1,2363.62,1,8.9,5188.65,1
45,54915.35,14423.49,0.9788,16301.34,36,0,99.46,10.4,5,2098.05,4,14.4,703.85,1
26,37363.63,7104.7,0.059,9783.72,12,0,91.97,1.1,9,1515.35,4,0.9,1340.86,1
37,43175.69,15185.33,0.553,28637.66,36,0,75.64,4.2,9,1408.87,3,5.2,2535.59,1
36,85960.16,25552.81,0.2661,30328.16,60,0,68.97,4.7,4,2924.67,4,2.9,12584.37,1
65,42431.15,16244.6,0.8257,36800.62,36,0,64.13,0.3,3,2089.55,0,6.9,1216.46,0
56,57028.46,2941.49,0.3492,24340.53,24,0,62.08,19.0,4,1747.44,2,16.3,14985.01,1
68,39925.85,4987.82,0.7103,16607.81,48,0,92.83,1.8,4,1384.52,1,39.2,8195.93,1
29,71855.48,19710.31,0.5387,15310.37,12,0,97.82,6.3,7,3529.16,1,4.1,30802.3475,1
32,44225.47,13205.48,0.5407,24906.48,60,1,90.9,5.0,1,1146.35,3,10.9,802.51,1
48,53048.12,14403.36,0.8508,22008.64,48,1,90.36,0.2,8,1330.81,2,21.7,16087.72,1
31,21332.36,10098.13,0.471,18257.92,48,1,76.61,9.9,6,813.83,4,2.9,6362.68,1
28,22732.64,19027.3,0.8387,17379.21,60,0,85.65,1.8,2,1287.58,0,7.2,442.99,1
43,55153.46,12592.66,0.3662,31711.9,48,0,86.85,1.4,7,1465.85,0,7.0,17991.23,1
59,28496.86,13507.09,0.1813,15681.53,36,1,70.29,0.3,9,1564.52,3,5.6,7330.32,1
44,97101.73,8190.21,0.4564,33466.76,60,0,89.55,1.4,7,4251.96,1,4.8,5470.52,1
28,13769.54,22373.53,0.4984,21821.36,60,1,65.84,4.8,3,389.54,0,4.6,10424.47,0
55,38996.49,13230.94,0.4788,16321.19,36,1,71.74,1.1,1,2054.39,0,19.9,4915.6,1
51,55334.02,19863.04,0.8022,12147.31,24,0,83.59,3.1,4,1468.41,4,3.9,6307.91,1
60,47697.34,5451.27,0.5634,18454.75,24,0,81.58,8.0,8,2007.54,2,24.9,3872.67,1
36,32917.09,28871.07,0.8807,25033.66,48,0,88.18,15.5,4,1501.56,2,2.7,3247.45,1
23,35841.44,25218.99,0.5139,16229.87,60,0,83.32,6.0,6,1706.65,2,2.8,5956.1,1
63,35186.92,0.0,0.2302,28503.36,36,0,61.98,1.1,1,1156.26,2,6.4,5662.85,1
69,49265.57,8584.5,0.1369,15730.41,60,1,99.11,2.4,6,1672.4,4,15.8,1041.12,1
55,94038.58,18821.08,0.861,18752.15,36,0,90.54,4.0,1,4929.34625,2,26.6,3274.81,1
66,56558.75,4442.17,0.065,7133.06,24,0,95.22,10.3,1,2084.36,0,37.1,1624.25,1
59,78658.01,13947.25,0.1253,25594.77,24,0,92.16,4.0,3,3349.32,2,5.6,3858.86,1
45,65139.53,18413.05,0.0724,17328.24,48,0,68.5,3.4,4,2596.33,0,18.3,7112.49,1
18,77277.25,13522.19,0.4253,35788.71,36,0,97.31,1.5,2,2396.84,4,0.0,8378.13,1
52,12000.0,19310.71,0.532,27048.1,24,0,99.36,3.5,6,462.63,3,25.6,17787.45,1
57,48910.84,9453.36,0.0295,20845.0,12,2,63.15,1.9,5,1293.46,3,14.5,6680.49,1
25,81142.71,0.0,0.5153,32251.76,24,0,66.34,4.2,8,2435.85,1,4.1,2184.39,1
69,43565.28,22856.92,0.3959,24051.09,60,0,99.61,8.3,2,2298.2,3,8.1,6177.14,1
64,90249.46,22806.52,0.7682,30082.6,36,0,71.74,14.6,7,4929.34625,1,14.4,30802.3475,1
24,84677.8,35029.09,0.8234,11376.29,12,0,92.79,8.3,4,2176.83,0,2.6,19658.88,1
28,45617.39,0.0,0.6813,24611.89,24,0,62.97,8.8,4,1628.75,2,4.0,12265.03,1
56,44936.73,21006.66,0.474,25027.22,24,1,89.3,2.2,4,2524.73,0,24.4,5149.78,1
21,34727.88,0.0,0.2218,4552.59,36,0,88.06,5.9,4,1701.18,0,0.5,3286.91,1
42,42408.12,29051.95,0.8402,35066.25,12,1,97.51,2.5,2,1077.73,0,3.4,6097.94,0
29,30348.22,18902.93,0.3448,8396.68,36,1,89.15,0.1,3,867.91,3,1.7,10980.78,1
43,63576.22,7384.57,0.3592,7010.38,24,2,61.66,10.8,8,3151.54,0,2.6,21645.51,1
55,25879.07,21241.78,0.9077,2000.0,48,0,78.02,0.3,5,1233.65,3,11.3,29175.04,1
63,67074.66,10575.64,0.9661,24738.56,36,0,73.92,0.6,5,3634.86,0,33.4,14692.05,1
29,67561.57,17403.33,0.8902,3569.35,24,0,82.83,0.1,5,3393.75,4,6.5,9985.3,1
60,21775.91,16647.69,0.9883,14830.81,36,0,77.13,0.3,7,1230.43,3,14.1,682.59,0
68,85996.37,28953.35,0.8615,28378.68,24,0,71.23,0.3,9,3706.54,1,12.2,10095.77,1
54,65272.19,29519.41,0.7003,21920.53,36,0,86.44,5.7,1,2204.35,2,21.9,13845.04,1
63,69993.96,10221.88,0.2979,13763.03,24,0,72.45,9.6,2,2055.77,2,26.4,18551.64,1
41,39826.7,23464.84,0.9439,4093.2,12,0,94.03,8.0,8,1001.73,1,12.0,5710.81,1
33,67447.58,17838.72,0.8691,18923.87,60,0,72.92,3.4,8,1967.11,3,10.7,277.41,1
30,77527.87,3698.54,0.2459,28552.75,60,0,80.61,7.7,4,3486.88,3,6.3,1714.47,1
42,53027.83,9430.17,0.4894,27008.36,36,0,93.04,3.0,3,2042.95,4,8.5,4768.32,1
69,95038.45,33689.17,0.0787,37867.81,24,0,92.92,11.8,1,4885.92,0,31.4,11586.68,1
21,55881.29,17862.84,0.9442,13465.41,60,0,83.44,3.1,2,2008.8,4,0.8,7078.08,1
28,77815.72,22998.24,0.5713,6829.66,60,0,75.2,0.1,3,2869.9,2,5.3,10484.0,1
49,60860.18,13303.65,0.2503,23099.51,36,0,82.32,6.1,3,2773.06,1,3.9,8450.39,1
66,66710.43,10680.46,0.2966,22114.21,36,0,93.99,8.9,1,3752.44,4,19.2,28059.34,1
24,21573.35,15218.12,0.971,19951.4,36,1,68.75,1.3,4,964.31,2,0.9,15491.38,0
63,62421.07,12871.17,0.6133,12536.02,48,0,64.9,1.9,5,2040.52,1,34.9,16858.62,1
28,40300.5,3053.98,0.4223,2000.0,12,0,83.28,5.9,2,1533.29,4,2.0,11905.08,1
45,38072.03,6973.4,0.4998,9933.87,12,1,82.96,4.3,8,2123.17,0,8.4,856.58,1
58,89882.06,20663.08,0.1066,25570.68,12,0,71.73,11.0,7,4651.91,3,11.4,30802.3475,1
40,50724.6,11954.47,0.0835,22839.64,24,0,77.38,3.2,7,1325.77,3,7.0,728.64,1
62,34933.96,15205.64,0.5909,29652.64,24,0,63.54,5.6,9,1168.99,0,18.1,4405.11,1
40,47817.37,16879.38,0.5118,23451.82,12,1,65.23,1.6,8,2158.09,1,6.3,16460.58,1
67,28991.0,17504.4,0.362,27360.17,36,0,93.13,13.3,2,1437.88,2,17.8,3734.34,1
45,83677.69,24172.63,0.5648,27647.32,48,2,78.58,2.3,8,2427.0,2,7.7,9979.12,1
60,41086.39,6210.43,0.0812,20204.75,12,0,63.99,3.9,1,1732.49,4,32.9,22544.72,1
64,65586.0,19562.02,0.9351,20274.99,36,1,98.47,4.8,9,2869.31,4,13.9,16922.62,1
43,82122.13,21040.22,0.2978,2000.0,60,1,68.4,1.5,3,2385.14,1,7.8,8269.19,1
42,44996.95,22886.81,0.0803,13434.16,48,0,72.68,1.9,7,1784.35,2,8.6,7243.1,1
46,65640.45,3696.66,0.1761,13865.97,24,0,98.9,3.5,5,1647.8,3,15.1,2375.66,1
36,34398.28,17038.55,0.1036,18911.96,60,0,67.24,1.6,4,1661.92,0,14.0,9030.71,1
50,103915.39,28728.61,0.185,10696.61,60,1,98.75,0.7,6,2863.21,0,16.4,11809.96,1
53,73727.6,14207.04,0.4184,29375.64,60,0,88.89,9.1,8,2202.59,2,27.6,9390.22,1
31,51147.87,18867.96,0.7333,11184.9,36,0,77.08,2.0,5,2629.64,2,4.5,2724.49,1
31,39543.33,21243.16,0.2769,31024.33,12,0,83.8,2.7,9,1534.01,0,9.7,19902.16,1
52,52720.07,6796.24,0.4372,10388.45,60,0,80.32,4.0,9,2536.38,4,12.7,7700.28,1
47,48200.33,29670.6,0.9202,13962.2,12,0,92.19,9.2,8,2256.66,4,15.7,1027.65,1
45,94058.89,18996.01,0.2999,13201.88,60,0,62.51,0.8,2,2823.83,3,3.7,1601.69,1
34,30489.31,19156.02,0.7888,15037.66,36,0,92.54,4.9,5,934.09,2,1.6,19562.74,1
20,57696.03,1703.78,0.1647,31786.38,12,0,98.82,2.2,8,2710.05,3,0.5,3679.59,1
33,54633.24,21356.36,0.1848,16729.15,24,0,77.18,10.2,6,1799.55,3,1.9,8240.98,1
63,52651.79,19051.28,0.457,16983.44,48,0,67.66,5.4,3,2091.44,4,17.8,6301.3,1
47,52827.67,27993.53,0.2394,12582.03,60,1,64.35,0.8,5,2767.0,1,12.0,7235.28,1
69,52678.58,12509.88,0.895,17402.07,60,0,73.87,1.8,9,1797.85,2,39.2,12304.84,1
46,72461.32,7098.73,0.0597,22164.49,36,0,65.23,0.2,9,2638.82,2,6.2,14382.87,1
62,67179.69,9542.09,0.5953,17848.39,48,0,69.19,7.4,2,2381.03,2,18.3,30802.3475,1
32,63378.23,10960.17,0.6021,18497.08,12,0,86.18,2.7,2,3160.54,3,4.4,12096.79,1
63,12000.0,6049.23,0.0747,30160.3,60,0,76.63,0.2,2,428.48,1,6.4,3767.7,1
42,60995.9,25321.28,0.7279,22736.49,24,0,96.04,0.1,3,2303.51,1,4.2,10493.93,1
68,21887.21,25621.58,0.4695,8491.15,24,1,78.56,15.6,5,952.66,0,35.7,8754.83,1
55,67926.4,13433.67,0.7186,19147.35,36,0,66.16,9.6,7,2855.39,1,14.0,7680.35,1
59,84489.95,11857.92,0.8204,14616.5,60,0,65.55,2.0,3,2888.56,4,26.1,96.96,1
64,36475.22,476.14,0.3264,25210.26,36,1,87.72,3.6,1,1652.67,1,19.0,16490.7,1
69,49764.39,20567.69,0.4848,21029.4,48,0,85.36,4.3,4,1832.07,0,37.7,27155.88,1
55,43012.89,28227.52,0.2655,31303.11,24,1,88.31,3.6,7,1732.13,4,21.9,3213.66,1
40,79708.64,9902.44,0.2075,12599.59,24,0,73.55,1.8,3,2995.53,0,7.5,694.83,1
42,56900.56,14065.72,0.0106,18075.8,36,1,96.6,2.5,8,2910.69,2,16.9,1972.56,1
59,89566.59,18474.33,0.9544,9358.86,48,0,64.55,1.0,4,3851.82,1,6.6,30802.3475,1
24,63275.08,28795.35,0.4421,19581.97,12,0,61.31,0.2,9,3664.87,3,0.9,10214.34,1
39,59849.0,16598.21,0.0228,4634.19,48,1,89.69,0.8,3,2480.72,2,10.3,4690.78,1
34,56364.14,16563.44,0.0188,23214.85,36,1,87.08,0.1,5,3082.63,0,9.8,3163.86,1
35,71359.84,16434.55,0.2926,19445.4,36,1,79.74,2.8,9,3148.69,1,8.9,30802.3475,1
66,20246.28,3599.74,0.0237,21551.85,48,0,61.75,5.4,9,1109.03,2,27.1,2079.72,1
58,54915.35,3425.67,0.377,27881.35,36,0,64.57,1.0,7,2673.02,0,11.3,2114.75,1
27,53599.07,8536.04,0.0717,22248.02,24,0,67.81,3.8,9,1555.66,4,6.4,5689.35,1
27,69508.38,23103.12,0.0485,7232.22,36,0,85.55,2.0,8,1955.54,4,7.0,4597.32,1
24,51245.97,12317.14,0.666,14441.27,12,0,86.52,0.6,8,2586.78,2,2.2,1811.26,1
65,34225.31,10763.17,0.8987,19198.18,24,0,87.08,0.7,3,1635.71,3,18.2,12941.84,1
67,55147.01,10622.6,0.4112,16719.01,60,0,92.12,4.8,3,2207.06,2,20.5,30802.3475,1
55,33343.19,13898.74,0.83,17940.42,24,0,60.99,0.6,2,1310.93,3,8.9,2764.88,1
44,16494.76,28616.86,0.0387,36214.53,24,0,85.73,4.0,1,775.68,2,5.2,9208.64,1
69,69542.45,13790.42,0.7721,21003.55,24,0,70.06,1.1,3,3026.03,3,32.8,2648.8,1
50,66581.23,8709.62,0.0715,23822.6,48,0,82.84,10.1,4,2113.96,4,16.8,6764.16,1
18,64341.82,15201.97,0.8317,2000.0,60,0,89.52,0.3,4,3485.88,0,0.0,16297.98,1
61,81058.57,29040.67,0.8747,27460.05,12,0,88.8,2.4,5,3926.51,0,19.2,6707.37,1
51,41699.36,10977.4,0.7803,47423.698749999996,24,0,71.52,7.2,8,1948.1,0,26.3,17772.82,1
21,26377.72,5551.96,0.8143,33456.54,48,1,74.21,6.9,7,1078.34,4,1.4,8509.43,0
34,53599.4,10992.07,0.5603,15598.1,36,0,96.69,0.8,6,3029.48,2,11.8,30802.3475,1
21,48049.99,16030.11,0.2696,42810.57,60,1,93.96,1.1,5,1218.63,2,2.1,7661.93,1
60,38154.09,20505.93,0.6404,20274.96,12,0,70.28,4.0,6,1842.06,2,7.4,13328.75,1
43,53403.02,23055.07,0.4408,23065.46,60,2,83.48,5.8,9,3084.31,0,9.6,2420.64,1
21,42767.9,6634.26,0.0152,17325.64,12,1,64.29,7.0,8,1911.43,3,1.5,2510.95,1
18,18279.89,7393.24,0.4773,17066.81,12,1,86.15,4.8,8,818.52,4,0.0,4423.47,1
24,46176.47,12413.9,0.6482,2000.0,36,0,84.85,7.6,6,2376.38,0,1.8,2486.71,1
47,32272.5,20475.94,0.0236,27874.94,12,0,70.56,2.9,1,832.55,3,3.1,143.58,1
67,59632.96,4919.94,0.6189,17030.02,36,0,76.87,4.1,1,1720.53,4,15.5,2441.43,1
26,41879.3,10141.38,0.6495,18119.39,24,1,91.29,2.8,5,2227.51,0,4.0,6760.0,1
52,77232.63,10258.05,0.1649,22733.38,60,1,70.22,7.2,8,3621.98,1,11.7,11048.73,1
25,87077.32,22533.99,0.4325,15854.22,12,1,90.73,1.0,5,4929.34625,1,2.6,8105.84,1
41,68587.63,19226.09,0.955,22638.27,36,0,72.66,1.5,7,2646.01,1,15.8,2102.64,1
36,23979.48,22229.75,0.8765,32030.61,24,1,93.58,9.1,2,956.77,4,7.1,1389.01,0
53,85103.92,25709.42,0.4126,24048.13,60,0,61.22,6.3,7,4010.72,1,27.2,17621.68,1
67,86514.41,12554.8,0.3528,18465.03,24,0,70.33,6.6,5,2683.84,2,10.5,15018.5,1
69,55375.81,5500.75,0.1316,18765.05,48,0,67.1,0.5,3,1916.09,1,8.3,2781.94,1
60,81458.52,5552.29,0.0445,22005.94,60,1,95.62,3.3,1,4372.61,4,10.5,7351.85,1
44,43966.5,295.14,0.3015,11678.5,36,0,77.14,4.2,9,2275.94,1,4.2,11183.85,1
49,54915.35,11329.87,0.9315,22078.6,12,0,81.82,7.6,7,778.33,1,8.5,11847.94,1
31,39794.31,11926.22,0.9494,26845.71,36,0,69.68,2.7,8,1470.68,0,6.2,6078.14,1
35,89586.02,21300.43,0.8063,20875.16,36,0,65.13,3.9,4,4139.6,3,4.8,6550.06,1
45,25178.4,15135.31,0.3538,15758.67,36,0,83.93,1.4,3,774.25,3,18.2,6584.01,1
46,54990.43,11077.37,0.1508,17128.96,60,0,71.33,8.9,5,2168.74,2,9.8,8353.84,1
33,55682.88,14072.01,0.5936,26521.69,60,0,97.15,12.3,1,2325.69,3,5.7,6288.81,1
52,44740.52,6688.21,0.6436,8998.24,48,0,79.05,3.1,6,1806.74,3,5.5,6614.15,1
64,46129.57,23203.25,0.4261,11835.43,24,0,65.53,2.9,1,1797.06,3,13.3,17122.71,1
48,56444.98,8712.68,0.6878,3930.99,36,0,60.95,2.0,8,2117.84,1,5.5,2302.28,1
21,43756.75,5880.55,0.7417,20339.99,48,0,69.29,1.6,5,1937.25,3,0.8,6210.62,1
54,26558.83,21543.06,0.7774,28618.88,48,0,72.8,4.0,7,980.54,1,20.2,11675.74,0
34,59300.64,19593.31,0.5023,33314.82,60,0,68.28,0.9,4,2648.08,1,5.9,7948.94,1
56,76467.33,1210.52,0.7858,35486.66,24,0,74.62,4.4,5,3236.92,3,4.3,3523.48,1
65,72391.45,21840.01,0.035,13095.26,48,0,95.16,4.1,2,2662.1,1,13.5,1052.86,1
63,54915.35,9067.26,0.6768,22500.31,12,0,61.92,5.9,7,1985.25,3,32.0,10982.51,1
43,29975.44,12007.16,0.2409,15976.88,48,0,92.05,1.3,9,792.22,0,9.1,12420.68,1
65,49316.24,16496.16,0.2751,36476.44,60,1,77.03,6.1,7,1676.03,0,23.2,659.5,1
56,86355.83,19693.0,0.0995,33034.46,36,0,96.26,0.1,4,3585.07,3,16.5,12848.19,1
58,67911.96,18563.83,0.1985,21680.71,60,0,86.68,3.8,8,3764.07,2,31.3,17372.15,1
21,69079.29,14601.45,0.9822,13806.44,60,0,66.6,9.3,6,1892.94,1,0.9,22541.05,1
47,72797.14,11602.85,0.4171,2000.0,24,0,98.38,6.5,6,3236.4,3,17.3,30802.3475,1
47,63415.33,18297.77,0.9192,5664.0,12,0,66.19,9.5,3,1944.85,1,15.0,8894.03,1
39,57412.17,14052.9,0.1696,2000.0,12,0,73.45,0.8,2,1458.62,3,11.2,30802.3475,1
28,68246.14,29442.84,0.21,5537.67,24,0,99.15,6.3,3,3677.77,2,6.6,7957.06,1
19,44076.68,19691.27,0.5567,38788.48,24,0,68.47,3.2,7,2389.78,1,0.2,11212.13,1
61,26710.74,7612.68,0.3525,7049.59,48,0,85.25,2.0,3,912.5,4,29.7,11651.3,1
29,69459.94,11179.2,0.641,9390.57,12,1,99.1,2.2,7,3729.16,0,1.9,13395.43,1
47,79754.76,15385.54,0.4236,10794.76,60,1,87.56,0.5,3,2996.48,4,16.4,14725.74,1
53,32635.36,25395.45,0.8054,45985.45,48,1,86.51,6.0,4,867.31,3,8.6,8305.52,0
35,71438.43,26288.84,0.4329,19375.48,12,0,84.86,5.0,5,2320.19,2,9.3,14644.98,1
43,88615.31,11830.92,0.5709,29942.04,36,0,82.22,0.8,2,4137.06,2,4.5,2917.79,1
24,54955.08,7530.93,0.3247,21753.95,60,0,97.97,3.9,5,1751.55,3,3.6,7261.1,1
18,38639.96,6508.02,0.7,2000.0,60,0,81.75,0.7,6,1709.2,1,0.0,1941.93,1
43,57460.37,17019.43,0.6516,35326.39,48,1,86.53,1.9,9,1786.06,2,14.1,5579.16,1
40,43989.32,33430.27,0.3991,24010.97,12,1,89.55,0.2,4,1405.3,0,10.6,4926.02,1
43,42665.4,19312.75,0.2805,18782.87,24,0,81.11,4.9,5,2027.27,4,6.4,274.96,1
62,63663.68,2248.7,0.6118,37601.27,36,0,95.51,0.1,4,3438.06,0,20.8,3298.58,1
23,22925.41,9191.97,0.9343,16534.51,60,0,60.91,1.5,5,1144.88,2,1.1,12155.47,0
23,26121.42,10008.69,0.14,18555.85,24,0,75.81,1.6,1,703.53,1,4.0,6028.9,1
61,55385.82,8423.98,0.7931,16548.97,24,1,84.67,6.9,8,3088.73,4,22.3,25678.77,1
25,54553.83,11896.85,0.5421,30762.91,24,0,60.76,3.0,9,1655.58,2,3.2,5193.22,1
41,61871.09,17955.16,0.525,28138.23,24,1,97.48,4.3,3,3046.87,2,17.1,6147.63,1
39,92504.51,20455.85,0.9525,22786.19,48,0,93.06,1.4,3,4557.21,3,6.5,14984.57,1
36,57090.28,23734.11,0.6038,9482.32,60,0,68.76,4.0,9,2286.47,0,4.7,897.01,1
54,66963.44,19193.62,0.8239,16297.66,24,0,73.27,0.8,9,2933.08,4,19.6,25830.19,1
35,35489.34,0.0,0.5142,9479.16,24,1,87.09,24.4,7,1000.74,1,12.5,6823.76,1
48,70358.75,6541.56,0.2549,31603.68,12,0,73.64,3.6,5,4040.6,3,16.6,13391.48,1
54,44472.18,13735.25,0.6906,4252.73,60,0,94.27,10.6,1,1207.72,1,4.1,12290.37,1
47,56428.42,16178.24,0.9147,35943.71,36,0,69.94,0.6,9,3122.54,0,20.4,3662.24,1
59,52823.03,21891.35,0.8344,32876.53,24,0,92.73,4.5,6,1759.03,0,12.6,30802.3475,1
50,75659.48,15345.47,0.2044,10814.71,48,0,78.58,5.6,3,2878.56,4,22.7,395.33,1
27,28800.47,15405.66,0.3206,15835.16,24,0,78.13,7.8,5,1447.55,4,7.1,26534.37,1
54,12000.0,16902.38,0.5165,12875.7,24,1,66.74,3.3,9,651.65,1,20.0,1026.32,0
29,50731.35,12959.83,0.5702,24302.34,24,0,99.33,0.2,1,2444.23,4,3.3,3709.43,1
47,64370.63,15695.08,0.1999,34124.48,60,1,73.79,1.5,1,1870.15,4,7.5,23055.39,1
44,58045.39,24006.66,0.2354,31856.19,60,0,68.18,1.6,4,2132.48,3,15.4,2408.66,1
56,79644.08,14328.71,0.7537,15670.7,24,0,61.3,1.9,6,3610.74,0,5.2,658.06,1
26,63747.45,14758.3,0.7257,32548.07,48,1,79.74,0.5,3,3689.63,2,4.4,12869.42,1
38,43723.03,14731.32,0.8324,31718.22,36,1,61.29,0.0,3,1683.6,1,6.3,3391.87,0
29,12000.0,25382.19,0.9243,18111.66,12,1,78.21,3.7,4,421.02,1,1.1,5091.47,0
46,50253.76,6135.57,0.3121,19905.42,36,1,96.11,6.7,1,1726.01,4,15.2,5947.94,1
50,75559.18,29206.78,0.8524,35417.14,48,0,79.92,1.3,5,4039.85,3,16.2,11305.12,1
60,47159.04,5588.95,0.6627,30583.62,48,2,61.73,5.9,8,1447.16,2,19.7,13228.28,0
32,55566.41,9766.24,0.9486,32247.84,36,0,70.57,6.6,6,2583.27,3,3.8,4066.03,1
19,63427.21,20957.91,0.2766,45853.84,36,0,61.95,2.6,3,3379.21,1,0.7,23429.82,1
69,34694.15,23242.53,0.2743,25472.67,24,0,95.28,3.7,4,1854.2,4,6.2,2412.87,1
56,67464.72,3772.01,0.7002,23256.65,36,0,69.6,1.9,5,1979.64,0,6.7,14243.85,1
61,54915.35,6258.39,0.9198,33579.37,36,0,62.6,2.4,5,4513.48,3,16.0,12863.25,1
35,51543.73,17222.74,0.8181,39878.21,24,0,98.58,4.4,2,2868.37,2,6.3,7394.1,1
20,32418.71,33755.36,0.7225,13886.06,48,0,79.49,2.2,3,1656.23,1,0.4,30802.3475,0
24,53667.98,24970.1,0.3896,17981.41,60,1,76.23,3.5,8,2597.02,3,4.7,6310.85,1
60,12000.0,13015.22,0.7134,9814.29,24,0,97.08,6.8,1,506.76,2,33.2,19591.22,1
35,61738.07,0.0,0.7951,23427.5,36,1,81.23,16.7,4,3123.23,1,10.9,646.75,1
61,64045.49,15653.14,0.7482,28892.59,12,0,71.26,11.1,2,2831.35,2,13.5,5084.51,1
55,88512.73,17898.37,0.6733,10511.23,36,0,91.68,12.3,9,3415.13,3,12.5,2418.74,1
54,51120.1,11938.44,0.0562,31337.96,12,0,70.87,12.1,7,2119.48,4,26.1,19445.33,1
50,63169.71,8194.21,0.6565,15466.73,24,0,77.71,1.4,6,2957.23,3,3.4,5589.23,1
61,37774.24,16273.32,0.4787,14652.09,60,1,92.13,14.6,4,1648.27,4,9.0,7497.26,1
48,47871.46,7461.91,0.9523,31299.38,60,0,97.26,1.3,1,2264.33,3,8.9,10948.47,1
28,24496.29,29979.59,0.605,13748.59,12,0,84.24,10.0,9,1414.01,2,8.0,5200.75,1
21,51104.21,27133.96,0.6061,5965.02,48,0,80.19,4.4,3,1722.23,2,0.4,4488.08,1
35,48893.82,20263.3,0.9842,27436.57,12,0,63.05,9.1,3,2845.21,3,9.4,4105.89,0
21,60984.0,15717.68,0.1017,18682.98,12,0,84.68,20.2,6,1634.67,1,2.0,14734.2,1
66,42528.06,9718.69,0.2808,31980.59,24,0,73.06,10.4,6,1924.87,4,8.3,30802.3475,1
51,56666.91,14833.7,0.653,28329.91,36,0,80.58,8.5,4,3180.87,0,6.2,3939.48,1
46,48332.4,28114.38,0.3189,2517.02,48,0,89.78,1.2,5,1373.37,1,8.3,11206.98,1
41,48370.01,21949.23,0.3492,33155.34,12,1,85.61,9.8,5,2805.8,2,11.8,21044.35,1
39,56607.25,16629.54,0.8848,38997.5,24,0,63.88,0.9,6,3148.34,2,5.7,30802.3475,1
19,55810.46,22391.79,0.5778,30336.04,48,0,75.89,3.6,3,2984.19,4,0.5,8634.71,1
61,70223.48,19364.89,0.1108,30738.6,60,1,67.98,3.5,9,2989.17,0,10.0,2021.28,1
23,52587.14,18170.22,0.3146,17523.28,60,0,66.04,3.7,7,1689.38,0,3.1,7847.64,1
59,48002.29,22844.51,0.0845,15233.05,24,1,68.81,6.4,4,1342.75,4,15.7,10650.51,1
42,51383.85,19136.22,0.555,22124.45,48,0,96.83,2.5,3,1395.4,0,5.9,6525.69,1
38,40706.72,21868.41,0.1798,29199.05,36,1,88.5,3.0,7,1815.51,3,13.2,3678.08,1
33,47801.78,16291.1,0.85,28947.34,24,0,96.32,5.4,5,2314.04,2,4.0,3751.23,1
48,95623.17,12966.99,0.5758,15622.17,36,0,80.26,5.7,2,3093.68,0,13.9,16130.86,1
31,36746.42,10614.7,0.0682,14608.41,12,2,60.04,2.9,6,1517.99,3,1.6,30802.3475,1
56,49426.87,9661.52,0.3049,5098.47,36,0,61.38,0.3,3,2106.67,3,12.1,11660.5,1
45,47250.23,2158.64,0.614,26469.2,24,1,65.79,1.5,7,2593.57,2,6.0,6071.59,1
49,50056.57,7704.48,0.3388,16102.19,48,0,91.23,14.4,5,1461.57,4,8.6,3836.58,1
45,48375.21,7473.17,0.5129,16989.55,36,0,68.07,13.1,7,2495.78,0,21.3,1764.27,1
68,60584.8,10941.24,0.9012,37278.75,12,0,64.06,5.2,4,3072.0,3,18.0,3547.18,1
66,20796.5,27497.95,0.353,25983.89,48,0,94.44,1.0,1,992.09,3,9.8,177.08,1
26,75743.43,13739.5,0.3392,23228.99,60,1,69.14,0.5,1,2519.39,1,6.3,4083.21,1
62,67651.66,16934.14,0.8134,28301.97,60,0,80.1,14.9,7,1807.38,1,13.6,1973.75,1
39,30142.57,17186.56,0.3224,34206.14,48,1,73.58,10.3,9,1539.98,3,13.0,257.58,1
49,12000.0,27700.65,0.0864,3825.19,24,0,95.86,2.5,6,523.99,4,22.3,1270.46,1
22,35458.56,10395.32,0.1873,14343.72,36,1,88.19,5.0,3,1628.54,0,1.4,23183.68,1
40,50146.67,13219.82,0.9398,17678.65,36,0,78.16,12.3,9,2678.28,2,12.1,3182.14,1
22,106605.84,14150.41,0.9246,10216.58,48,3,94.52,0.7,9,3134.5,0,0.5,7723.14,1
59,65865.14,24092.28,0.2303,17347.78,36,0,89.07,3.4,1,2099.51,4,15.4,2864.02,1
49,18848.21,25752.85,0.5524,4488.65,60,0,92.36,12.6,5,735.66,1,22.5,10615.84,1
27,41206.89,18796.67,0.1446,29221.79,48,0,99.1,9.1,3,1516.33,3,5.9,1745.77,1
56,53935.75,24863.27,0.6712,14824.95,36,0,68.13,1.7,9,3056.24,4,10.3,5950.58,1
32,60073.67,16421.29,0.1916,22009.56,12,0,68.1,15.2,7,2138.89,1,1.6,2529.62,1
24,28705.02,13619.17,0.0588,20513.09,24,1,82.26,1.1,4,1578.17,1,3.2,7867.68,1
46,52300.2,24429.79,0.8184,25574.19,12,0,81.3,1.2,5,2235.1,0,5.1,1042.6,1
64,40647.22,18900.94,0.3289,2000.0,12,1,94.76,0.5,9,1146.47,4,30.8,8843.83,1
20,32924.83,9115.75,0.1164,24502.64,36,0,66.24,0.6,4,1561.6,0,0.9,13119.32,1
36,60191.91,22979.37,0.8272,17249.08,48,0,77.0,7.2,7,3004.49,0,6.8,5955.44,1
27,70477.54,13332.06,0.7571,24068.64,60,0,81.12,1.6,5,2145.38,3,2.5,29969.02,1
45,71820.83,12353.41,0.6801,8205.47,48,1,78.57,10.2,1,2799.97,4,13.1,2399.58,1
46,66487.73,22144.03,0.903,24136.74,36,0,62.68,9.7,1,1990.78,4,18.9,1044.37,1
32,45052.61,14289.34,0.4894,32985.12,36,0,65.91,0.6,6,1392.21,1,6.0,898.12,1
52,69291.0,18111.67,0.1355,21897.66,60,0,66.14,3.8,2,3320.26,3,5.7,4053.6,1
23,61181.09,20295.52,0.0701,12827.59,12,0,83.84,6.7,5,2539.46,2,2.5,1566.71,1
29,57678.84,8736.46,0.3221,13264.69,12,0,77.15,5.7,2,1503.36,2,3.6,92.53,1
64,42766.14,18078.8,0.0951,25762.41,48,0,67.13,0.5,1,2401.52,4,21.2,2592.5,1
55,45062.48,25795.78,0.5348,25696.44,24,0,89.47,1.9,8,2163.91,4,5.9,2679.42,1
30,56477.74,7348.26,0.0242,23565.42,36,0,92.12,4.7,4,1511.63,3,1.8,1349.69,1
46,103797.49,18599.27,0.4449,19624.75,60,0,68.41,4.4,5,4929.34625,1,17.2,4899.73,1
36,61024.85,8364.26,0.1849,22029.6,48,1,88.91,8.4,6,3229.51,2,8.0,30802.3475,1
20,42776.23,23171.18,0.3709,19350.91,60,1,62.54,0.3,6,1647.75,0,0.8,24765.21,1
25,38352.21,23095.24,0.6715,16191.19,12,0,94.24,3.3,4,1923.33,0,5.4,190.85,1
25,45164.67,12165.42,0.3539,27574.77,12,0,98.51,9.5,2,1565.53,0,1.6,17134.28,1
37,98545.87,32677.03,0.3445,23101.17,48,0,66.23,25.3,2,2862.07,3,13.9,2536.39,1
64,47014.87,23853.0,0.9809,32905.42,24,0,91.45,0.7,1,2696.45,3,31.4,7707.36,1
21,73137.41,20655.43,0.7144,31168.65,12,0,63.89,5.2,5,1839.08,4,1.4,6294.5,1
68,47481.44,20204.89,0.5136,22774.81,60,0,98.45,0.0,6,2015.56,1,20.8,30802.3475,1
38,60223.69,22871.42,0.5778,25953.81,36,1,78.08,2.2,2,1702.65,0,3.7,9217.03,1
20,70834.91,7034.86,0.6178,10428.13,36,1,81.41,2.9,3,3179.24,0,0.7,9946.88,1
62,43561.94,16556.86,0.0341,19224.11,24,0,90.56,2.1,3,1095.69,1,21.1,27315.35,1
25,42177.77,18065.52,0.0887,23426.63,48,0,69.95,4.9,7,1142.22,4,2.4,1749.35,1
40,88177.39,11798.91,0.6462,4172.64,24,1,75.95,0.1,8,4277.76,4,16.3,6803.4,1
33,74691.86,18718.36,0.3672,24294.22,60,0,62.8,11.9,2,3883.03,4,2.0,1306.72,1
30,70813.45,24853.55,0.0643,10407.73,24,0,84.58,1.9,5,3644.85,1,3.7,1164.64,1
20,70745.53,11625.85,0.3016,11504.16,36,1,91.97,0.8,7,2178.76,3,1.5,12440.24,1
65,64191.51,14564.61,0.1377,14705.14,12,0,94.07,2.8,8,1616.07,1,7.4,9202.22,1
26,95355.52,8435.32,0.908,19694.93,12,1,81.45,3.6,3,4765.22,0,3.4,1185.53,1
31,55878.17,704.09,0.2089,6719.71,48,0,90.63,0.3,6,1738.45,4,8.1,7361.27,1
30,66545.25,21231.46,0.1508,28566.43,60,0,66.0,8.0,9,2370.87,4,4.0,29524.56,1
24,25981.74,14794.13,0.6236,21774.18,48,1,89.74,6.7,4,887.46,0,4.0,1495.94,1
32,38500.79,15380.64,0.5215,39249.79,24,1,60.18,3.6,6,2158.13,2,2.9,1809.32,0
24,30983.62,7105.81,0.5744,23000.8,24,0,67.79,1.0,4,1680.42,1,4.7,11062.08,1
55,80481.27,13515.97,0.4372,25708.05,24,0,85.39,13.1,5,3228.87,0,20.4,2577.93,1
51,12000.0,23772.75,0.4678,11461.36,60,0,72.82,7.9,3,616.88,2,10.1,14125.61,1
58,46953.8,15006.57,0.7732,8181.9,12,0,76.42,1.3,4,2340.29,2,6.0,25358.77,1
39,12000.0,15233.47,0.2255,26191.56,36,0,93.04,6.7,3,488.09,4,10.3,78.71,1
41,38374.24,16660.23,0.3986,9067.1,36,1,82.84,0.5,4,1082.26,1,11.8,3877.36,1
66,45181.02,5108.94,0.9487,26418.49,24,0,75.96,0.6,6,2294.78,2,19.7,8727.1,1
54,82697.42,19999.36,0.1962,37065.24,24,0,78.63,2.9,2,3935.72,3,27.2,7234.67,1
61,62932.56,4958.42,0.2979,29457.69,24,0,93.94,6.0,1,1901.32,4,14.0,7886.58,1
18,38337.17,7483.08,0.1977,25704.47,60,0,79.42,12.5,8,1579.92,1,0.0,11724.33,1
27,76319.27,6606.28,0.0301,22694.97,36,0,95.01,17.7,3,3930.58,0,1.3,16443.98,1
60,55356.65,13598.2,0.2744,16160.4,48,0,69.88,5.9,4,2801.68,4,17.6,3289.09,1
33,55751.34,12180.38,0.0555,18854.39,12,1,81.35,7.6,4,3198.69,4,9.7,13859.65,1
63,30946.57,14990.2,0.1616,14345.71,48,1,74.76,3.6,4,1251.55,1,28.0,796.06,1
25,35199.73,7757.95,0.3654,6845.96,12,0,83.65,0.3,8,1849.53,3,3.0,12114.93,1
66,38498.05,23043.96,0.0303,20354.27,60,0,83.02,0.7,4,971.89,2,33.6,17998.53,1
42,55929.23,21672.22,0.7479,31078.89,12,0,82.85,17.7,3,2596.21,1,18.4,26901.51,1
67,56557.71,13609.49,0.7897,7112.01,60,0,81.11,2.5,6,1939.66,1,19.8,10287.73,1
29,85881.85,11173.07,0.4132,33984.96,36,1,78.18,7.4,2,2594.52,0,3.8,3788.05,1
42,62701.1,10365.14,0.975,32171.84,12,0,96.41,1.2,9,3110.5,0,13.0,10594.02,1
34,12000.0,12518.84,0.6754,23969.99,24,0,70.72,3.8,5,448.46,4,12.8,1942.12,0
43,60252.84,3798.04,0.7388,24050.45,24,1,77.36,0.8,7,2739.31,1,3.2,11948.24,1
63,25999.67,7323.14,0.1985,18137.54,60,0,68.45,8.3,1,1369.75,2,16.0,20916.19,1
65,35680.58,21880.96,0.8307,20420.17,36,2,73.29,0.9,2,1531.39,4,20.8,30701.17,0
31,38756.61,17414.5,0.9361,15364.15,60,1,69.96,6.1,3,1536.96,2,10.2,2045.55,0
58,41733.23,28074.2,0.2416,20316.38,48,0,86.79,0.8,4,1907.14,4,27.1,9621.36,1
53,27497.01,12606.44,0.6827,21398.26,48,0,88.3,8.5,3,1600.39,0,10.8,30802.3475,1
40,59069.64,12107.89,0.742,38812.44,48,1,71.07,3.5,2,1726.54,1,14.3,9856.15,1
60,26783.95,11736.81,0.3091,25656.16,24,0,99.34,2.7,6,911.7,2,10.3,28609.53,1
23,62133.35,12446.68,0.4755,17905.97,48,0,71.37,2.1,1,3488.26,2,2.6,5774.24,1
64,99739.42,9720.37,0.1056,19010.93,12,0,93.14,5.8,8,4929.34625,0,5.9,15645.79,1
22,28412.82,17167.91,0.1796,12867.42,48,1,71.7,0.5,1,1238.61,0,1.6,883.53,1
60,49309.79,15232.83,0.0703,14515.71,24,0,76.53,9.7,2,1261.2,0,26.7,2345.14,1
42,12000.0,10920.68,0.559,29106.96,12,1,86.59,7.2,3,632.09,3,7.2,1249.14,0
35,48981.29,25009.19,0.6228,15060.33,36,0,82.31,2.3,4,2254.24,1,10.4,580.73,1
30,67854.34,30172.66,0.9078,13824.64,60,1,80.25,19.0,5,2884.71,2,4.0,5865.83,1
60,69412.78,24332.62,0.5413,14074.87,60,0,91.77,8.9,4,3969.28,1,6.3,19207.11,1
31,56547.27,19464.99,0.2654,12708.21,12,0,88.31,1.6,6,1664.68,2,9.5,3267.32,1
45,72785.27,21094.16,0.0683,31271.85,12,0,96.57,10.9,3,2655.95,1,10.6,2691.34,1
35,105921.09,29851.32,0.8773,21427.03,60,1,69.23,0.5,8,4859.33,4,10.5,14224.06,1
45,89246.09,21082.55,0.4793,17176.85,60,0,60.65,5.8,2,2245.05,0,13.9,3056.98,1
68,44549.58,10318.51,0.7326,20292.82,12,0,99.99,0.7,9,2398.69,4,28.6,9393.83,1
44,25977.92,18138.18,0.0244,22172.91,60,0,71.34,18.6,7,1309.39,4,12.4,1743.78,1
49,46876.97,20009.95,0.4884,12527.06,36,0,61.72,0.3,8,1538.96,1,15.0,5176.09,1
64,36060.34,7042.26,0.3292,6104.04,48,0,69.89,1.3,6,1271.68,4,32.5,7886.42,1
26,64026.95,12720.55,0.0397,33385.03,48,0,86.75,3.8,5,2252.77,1,4.0,30802.3475,1
57,31376.13,23803.13,0.7702,29880.24,36,1,83.52,4.4,5,1685.05,2,26.0,19327.48,0
49,53543.55,412.06,0.5126,23778.03,48,0,68.27,3.6,7,1911.56,4,12.8,139.84,1
37,71760.28,4996.57,0.3365,29191.94,48,0,67.45,6.7,4,2461.97,3,14.8,10103.37,1
45,52986.08,13588.74,0.7997,39143.64,48,0,77.77,0.0,1,2631.06,0,3.9,10344.87,1
50,36073.72,17829.44,0.448,14645.96,24,0,60.54,4.1,6,1597.73,4,11.7,7997.65,1
21,78496.28,4138.94,0.0134,8799.66,36,0,60.1,4.8,5,2902.52,4,0.7,276.08,1
63,17420.38,13985.69,0.9356,26615.17,60,1,84.67,1.2,7,770.03,2,13.9,3279.79,0
51,48444.1,24230.15,0.2606,5331.74,12,0,73.01,5.4,1,2695.82,1,6.1,2269.87,1
65,54166.8,15549.21,0.824,20379.73,36,0,60.96,5.3,7,2167.65,1,21.1,357.86,1
20,55318.17,22512.71,0.8101,17015.69,36,0,78.39,3.8,2,1391.69,1,0.2,21646.27,1
43,58609.92,10263.09,0.1691,26738.88,24,0,97.42,1.5,7,2898.91,1,12.7,8866.15,1
25,67208.8,8520.67,0.4745,15177.25,24,0,70.2,2.7,2,3916.58,0,5.3,3013.62,1
23,54291.85,21790.99,0.0494,31997.7,48,1,70.04,1.6,3,1452.23,2,1.1,21539.99,1
33,47638.83,17954.12,0.3575,12531.16,24,0,78.72,7.3,7,2161.75,0,8.4,18957.01,1
41,46848.21,5515.23,0.7264,27058.01,60,0,65.94,4.8,2,1793.51,1,6.5,2595.01,1
65,42769.68,8593.27,0.2423,13335.86,60,1,85.52,0.8,4,1874.05,1,9.5,2661.74,1
56,70750.87,27516.65,0.1248,25484.54,48,1,93.57,4.2,9,2494.74,1,26.1,1990.9,1
47,42069.43,7603.56,0.507,9853.54,24,0,67.78,11.7,6,2108.05,2,12.5,2097.26,1
62,71935.42,22474.63,0.5362,19758.86,48,0,86.35,8.9,8,2022.04,0,6.5,13184.24,1
30,55379.98,11174.51,0.6723,33220.92,12,0,95.52,11.1,9,1550.44,2,5.8,2742.41,1
22,44574.9,14974.59,0.754,21150.05,24,1,96.12,12.4,9,1917.04,1,3.1,17729.93,1
42,67368.14,17356.74,0.6919,31830.77,24,1,82.12,1.0,7,2404.97,0,15.9,30802.3475,1
37,40450.92,0.0,0.8385,19737.26,24,0,66.09,6.4,2,2255.97,0,9.3,573.85,1
35,67763.68,3298.26,0.2284,14949.51,24,1,86.37,5.2,6,2128.62,1,13.0,7528.29,1
64,59254.52,15690.66,0.5684,21719.82,60,0,89.39,0.2,8,3013.7,2,30.4,359.43,1
35,43073.51,9205.54,0.3629,26183.97,48,0,90.17,7.5,4,2476.19,0,7.0,4003.17,1
19,65572.7,22972.65,0.9529,2000.0,60,1,97.37,1.2,9,2353.48,1,0.4,27366.16,1
27,65931.79,2151.03,0.4415,25222.85,48,0,84.61,12.4,8,3664.75,0,6.7,4559.65,1
62,78150.39,19522.04,0.9505,10601.65,12,1,78.64,9.0,1,2779.35,1,5.8,11676.76,1
67,74322.94,3990.23,0.7637,8115.62,24,0,80.1,7.3,8,3230.92,2,16.2,7697.13,1
64,64825.48,12183.16,0.7141,25385.77,36,1,72.86,6.0,9,1621.38,3,18.7,8849.39,1
29,32448.18,6484.98,0.4917,33385.03,60,0,62.29,3.2,1,1097.02,3,2.7,30802.3475,1
64,103971.74,30219.44,0.4445,22164.06,36,0,88.7,8.0,9,2781.61,1,10.3,17175.58,1
30,26927.68,4284.06,0.526,6445.93,12,1,60.79,8.6,1,700.01,2,5.4,25185.72,1
67,73985.26,14023.52,0.2978,13294.39,36,0,62.56,0.5,7,4305.07,2,25.0,11018.37,1
64,63625.68,1185.31,0.8964,15817.33,12,0,73.37,2.0,2,3212.9,3,19.4,5157.24,1
28,31517.15,27796.56,0.7884,21960.97,60,0,97.24,1.9,4,1141.4,0,3.8,4767.2,1
36,52513.98,18210.26,0.7954,19281.2,12,0,79.33,0.7,8,2505.04,2,10.7,30802.3475,1
52,53424.94,16095.78,0.4345,24952.3,60,0,68.61,18.6,8,2274.06,3,21.0,3535.06,1
56,81111.65,26794.5,0.0797,29999.73,60,0,95.88,4.4,7,4509.51,0,8.4,2058.55,1
43,40733.78,16179.38,0.6794,23447.45,36,1,82.87,4.5,4,1356.46,2,3.6,1390.52,1
63,49761.1,16756.57,0.3769,28980.81,48,0,74.79,2.4,4,2094.0,4,6.5,7853.3,1
31,12000.0,16053.8,0.863,17302.9,48,0,88.63,7.3,6,302.59,0,8.0,12271.12,1
62,89695.26,19509.07,0.7747,47423.698749999996,48,0,77.64,3.2,5,4417.34,3,4.9,6725.37,1
61,33590.64,11060.47,0.1524,25531.81,24,3,89.2,6.8,9,1487.03,2,33.7,23200.29,1
41,61538.22,13285.7,0.5997,26840.49,36,1,68.74,10.5,5,2816.93,3,13.7,13387.59,1
58,52971.84,21482.68,0.6884,37576.81,12,0,66.01,5.3,6,2605.92,3,20.7,1893.07,1
18,53039.98,17218.98,0.5668,20881.79,48,0,78.44,4.9,8,2000.27,4,0.0,30802.3475,1
68,71197.24,14086.05,0.5138,13544.92,36,1,72.78,7.7,4,2151.07,4,6.1,10638.43,1
60,88425.25,3795.82,0.2333,33064.34,24,0,84.21,3.5,2,2753.49,2,17.6,1897.1,1
39,60029.87,26984.4,0.2412,33651.43,36,0,91.55,8.3,2,2965.32,0,7.7,5781.67,1
40,54915.35,9708.37,0.7626,21535.06,12,0,96.06,0.5,5,3959.33,3,6.7,6132.68,1
36,61577.83,22897.9,0.0283,37596.28,48,0,90.42,1.4,2,2461.61,4,3.4,9976.31,1
35,75350.63,16406.03,0.7733,19167.14,12,0,73.67,12.9,2,2315.35,3,4.9,30801.01,1
29,45741.67,4652.4,0.5263,29322.83,24,0,89.09,0.9,4,1249.88,3,6.0,4933.81,1
45,76507.81,25018.2,0.9275,35155.32,12,0,81.2,3.0,7,3140.21,4,10.2,8810.76,1
45,77210.0,17036.33,0.9874,20983.29,24,1,96.24,3.3,1,3773.55,1,8.6,4922.83,1
50,76650.74,25682.76,0.6602,24567.98,12,1,88.28,2.7,5,3454.71,4,23.9,23224.69,1
36,41797.04,13540.73,0.414,30260.15,24,0,66.01,10.1,3,1451.08,4,6.0,30802.3475,1
45,51633.25,20632.41,0.4756,16338.15,36,0,63.12,6.9,3,2313.97,3,19.9,13478.33,1
69,59789.34,899.78,0.2101,11858.48,36,0,81.75,8.3,8,2577.55,0,8.0,3022.17,1
66,27583.16,10998.27,0.1072,33329.82,36,0,74.6,23.7,4,888.93,3,32.6,9634.77,1
54,86898.4,4816.05,0.5772,23067.66,36,0,66.72,18.4,6,3357.75,3,16.5,2914.05,1
43,54754.47,12001.73,0.7994,14944.1,12,0,91.91,11.1,1,2966.77,4,11.4,8541.28,1
52,60678.56,18774.49,0.2665,20941.17,60,0,75.02,4.2,2,3039.0,3,17.6,4934.61,1
51,43459.91,10163.36,0.4213,25085.32,24,1,63.44,1.8,8,2433.15,3,18.6,14438.65,1
52,28462.45,21910.74,0.5537,4307.01,24,0,70.49,6.4,6,1557.86,0,22.9,22684.59,1
57,42919.4,8147.1,0.8997,27159.93,60,1,87.08,14.9,8,1426.91,1,5.4,141.03,1
33,59384.08,22081.89,0.1459,24084.46,24,0,85.92,23.1,7,3191.18,1,4.8,24520.13,1
55,68468.58,25478.06,0.2421,36550.99,24,1,70.5,4.7,6,3115.5,1,15.7,2993.62,1
30,58235.83,23108.21,0.9102,17810.09,36,1,73.65,6.0,3,3323.56,1,9.3,12854.36,0
40,61934.48,12246.49,0.0487,33771.17,24,1,61.99,1.6,5,1952.69,3,3.1,2539.7,1
39,48259.47,0.0,0.653,19553.54,24,0,98.13,1.1,7,1759.6,2,7.9,4227.23,1
33,64924.97,19657.34,0.6367,21391.74,48,0,73.09,5.1,4,2490.15,2,9.7,9523.64,1
45,84656.66,13998.12,0.3856,22809.51,24,1,97.18,1.3,6,2183.37,3,20.3,1719.44,1
65,69095.79,7172.86,0.4688,40932.53,60,1,92.56,2.5,1,2832.12,3,31.2,2641.23,1
52,71190.84,10549.77,0.8478,7605.09,24,0,73.41,3.4,2,4019.43,1,26.7,6509.76,1
62,60880.33,26475.4,0.1717,24950.75,60,1,87.77,13.5,8,3176.52,3,20.6,1262.51,1
63,24936.9,5901.28,0.2369,20422.31,24,0,78.95,19.0,6,789.05,4,27.4,1446.41,1
25,34106.67,18746.47,0.5121,19714.65,60,0,99.07,1.4,6,1173.73,0,5.0,11071.04,1
61,64097.52,16743.67,0.4116,25830.11,24,0,85.54,0.7,8,3688.15,0,16.8,30802.3475,1
39,54781.22,12140.9,0.5729,31060.01,24,0,80.76,1.3,8,1478.79,4,3.3,30802.3475,1
38,63796.86,20156.26,0.9124,25316.32,48,0,85.52,3.7,1,2560.47,0,2.8,6899.83,1
43,88528.47,28057.96,0.9088,32352.05,48,0,68.81,7.6,9,4830.66,2,18.6,14258.95,1
57,69520.72,12632.23,0.2354,17490.39,24,0,72.26,3.7,4,3354.06,1,4.0,9748.77,1
38,80177.72,13054.55,0.3061,19514.48,48,0,88.51,13.5,2,4629.84,2,6.4,61.74,1
42,56893.63,19976.52,0.1688,9991.29,12,0,63.35,5.1,3,3271.63,2,16.7,23247.4,1
58,38855.69,22345.94,0.9192,39829.06,12,0,72.1,3.3,7,1945.75,4,15.1,15368.88,0
18,53842.68,13978.34,0.3999,18132.88,36,1,84.78,7.4,9,2219.01,4,0.0,2605.58,1
23,38904.96,12557.01,0.4507,17027.85,36,1,99.83,15.4,7,1781.83,1,1.0,30802.3475,1
40,86165.9,0.0,0.7966,26066.63,12,0,97.03,2.0,1,4434.24,4,2.7,4758.01,1
68,70807.82,8775.93,0.5127,31070.79,36,0,93.29,1.6,6,2461.42,0,27.7,4963.92,1
40,65410.25,5885.51,0.1274,13079.19,24,0,80.03,1.2,6,2634.86,0,7.2,10979.85,1
60,79718.86,20477.0,0.4391,31866.87,24,1,92.19,3.8,5,3766.19,0,4.6,10601.7,1
60,14598.87,13048.78,0.6279,16966.98,36,0,82.36,3.2,1,497.03,0,6.6,11186.68,1
40,66762.76,12735.83,0.7148,34306.2,12,1,78.34,1.4,5,3131.51,4,15.3,243.56,1
49,28787.08,14927.55,0.6424,14590.91,60,0,68.94,6.4,5,859.78,2,5.8,4067.99,1
47,54854.89,8038.59,0.1268,27354.47,24,0,98.04,1.8,8,2138.38,0,13.0,127.38,1
30,48765.85,27425.98,0.3083,20427.1,48,0,83.93,7.1,5,1384.84,1,4.1,4147.91,1
60,68234.73,25385.55,0.7289,8736.22,60,1,87.01,9.1,5,3624.62,3,10.2,18387.73,1
35,59563.75,27944.85,0.8726,5840.36,48,0,65.64,10.1,9,2089.99,2,3.2,3042.25,1
40,81902.34,20467.34,0.0562,12570.47,24,0,77.23,0.8,6,4576.23,0,12.0,1940.75,1
32,42962.06,14764.18,0.0514,29925.57,36,0,98.59,1.8,9,2202.46,4,10.0,25689.11,1
50,69182.29,27917.83,0.6405,2000.0,48,1,90.31,3.7,9,2456.68,2,16.7,2590.74,1
38,58244.46,9552.27,0.5471,23339.46,12,0,95.31,9.3,4,2627.85,0,7.3,6463.29,1
56,22294.19,8030.33,0.1622,22468.91,48,0,75.84,2.6,3,884.81,4,12.0,4094.69,1
40,36627.67,10187.91,0.5473,3177.04,12,0,62.66,5.4,7,1899.82,1,7.8,901.38,1
44,52002.44,19182.97,0.965,12031.05,60,0,74.06,3.0,4,2489.73,1,9.3,2577.71,1
62,77245.85,8903.16,0.6283,12012.15,60,1,75.04,0.2,6,3614.6,3,20.1,9891.44,1
61,64274.46,13757.02,0.4502,20526.91,36,0,72.04,1.9,6,3162.95,3,15.4,865.52,1
35,31649.98,2185.16,0.821,34663.36,12,1,81.07,7.1,8,1235.67,3,8.7,401.24,1
41,52193.68,18848.78,0.2186,30749.62,36,0,67.69,6.6,9,2024.88,0,4.0,1745.92,1
68,95356.13,2863.17,0.416,16396.92,48,0,97.51,10.8,7,3500.4,1,14.6,3430.85,1
64,57224.47,7542.71,0.5272,11705.83,36,0,96.3,4.5,6,1736.32,0,27.8,12449.03,1
57,48453.49,24737.34,0.5044,4416.26,48,0,70.46,7.3,1,1796.69,0,24.6,6676.96,1
68,64834.79,24442.55,0.9126,16213.92,60,1,86.06,2.7,4,2986.26,1,28.7,6895.14,1
59,70267.86,17994.5,0.2968,11012.13,36,0,80.05,2.2,2,2492.71,1,13.9,4657.1,1
24,45876.63,17205.31,0.0654,19638.52,60,1,70.0,2.1,6,1443.17,3,2.5,15425.71,1
67,65051.5,10752.32,0.908,20017.44,48,0,95.88,0.9,2,3702.18,2,11.1,431.37,1
65,48422.21,8816.77,0.2227,15244.14,12,0,69.24,2.9,5,2149.84,4,36.5,8845.79,1
37,69386.55,12102.07,0.3814,15453.56,24,0,84.98,8.3,7,1809.27,3,13.5,30802.3475,1
44,58393.86,2890.77,0.5303,13062.05,48,2,73.41,0.1,6,2980.99,1,19.7,8473.65,1
23,64639.36,17019.59,0.9664,14875.21,48,0,93.04,4.3,4,3069.59,3,2.5,13391.88,1
44,39816.33,15390.65,0.5346,34359.15,24,0,84.81,0.9,5,1511.68,4,11.1,1603.26,1
26,38574.27,7532.63,0.4488,25178.08,24,0,93.3,6.8,6,1860.97,3,5.7,8553.27,1
62,73909.95,27549.46,0.582,25313.5,60,0,73.91,0.8,8,4100.57,0,17.0,3780.08,1
48,53412.07,19855.31,0.9614,30119.43,48,0,60.45,0.9,4,1719.23,2,8.6,12314.77,0
38,60700.69,20534.73,0.8116,29235.23,48,0,68.87,0.2,6,2586.61,1,9.0,1985.53,1
43,48872.09,11101.28,0.1756,34247.64,36,0,92.58,2.9,9,2478.72,1,5.5,8592.02,1
57,72974.54,14989.36,0.7972,25884.18,24,0,72.67,5.2,9,2026.78,3,24.9,7209.66,1
65,42843.8,20018.98,0.8343,22051.44,12,0,72.79,1.7,9,2144.74,3,19.2,13063.57,1
62,52287.98,16222.26,0.6869,14092.29,48,1,77.99,3.4,4,2638.54,1,24.6,11037.18,1
30,70719.86,27815.21,0.6541,11758.48,36,0,70.99,13.5,7,3071.09,1,6.1,13544.88,1
66,78459.35,13369.7,0.4421,28822.57,12,0,92.28,9.8,6,4013.89,1,24.5,25663.89,1
40,44524.81,10963.52,0.6389,18889.45,60,0,72.87,3.1,4,2108.09,2,16.5,8515.51,1
37,94193.68,20074.02,0.7328,6401.2,36,0,84.16,8.7,8,3373.21,2,2.6,5097.9,1
54,61264.83,4882.82,0.1304,2000.0,12,0,78.04,8.1,7,1830.37,4,19.1,6908.23,1
45,34141.43,22394.38,0.2622,41476.28,48,0,71.49,4.1,9,1948.61,4,7.7,11805.31,1
34,62381.04,4594.31,0.2002,10140.64,36,0,70.61,3.7,9,2756.61,3,3.0,2715.63,1
45,47340.02,20108.68,0.8344,13137.61,24,1,80.08,5.3,6,2307.68,0,3.7,2126.84,1
58,63681.37,9813.81,0.6764,32280.78,12,0,68.43,6.4,6,2740.09,4,27.2,930.65,1
19,54142.88,18812.67,0.4518,7914.25,48,1,73.83,8.6,9,2694.8,2,0.4,5129.79,1
42,56485.47,22258.74,0.8195,25314.1,36,1,61.58,4.3,8,1699.89,2,14.1,804.9,0
67,36768.13,16227.37,0.7124,38219.77,12,1,91.61,6.9,8,1190.8,3,36.9,1218.33,1
58,74801.22,5403.03,0.9053,41138.3,60,0,61.75,1.0,6,3998.72,2,27.9,21207.85,1
23,31877.45,7825.8,0.0853,15525.52,60,0,94.89,6.9,3,855.01,1,1.3,9172.6,1
28,32824.7,9170.73,0.509,19879.63,24,0,61.9,0.3,2,1319.94,0,5.4,30532.13,1
55,62347.21,0.0,0.7026,16036.16,36,0,93.93,5.4,4,1955.42,0,11.4,4571.03,1
23,87056.88,24019.82,0.2133,19820.5,36,1,85.77,6.2,5,3828.39,0,0.7,4487.89,1
62,47948.14,15880.86,0.3306,32982.72,24,0,80.24,17.1,2,1942.87,3,32.4,19365.92,1
28,69019.45,5915.86,0.4206,6006.88,36,0,65.8,2.7,9,3424.36,3,5.9,8619.27,1
31,76466.8,26645.4,0.7884,26479.57,60,1,70.27,0.6,6,2698.04,1,8.9,8333.54,1
19,71293.69,9389.38,0.4937,18045.02,60,1,87.61,2.0,1,2783.72,1,0.3,8191.21,1
57,48775.83,17004.58,0.493,33685.01,24,0,80.49,2.7,3,1600.52,2,11.5,16683.78,1
20,33179.07,8397.84,0.4323,33154.2,48,0,80.57,7.3,1,943.2,2,0.5,11208.33,1
52,12000.0,0.0,0.234,15928.69,24,0,65.33,1.0,4,390.71,2,10.2,2095.8,1
50,49743.19,4084.48,0.9146,18892.19,60,0,79.0,0.9,9,2733.28,3,5.6,12139.4,1
41,78561.75,11412.08,0.3214,28927.63,24,1,83.61,1.2,4,3230.27,2,14.1,7831.34,1
36,32516.68,22186.37,0.5661,29833.21,60,0,64.89,1.3,7,1395.57,4,14.0,1258.29,0
35,69004.2,17772.27,0.1558,2000.0,48,0,98.97,12.9,8,3429.12,3,12.5,3819.33,1
66,35996.95,16121.64,0.4356,28895.5,60,0,93.2,0.9,8,1936.92,0,9.7,14437.52,1
69,57121.45,0.0,0.8957,36464.82,36,0,72.7,2.7,9,1472.09,2,12.6,26432.55,1
41,69155.83,25160.69,0.9856,22556.09,12,1,82.54,2.6,1,2015.97,0,8.1,6405.42,1
62,41810.09,16789.44,0.3645,29501.76,48,1,82.36,0.7,7,1640.89,3,10.5,12504.96,1
52,58409.69,14044.66,0.1609,32787.56,12,1,64.27,0.6,5,1848.57,4,19.7,502.09,1
18,46698.17,24059.38,0.3182,22215.94,48,1,77.53,12.0,9,1905.98,0,0.0,7231.46,1
53,69102.97,24979.97,0.3307,28142.31,48,0,68.31,9.1,5,3143.51,3,22.0,7033.08,1
42,59706.34,24236.72,0.6416,20126.86,48,0,73.33,13.5,2,2468.22,0,12.2,30802.3475,1
62,56130.15,13023.31,0.4962,19478.32,48,1,97.75,1.9,5,2674.32,3,12.2,30802.3475,1
66,86167.0,6972.19,0.7631,13384.59,60,0,82.05,3.7,9,2209.23,4,8.9,6429.36,1
60,68246.12,22911.38,0.6973,21730.22,36,0,62.68,1.5,1,2938.44,1,18.5,1759.83,1
51,41192.96,4079.56,0.2563,38868.57,60,0,86.89,2.5,7,2018.38,1,23.8,7122.07,1
42,53282.72,30578.05,0.7786,10975.05,60,0,99.95,7.9,3,3102.2,2,7.0,11343.81,1
33,53482.02,15224.0,0.8405,26168.73,36,0,66.71,3.2,4,1524.61,2,4.9,13464.04,1
51,56606.39,6512.93,0.5964,23209.55,48,0,87.32,0.6,4,1437.1,0,19.9,2028.39,1
46,105490.19,5145.05,0.9191,34748.28,36,1,92.97,0.0,2,3659.42,2,9.5,13996.14,1
36,62417.04,4779.16,0.7773,36628.93,12,0,93.76,1.3,3,2244.51,3,12.8,30361.1,1
40,14281.95,16122.9,0.5935,10757.22,36,0,88.3,1.0,3,741.8,2,15.5,1887.32,1
36,44144.02,14948.86,0.898,14257.85,60,0,96.39,7.9,7,1473.81,2,13.1,6489.77,1
42,16352.56,5112.62,0.5984,14804.14,48,1,61.28,5.5,8,543.06,2,15.3,19991.14,0
33,48404.03,12148.35,0.5208,15158.01,60,1,62.57,9.1,8,2614.53,1,2.1,3630.73,1
68,15253.8,4056.52,0.3591,16015.52,12,1,65.38,2.7,9,599.55,3,23.6,683.18,1
26,37568.19,19714.41,0.8752,23470.65,48,0,61.73,4.4,2,1763.15,3,3.5,30802.3475,0
18,24585.57,14563.25,0.1303,11486.13,24,0,64.8,2.7,8,785.13,4,0.0,12701.46,1
59,62683.2,11972.78,0.474,12892.09,60,0,92.68,1.3,6,2825.25,1,22.9,1620.41,1
36,55010.79,4695.11,0.5367,12094.1,60,0,95.86,5.0,4,3015.57,3,11.3,6099.11,1
50,61059.25,12598.76,0.5537,24926.24,36,0,73.44,2.5,4,3015.02,1,15.3,8862.25,1
51,52908.97,11682.18,0.6489,19362.32,48,0,98.29,1.4,9,1568.83,3,20.7,25059.13,1
33,27114.04,17541.81,0.5057,17586.99,60,0,76.74,13.9,4,796.84,1,4.1,3441.47,1
61,65270.43,16336.14,0.2617,11581.2,12,0,66.88,0.6,2,1853.33,3,23.6,17078.78,1
57,93444.49,21336.48,0.8498,3959.46,48,1,87.25,7.5,5,4929.34625,1,20.6,12.31,1
35,63184.25,11123.39,0.6544,36315.34,48,0,76.81,4.0,2,2863.89,0,5.7,20947.94,1
51,46481.51,116.71,0.851,17112.72,36,0,60.78,7.2,5,1188.97,4,14.9,14266.68,1
42,26438.66,22928.74,0.2805,47104.92,60,0,98.65,0.5,7,1400.0,0,19.0,28465.92,1
62,36838.66,7511.74,0.6343,27727.91,60,0,83.92,2.5,2,1321.93,0,26.0,5036.25,1
23,64060.79,6144.66,0.7099,38292.53,24,0,84.53,7.9,9,3045.58,1,2.1,30802.3475,1
38,76462.36,14655.07,0.3857,29934.87,24,0,99.31,8.4,1,4082.73,1,11.9,15903.24,1
23,60217.32,17418.16,0.806,21585.16,48,0,93.34,7.8,9,3018.68,1,1.8,1544.78,1
49,70997.75,10753.31,0.0125,14023.42,60,0,74.51,6.8,4,3719.41,1,10.0,2634.84,1
58,69153.56,10690.46,0.593,10231.6,36,0,61.67,2.4,3,3582.75,4,18.1,16312.88,1
65,65130.69,11871.79,0.6113,31196.51,60,0,68.9,6.3,3,1952.0,4,19.5,6143.54,1
60,41830.53,26332.32,0.5332,22650.34,36,0,74.06,0.6,9,1586.3,1,32.1,14313.13,1
56,58478.47,14978.58,0.6274,26165.01,24,0,98.41,0.9,7,3244.21,4,29.8,6114.65,1
48,38032.44,7256.3,0.1739,28146.24,12,0,95.55,3.9,2,1069.7,2,9.8,9795.98,1
59,55348.58,7337.73,0.6811,23559.74,60,0,60.86,4.0,3,3185.21,3,6.0,4125.96,1
27,61617.27,12992.93,0.3391,15281.42,24,0,99.49,3.2,1,2005.58,3,2.2,6417.25,1
47,88575.68,16902.86,0.453,30127.02,12,0,70.28,6.6,5,4039.0,0,21.7,18795.34,1
69,28805.36,18871.84,0.3364,18018.13,12,0,91.01,4.1,5,1034.17,3,10.5,6908.91,1
35,64630.15,15993.27,0.4745,20905.69,24,0,64.66,0.3,9,3732.91,1,9.1,11649.58,1
41,84624.73,8265.01,0.6191,27173.91,24,0,68.81,10.9,3,3595.29,3,2.9,2302.05,1
69,70176.96,11608.47,0.8316,19410.37,24,1,80.22,4.9,6,2104.21,3,23.2,11657.03,1
26,71658.91,20871.26,0.4838,2000.0,36,0,88.14,11.3,9,3814.07,4,3.1,1101.1,1
48,66753.9,5831.26,0.3268,30405.88,48,0,73.82,2.8,3,2562.35,2,17.9,9448.31,1
32,80966.69,11273.97,0.4882,32549.29,48,0,94.93,0.0,7,4323.56,4,6.4,7838.78,1
21,33250.44,19779.7,0.685,2000.0,48,0,97.61,3.4,2,1322.83,1,1.3,5434.47,1
57,27281.47,22002.25,0.3498,9567.09,36,0,64.9,4.2,6,1530.49,4,21.0,17545.74,1
26,54873.32,13456.68,0.416,40238.8,24,0,88.74,0.1,7,1473.33,1,4.7,8680.13,1
62,12000.0,11710.35,0.5616,22320.35,48,1,65.28,4.3,8,693.36,2,24.3,2924.2,0
26,79612.92,4423.06,0.2981,20035.51,36,0,73.63,13.4,2,3221.6,0,5.7,7151.27,1
43,79414.3,19205.12,0.2149,15736.17,36,1,92.78,1.2,1,2962.52,0,4.5,15966.22,1
21,46332.99,25550.24,0.1476,9692.97,24,0,73.45,1.7,8,1222.78,2,2.3,19582.95,1
34,47584.59,35521.23,0.3556,18055.82,12,0,96.3,5.2,7,1551.16,3,9.2,3705.04,1
33,53553.05,18091.57,0.0574,29744.23,36,0,76.46,8.6,8,1896.8,2,3.6,824.63,1
32,56040.41,14592.96,0.5818,19843.22,60,0,72.39,5.1,3,2761.23,1,5.5,2929.3,1
52,57543.48,7641.52,0.1824,26102.84,36,1,99.56,5.6,7,2776.26,4,10.8,22092.99,1
69,66164.64,0.0,0.3798,37657.07,12,0,77.66,2.0,7,3607.03,2,30.7,10900.46,1
22,51547.47,16415.67,0.2738,14195.22,12,0,89.64,0.1,4,2903.34,4,3.2,30802.3475,1
22,73863.87,33802.71,0.6278,23028.75,60,0,83.98,9.2,9,3635.99,1,2.8,421.91,1
37,63918.96,25166.5,0.8433,30043.94,48,1,68.1,26.7,5,3069.03,3,13.4,4324.21,1
32,42860.73,23932.51,0.6306,10670.96,36,0,80.01,10.1,8,2356.62,1,5.4,5250.92,1
35,81702.25,16964.82,0.5417,21780.53,24,0,63.1,2.5,5,2399.17,4,6.9,4036.31,1
64,27834.86,17876.19,0.6657,38723.25,24,1,88.35,2.2,2,767.67,4,11.2,2927.99,0
19,53156.68,0.0,0.0394,16597.5,60,0,80.76,16.1,2,2582.88,2,0.4,6124.48,1
46,74338.35,21100.08,0.1304,30683.47,12,0,64.9,22.3,5,2625.89,4,15.1,11327.35,1
30,40538.54,10365.28,0.103,18588.63,48,0,90.67,4.7,4,1586.71,3,8.3,2006.87,1
21,61191.11,9386.18,0.1062,37995.87,36,0,92.18,3.6,9,2769.6,1,0.4,15647.11,1
59,65866.79,12413.94,0.2653,3545.32,36,1,89.35,3.6,5,3734.13,4,31.3,2417.8,1
62,37789.52,12143.96,0.5314,20649.56,36,0,73.16,1.1,2,2044.98,2,11.9,30802.3475,1
27,53550.45,9258.92,0.1224,5211.45,24,0,88.93,6.5,7,2648.94,3,2.2,15193.26,1
48,51869.92,15110.98,0.9264,12991.23,48,1,83.11,0.9,9,2041.45,0,11.4,3920.49,1
58,43965.24,10533.78,0.8472,12931.81,60,0,81.76,1.2,1,2260.84,1,21.8,8797.15,1
25,101033.5,15802.58,0.9622,17330.44,24,0,85.95,5.6,6,3131.5,3,3.5,4828.6,1
20,39737.87,3102.58,0.0517,8117.09,12,0,85.2,10.2,8,2063.22,1,0.6,30802.3475,1
65,75098.61,13287.54,0.8444,19282.6,48,0,91.97,5.5,3,3067.16,0,36.2,6494.96,1
63,47143.98,6229.64,0.7977,24604.67,12,0,99.44,3.2,4,1589.64,1,23.3,11371.89,1
26,33267.28,9868.41,0.8941,4680.97,36,0,89.05,5.9,4,1345.85,0,5.4,10128.66,1
47,57056.28,16147.19,0.5274,13650.68,24,1,77.67,3.0,6,2926.39,0,21.5,3589.66,1
28,67981.87,2168.02,0.7821,45409.92,48,0,78.47,5.3,9,3189.26,4,3.8,4852.71,1
52,73410.19,8420.74,0.0603,23292.37,24,0,61.17,7.6,9,2170.42,3,8.9,6991.25,1
54,86245.3,19551.72,0.0844,2000.0,48,0,66.4,0.1,9,4144.01,0,19.7,2851.65,1
59,108025.5475,3694.58,0.1262,5995.34,36,0,69.13,1.2,8,4929.34625,4,13.8,2214.81,1
30,60010.28,29222.94,0.9065,22259.04,48,0,99.61,6.1,6,1801.62,3,4.4,30802.3475,1
53,41738.16,24635.26,0.0699,21006.66,36,0,90.52,2.6,3,1129.2,0,6.9,3328.02,1
30,64057.49,11043.78,0.1081,14125.57,24,0,65.66,3.7,6,1722.47,4,8.1,4211.59,1
29,49675.74,8702.32,0.9218,41933.15,24,1,79.93,5.8,6,1278.81,2,7.1,17211.58,0
54,73519.32,16615.52,0.1152,46187.29,24,0,68.54,3.7,4,1881.88,2,19.7,15318.15,1
27,29056.71,3420.3,0.8624,17356.17,36,0,71.9,9.1,4,1506.04,1,3.3,1690.51,1
26,102366.69,0.0,0.7835,28729.57,12,0,84.18,2.4,7,4929.34625,2,6.2,1758.14,1
69,72120.96,11325.32,0.0495,29231.66,12,0,83.96,5.9,2,4066.58,4,17.9,1852.52,1
24,21319.92,13927.61,0.0314,30558.73,48,0,94.87,2.8,2,785.87,2,3.2,8378.58,1
19,40819.42,15755.42,0.5337,13599.15,24,1,66.58,3.8,9,1985.03,3,0.2,17288.36,1
40,71321.62,10082.08,0.9872,39394.49,12,0,79.9,0.6,4,2759.84,4,4.4,13328.87,1
56,78526.88,25191.57,0.8713,19314.03,60,0,83.95,8.9,3,3429.81,1,29.2,4882.06,1
57,29555.25,3038.88,0.3138,24219.92,24,0,97.22,1.9,2,1171.31,4,23.8,8730.35,1
56,69260.52,5893.9,0.3886,20020.44,60,0,80.66,1.8,8,2690.2,4,4.5,12190.85,1
38,16053.2,18893.09,0.3901,18603.14,12,0,73.63,3.4,1,532.66,4,10.9,107.32,1
40,53213.28,5706.82,0.7295,22784.04,36,1,71.69,3.5,1,2360.93,2,2.9,17326.19,1
46,77240.94,5397.44,0.3443,8141.14,60,1,68.64,2.7,5,2603.84,4,17.4,15321.55,1
31,43969.69,15986.84,0.1548,2000.0,60,0,98.49,0.5,8,1304.7,1,1.8,13422.19,1
43,24861.55,6571.82,0.7422,17866.2,24,0,84.12,7.0,4,1242.83,1,8.9,30802.3475,1
68,57924.3,13935.32,0.4589,11195.72,48,0,72.14,0.3,8,2695.03,2,18.2,81.8,1
22,42905.62,9401.15,0.0852,25475.04,36,1,89.8,0.8,9,1491.88,1,2.1,17405.77,1
48,67591.17,8106.69,0.7843,24337.9,24,1,71.57,3.1,1,3110.14,2,7.5,6319.95,1
42,37293.47,0.0,0.5836,20134.8,24,0,80.15,2.2,5,965.24,0,14.0,14219.17,1
48,39547.26,16116.51,0.4896,34815.75,12,0,61.04,1.6,6,2291.58,3,14.3,307.42,1
67,14579.95,5022.48,0.6699,19937.72,48,1,93.86,4.1,7,448.88,4,16.4,605.55,1
37,58398.89,13654.06,0.5053,5418.49,48,0,98.26,3.7,9,3292.93,1,12.2,1346.13,1
61,51781.9,10903.16,0.6455,17763.56,36,2,94.63,2.8,3,1412.42,1,22.5,2045.9,1
34,31232.31,13347.94,0.8601,31709.68,36,0,66.84,7.5,3,1518.1,0,11.7,1522.05,0
62,58875.97,13802.6,0.6112,2000.0,48,0,93.01,3.4,8,1907.83,4,20.4,4159.37,1
19,75541.41,16549.03,0.6564,19059.64,60,0,73.88,19.3,2,4319.11,2,0.3,3693.36,1
42,50688.64,9177.93,0.6116,25754.62,60,0,97.45,8.1,6,1799.78,0,2.5,2434.89,1
30,60363.34,24941.57,0.5306,46522.42,24,0,71.96,0.6,5,1588.72,4,6.0,1661.54,1
56,60466.22,220.8,0.1785,32082.58,48,0,63.58,1.6,2,1579.22,4,27.8,11232.07,1
45,30913.4,13187.27,0.339,21326.16,24,0,94.12,3.8,2,1654.44,2,5.2,6463.75,1
59,96131.72,21689.85,0.6892,25207.59,60,0,64.67,3.2,1,2626.55,0,32.2,30340.18,1
23,45583.0,18814.18,0.427,2000.0,36,1,81.66,0.2,2,2397.64,0,2.8,17383.01,1
20,68122.32,7201.32,0.408,9502.78,48,1,75.04,3.8,2,2043.91,3,0.5,13942.98,1
52,70384.31,8534.04,0.7541,26509.56,12,0,90.27,4.6,6,2407.68,2,25.9,896.2,1
35,52208.1,6945.66,0.0155,21611.67,24,0,89.96,3.1,2,3012.81,3,13.5,23985.78,1
28,67135.9,19793.82,0.6754,22887.41,48,2,91.05,10.1,3,3300.75,4,1.2,30802.3475,1
37,59916.38,9080.61,0.4894,20341.15,12,0,62.53,4.1,4,1789.45,3,14.6,753.9,1
22,26647.2,17040.98,0.3792,19949.09,24,0,94.34,7.7,3,906.38,2,1.1,18211.61,1
36,48354.55,17114.41,0.3437,21029.31,60,1,78.65,4.4,1,1975.71,4,11.1,5454.03,1
39,42748.98,33947.15,0.1794,9439.65,24,0,68.77,12.0,3,2329.91,0,6.2,3834.53,1
36,45765.1,17506.01,0.3376,17710.73,36,0,71.96,1.2,9,2228.8,3,7.5,11318.18,1
64,28919.94,8510.85,0.3936,7558.95,24,0,96.11,8.9,6,1393.04,0,13.3,3794.64,1
33,77528.67,3318.8,0.4387,13804.04,24,0,60.24,3.0,3,2868.53,0,9.1,1169.84,1
41,87039.85,12793.18,0.6689,31959.05,48,0,92.07,6.0,2,4074.17,2,15.2,11976.31,1
58,74560.06,14047.31,0.4545,18192.48,48,0,96.96,4.2,9,2293.67,3,24.5,10678.81,1
21,80410.58,0.0,0.7904,25958.39,60,0,70.0,0.6,6,3536.06,1,2.3,15530.27,1
32,48107.3,9289.17,0.6369,21152.95,36,0,92.88,2.9,2,2101.02,0,2.8,8225.14,1
42,42274.86,17378.82,0.1958,16151.08,36,1,66.44,5.6,9,2026.11,2,12.1,16005.29,1
61,39428.26,10741.15,0.2816,9914.31,60,1,60.65,11.4,6,1304.67,1,32.8,73.16,1
52,67881.3,22748.99,0.0877,15999.44,12,1,84.18,1.2,2,1961.28,4,14.4,14647.76,1
31,59541.26,2533.15,0.9368,21831.78,24,1,85.85,2.2,7,3408.34,1,9.4,5758.9,1
66,53455.57,20415.06,0.8788,25801.53,48,0,66.01,2.2,2,1609.36,2,5.2,8487.87,1
36,80902.97,22311.12,0.0931,21223.37,60,1,80.5,3.7,7,2931.74,4,13.7,22035.45,1
55,63098.83,22651.97,0.5726,26494.8,60,1,75.42,9.9,6,3409.67,0,5.0,14942.49,1
53,38226.85,2473.15,0.9512,4798.3,48,0,63.05,2.5,7,1712.99,4,4.9,10523.97,1
24,41381.82,17516.42,0.7422,28666.63,48,1,80.31,0.8,6,1331.51,3,2.1,1589.36,0
47,68639.87,9649.97,0.492,8717.44,12,0,83.41,3.5,4,2813.73,0,19.9,2905.18,1
36,75834.66,3750.86,0.2463,29835.05,36,1,68.69,0.2,1,4021.43,0,2.9,4280.35,1
66,66033.6,11689.06,0.2835,25024.06,48,0,89.59,2.1,4,3828.27,4,36.0,27145.2,1
42,92937.77,7760.18,0.7315,2000.0,60,1,62.9,3.6,1,4315.72,1,6.1,14879.4,1
33,87700.14,22366.0,0.775,27369.63,24,0,82.04,3.6,6,2933.74,3,2.0,6942.6,1
64,63820.72,19104.51,0.5281,29950.97,12,1,72.14,8.6,5,3324.05,3,22.8,14229.2,1
57,38228.39,5780.44,0.1285,32578.78,24,0,77.44,8.1,4,1986.26,2,26.5,3052.44,1
68,28800.25,9206.23,0.9252,12314.02,24,0,95.74,1.7,8,1573.65,0,39.0,1623.11,1
25,47252.37,11954.42,0.8379,21794.11,36,0,86.8,1.8,2,1395.92,2,1.9,8839.89,1
35,70064.27,14420.76,0.1477,26944.49,24,1,65.96,20.0,7,2604.29,2,11.8,5532.2,1
45,91532.94,23051.03,0.0656,27363.27,60,0,95.45,2.5,6,3000.94,2,5.4,6141.1,1
33,63348.94,20526.26,0.5352,24095.21,60,0,74.91,0.8,5,2040.41,3,9.4,1862.93,1
69,78374.46,15411.14,0.2885,15733.64,48,0,73.65,5.3,8,2913.86,2,6.3,4526.48,1
36,50093.85,12914.81,0.2876,29879.44,36,0,80.06,1.4,1,1331.72,4,6.7,30802.3475,1
59,67455.38,813.17,0.0955,29938.2,48,0,68.21,4.6,9,3593.16,3,27.4,822.0,1
34,71467.14,25335.98,0.9443,18457.22,24,0,96.57,8.6,9,3815.91,4,3.0,30802.3475,1
62,15408.11,11423.23,0.8236,12164.45,60,1,78.72,1.0,8,869.71,3,22.9,9342.01,0
30,46731.22,27438.72,0.1216,12720.97,48,0,75.75,3.0,9,1277.79,0,8.2,5321.42,1
24,73994.01,16568.87,0.8691,33648.18,60,0,66.84,2.4,5,3258.99,2,1.5,19.67,1
44,60489.37,31202.27,0.6793,29506.78,48,1,92.11,37.0,2,1525.27,2,17.2,5749.24,1
27,31069.7,19850.57,0.3289,19799.6,12,2,98.11,6.2,4,1387.53,0,2.8,5952.01,1
51,12000.0,3543.84,0.8638,18008.27,36,0,94.78,0.4,2,338.99,0,12.6,2690.09,1
53,47684.39,10084.68,0.5961,2318.13,48,0,66.46,1.3,2,1806.0,1,21.9,19484.61,1
42,53568.29,13646.92,0.8417,19155.99,24,0,90.06,0.9,5,1917.45,2,16.2,4708.21,1
23,37321.54,8009.74,0.4699,8088.85,60,0,68.17,0.1,1,1344.63,1,1.6,1177.79,1
41,57861.7,11983.51,0.5006,21589.99,60,1,61.55,1.9,5,1816.45,3,5.8,18502.59,1
35,65127.73,4064.49,0.2952,31852.47,36,2,79.38,2.0,1,1855.43,4,8.4,10683.86,1
40,68413.74,15045.77,0.3899,10195.48,36,0,86.82,1.3,3,1747.34,3,11.1,531.42,1
23,12000.0,16899.3,0.5664,22385.87,12,0,64.97,4.0,7,600.38,0,0.8,761.16,0
46,54915.35,6967.12,0.9381,29977.8,48,0,84.22,1.2,8,1594.72,1,13.9,30802.3475,1
42,48907.55,30522.03,0.5981,22202.95,12,0,93.75,14.2,1,2681.41,4,13.1,20218.8,1
34,66443.46,15508.11,0.1544,14760.17,48,0,68.36,6.6,9,3063.8,2,2.7,21375.61,1
63,64784.68,8466.07,0.0169,20103.86,48,0,77.11,0.6,6,1881.23,1,30.2,1017.93,1
41,64437.4,1963.69,0.844,29572.49,36,0,79.95,1.6,9,2830.79,0,10.4,1314.2,1
28,47331.64,15479.54,0.367,22625.78,36,0,93.25,3.4,2,1338.05,0,5.2,30802.3475,1
43,48447.33,12916.09,0.3187,19966.29,48,0,90.86,1.1,2,2039.36,1,11.6,30802.3475,1
68,40433.41,21264.33,0.7947,31561.43,36,0,90.77,0.6,6,2166.72,1,21.9,6299.65,1
51,70363.88,13853.04,0.9365,25149.18,48,0,87.16,1.3,1,2226.27,0,10.2,13124.62,1
45,36590.22,5450.25,0.7431,7970.98,36,0,84.71,6.3,2,2052.74,4,9.6,13333.26,1
20,72000.73,28365.75,0.1804,26314.13,24,1,80.36,3.6,5,2726.92,3,1.2,30802.3475,1
28,59157.06,18485.0,0.3936,29495.59,48,0,74.78,0.3,6,1909.12,0,5.4,15134.84,1
55,54099.11,12967.13,0.7542,7626.84,60,0,80.53,2.2,5,2256.93,3,19.4,3864.21,1
31,41865.79,16317.11,0.8988,2000.0,24,0,94.15,0.5,3,2259.73,3,8.6,10727.92,1
68,27889.16,18792.34,0.9886,9580.67,12,0,82.82,1.7,6,948.76,4,23.8,6611.21,1
43,42046.94,3569.15,0.5113,18975.0,36,0,99.42,0.9,9,1292.69,1,7.8,5838.08,1
65,48399.86,16261.55,0.8161,30097.88,12,1,65.7,1.2,4,2241.87,1,24.2,6442.7,0
38,12000.0,11399.01,0.0557,11090.48,60,1,77.65,7.5,3,576.89,1,12.9,23082.86,1
56,51052.9,19058.4,0.2901,25551.2,36,0,68.01,7.7,7,1398.9,0,27.3,4155.72,1
47,73487.15,9078.54,0.3741,2000.0,12,0,74.6,6.6,8,2456.49,2,12.9,10816.9,1
25,66344.36,10162.39,0.966,21803.07,24,0,91.59,5.8,8,1922.67,2,2.5,30802.3475,1
68,45075.88,28302.97,0.0133,15932.6,12,0,92.99,1.4,9,2194.71,2,34.7,4025.44,1
37,55938.73,24847.3,0.3119,40985.99,36,0,61.27,2.9,7,2384.12,4,7.5,11960.47,1
65,43876.71,0.0,0.9218,2000.0,24,0,98.13,3.1,6,2406.15,4,36.4,1494.76,1
49,57975.21,24254.1,0.3105,19854.99,60,0,94.87,3.8,5,2757.14,2,12.5,19511.67,1
39,85802.16,14410.78,0.2306,2000.0,12,0,96.2,9.7,5,2925.71,1,16.6,17911.69,1
24,74369.98,9334.54,0.7255,14502.92,48,0,75.07,11.0,1,2697.71,1,1.0,2358.11,1
26,65415.89,6942.6,0.7404,2988.45,36,0,79.88,1.2,7,2550.1,2,2.7,1038.94,1
62,45142.3,7407.06,0.4727,43007.89,48,0,66.74,2.8,6,1276.52,1,13.0,1355.97,1
18,69998.77,9560.51,0.938,16444.52,48,0,75.87,0.8,7,3899.7,2,0.0,22678.97,1
46,21262.46,5982.94,0.2087,17889.71,12,0,65.05,5.2,9,1026.93,0,19.6,6614.25,1
25,49952.93,4163.2,0.9051,19572.66,48,0,94.53,4.2,9,2456.38,3,4.3,13811.04,1
21,66674.23,6676.96,0.7504,8677.23,24,0,83.25,9.5,2,3132.86,3,2.2,6676.32,1
52,69808.42,17587.15,0.3708,30552.39,60,0,65.44,3.7,3,2776.36,3,25.2,20576.56,1
20,68397.69,15400.72,0.8008,26401.94,60,0,95.16,7.6,9,2575.03,2,0.5,6265.65,1
62,60896.61,19446.85,0.1405,29179.38,48,1,63.21,1.9,3,2638.61,0,14.9,20210.88,1
57,51085.5,14469.04,0.1384,7820.38,36,0,97.08,5.9,4,2533.28,4,5.2,3151.61,1
24,65759.52,4546.57,0.9213,31353.15,48,2,64.23,0.2,5,2424.5,3,1.9,657.37,0
44,35942.78,18955.53,0.1029,30198.41,36,0,88.72,0.8,6,1489.35,1,15.6,3380.8,1
18,38106.45,6962.49,0.014,17676.07,60,0,85.81,3.0,2,1781.4,2,0.0,9590.44,1
44,56234.69,20172.91,0.3912,28950.21,24,0,91.31,10.9,6,1924.75,2,10.7,19884.4,1
33,58463.95,5672.64,0.1118,22726.72,36,1,82.59,10.8,3,3085.36,4,3.3,3168.45,1
55,18487.7,9500.19,0.8558,4060.0,60,1,74.0,4.6,7,593.75,1,4.9,814.37,0
24,64102.93,12108.87,0.9142,18171.94,12,1,70.98,0.7,9,3445.68,0,1.6,5669.6,1
61,70454.57,20395.24,0.4828,15184.9,48,0,97.82,5.7,5,1772.49,3,6.8,26668.49,1
40,53454.3,16407.98,0.427,20854.19,36,0,77.65,1.0,8,2483.31,0,17.5,5697.55,1
58,102489.33,15160.01,0.5383,30211.26,24,1,93.69,2.2,6,4180.28,1,8.1,3873.31,1
28,41341.3,30085.35,0.2317,3586.59,48,0,88.92,1.9,8,1374.06,1,6.7,11815.36,1
59,47778.26,304.13,0.302,15564.22,60,0,86.25,10.8,4,2705.34,2,14.8,5397.23,1
50,47098.66,6692.98,0.109,11781.63,60,0,98.82,5.9,7,1512.22,0,17.1,12007.73,1
67,53476.25,6350.49,0.4475,12211.09,60,1,82.62,0.4,9,2213.06,4,23.3,1279.04,1
53,48425.5,834.78,0.6095,11768.91,36,0,89.32,9.3,7,2112.47,1,4.9,6117.49,1
54,26863.79,9243.84,0.9216,20681.7,12,1,93.99,2.8,2,1526.94,2,26.4,843.61,1
58,44069.03,20502.15,0.7343,25231.75,12,0,61.84,7.0,5,2038.56,3,29.2,11954.59,1
34,53047.59,10266.82,0.7186,23483.25,60,0,99.85,7.5,9,1454.13,4,4.9,14263.94,1
52,79571.44,12335.98,0.3118,21856.68,48,1,70.49,33.2,1,3093.52,4,6.6,1527.07,1
65,99044.87,1219.56,0.8805,26217.44,24,1,88.1,2.1,4,4929.34625,2,8.0,656.6,1
22,81709.48,8627.8,0.938,43803.26,48,0,98.14,10.0,9,4115.28,4,2.8,5244.85,1
65,39492.42,11306.41,0.9236,21358.91,36,0,90.53,1.7,9,1054.68,4,23.9,17963.06,1
49,41083.81,20139.2,0.048,30211.38,12,0,69.18,3.4,5,1826.01,2,11.2,2592.33,1
20,51813.43,1600.67,0.6023,29641.83,24,1,74.49,2.6,1,1494.14,2,0.7,8574.63,1
69,90691.18,11359.93,0.6404,37777.94,60,1,76.57,5.4,9,2564.83,1,24.6,2063.43,1
64,51691.52,23694.54,0.2992,25605.19,60,1,83.45,26.0,1,2950.13,2,13.4,10584.01,1
52,28449.85,11439.33,0.9826,11556.84,36,0,84.12,1.1,5,1374.69,3,3.9,2147.87,1
69,44976.46,0.0,0.2954,23048.82,36,0,91.52,4.9,3,1287.65,0,19.9,4479.65,1
31,70141.12,25233.41,0.2223,22511.39,36,1,94.39,32.1,1,2544.38,2,9.3,12861.84,1
65,68798.81,20879.18,0.4845,28151.83,36,0,63.58,14.4,4,3278.07,1,31.1,10334.54,1
48,50995.67,21955.18,0.3267,11266.03,60,0,70.93,1.2,1,2814.15,3,22.1,5722.25,1
48,68668.29,1049.73,0.9155,32663.21,60,2,73.75,0.5,1,1869.75,0,17.0,4340.7,1
34,12000.0,27099.65,0.4413,20052.37,36,0,60.53,2.8,6,333.29,2,2.2,22147.58,0
41,57076.58,8813.79,0.4119,28393.79,60,1,76.7,7.2,7,1639.42,1,9.8,1595.72,1
69,72213.71,10924.49,0.6233,23096.73,36,0,74.35,7.8,4,3116.37,0,5.9,6468.18,1
40,38342.73,9377.78,0.0895,21225.91,24,0,81.02,4.7,7,1551.67,0,17.1,6869.43,1
35,38273.23,22575.5,0.7516,22338.56,36,0,64.01,4.8,3,1166.48,1,9.8,4057.55,0
67,17671.04,13561.61,0.763,26719.92,36,0,76.56,0.6,4,757.38,0,5.5,19842.03,0
31,86797.91,18853.93,0.4745,39586.55,24,0,83.9,2.9,5,3160.61,4,10.1,90.66,1
67,40596.92,15607.21,0.9466,2000.0,12,0,92.15,4.3,3,1241.81,3,17.7,18334.87,1
32,59820.87,14239.66,0.5778,25400.03,48,0,90.66,5.8,6,1561.5,4,2.9,2817.62,1
32,67078.34,7425.73,0.6913,20439.68,36,0,76.19,0.5,1,1899.09,0,8.5,152.86,1
23,85241.36,29497.12,0.9159,18228.93,24,0,75.58,5.9,2,3231.75,2,1.0,7292.07,1
44,51922.04,3292.85,0.663,2000.0,24,0,61.5,14.2,7,2187.78,1,6.6,3136.14,1
32,44211.4,18298.03,0.4332,25802.08,60,1,63.31,7.7,5,1435.77,1,2.3,5911.12,1
67,58461.35,18013.25,0.0343,18750.29,36,1,94.9,4.9,5,2982.36,3,29.0,3755.61,1
53,80681.61,24234.85,0.7237,11655.72,24,1,92.24,0.5,7,3550.03,1,8.7,3661.19,1
25,51596.55,26104.72,0.9556,20424.8,12,0,60.84,7.9,5,2612.44,1,4.7,13729.57,0
32,35902.62,13900.89,0.4708,17072.1,12,1,95.31,5.4,4,1373.59,3,7.5,16821.67,1
20,24184.84,19243.15,0.343,2576.07,48,0,84.56,4.0,7,1322.62,4,0.7,13164.97,1
64,30574.05,29118.99,0.5189,20881.85,60,0,92.08,8.1,7,1580.05,4,35.9,7551.74,1
30,72287.83,14478.59,0.7239,25800.74,60,1,80.1,5.6,5,3140.24,0,2.9,9885.82,1
58,48587.51,6468.53,0.0107,14507.67,60,0,66.03,3.2,8,2320.66,1,25.3,30802.3475,1
51,42849.58,11924.26,0.8795,22617.13,36,0,74.28,1.3,9,1281.93,0,6.8,3403.5,1
41,40680.66,4562.83,0.8786,21081.12,12,0,78.0,3.5,5,2064.23,0,5.9,952.24,1
57,56700.92,17974.53,0.5405,30454.92,36,0,90.16,0.8,1,2564.96,0,7.4,13296.01,1
49,50210.9,23515.65,0.1299,18963.08,24,0,92.51,0.3,4,1588.76,3,23.4,4008.88,1
49,49537.36,14031.67,0.6684,28010.92,48,1,89.66,1.3,8,1688.94,2,13.4,4201.67,1
47,81986.48,2032.32,0.1451,16866.47,48,0,79.07,2.3,7,4553.85,4,19.9,28405.72,1
69,85760.33,23173.21,0.5074,39673.22,36,0,86.55,5.2,9,2701.12,3,7.1,3196.85,1
66,22799.57,789.61,0.1018,15631.58,48,1,71.82,3.5,2,900.99,2,24.4,240.13,1
30,61551.85,2632.36,0.5873,13150.01,36,0,99.51,6.6,3,3263.54,0,5.0,866.31,1
18,39462.76,13573.29,0.3217,18995.08,60,1,66.73,6.7,8,1400.3,3,0.0,15339.21,1
51,50034.98,17014.28,0.8244,12719.81,24,0,88.94,6.1,7,1523.56,2,21.6,17471.7,1
32,61185.57,18377.98,0.7939,7513.44,60,0,66.2,4.0,7,2536.71,4,10.5,5919.26,1
61,50745.6,14470.88,0.9885,27276.02,48,0,71.23,5.4,9,1591.26,2,18.6,2448.39,1
31,59609.2,29080.35,0.2624,2000.0,24,0,89.95,19.0,7,3444.82,3,8.7,14033.49,1
46,68459.4,15521.35,0.0706,12824.67,12,0,89.16,6.1,9,3198.89,4,6.9,1611.98,1
51,60891.54,23277.34,0.4441,6582.36,36,0,64.98,6.8,2,2548.65,4,19.5,1448.71,1
35,42063.27,21295.64,0.0917,21421.69,24,1,87.14,1.7,9,1666.53,1,13.2,868.71,1
24,42416.01,4657.01,0.1849,2000.0,36,0,68.15,3.3,5,1933.12,2,3.2,784.5,1
46,26205.89,13642.16,0.5954,25478.51,24,0,98.92,2.9,4,967.43,2,3.2,6071.38,1
48,37921.59,31986.56,0.5903,26560.9,48,0,84.12,2.2,4,1222.25,2,10.2,2384.68,1
42,94241.37,10965.19,0.0525,3673.82,60,0,60.14,3.1,6,3168.9,0,12.4,3107.16,1
55,39159.93,9603.04,0.444,21906.03,48,0,68.34,4.6,2,1120.7,4,6.7,7677.64,1
31,31132.42,16364.6,0.5296,25160.59,12,1,69.18,4.9,9,1707.78,2,5.0,5973.02,0
25,61398.56,11251.84,0.2727,29403.0,48,1,69.88,9.1,4,3477.11,3,2.9,3309.78,1
44,52792.7,8650.36,0.8646,5310.71,24,0,82.28,5.3,3,1748.17,3,18.6,30802.3475,1
19,51088.14,11133.73,0.1679,3904.05,12,0,68.22,10.2,6,2942.82,1,0.5,1561.71,1
34,83180.92,26456.08,0.2588,35026.49,24,1,76.51,5.3,3,3607.66,4,7.7,9605.52,1
54,65982.53,13907.05,0.1639,11781.1,60,0,66.93,2.2,6,2179.52,0,12.8,24277.21,1
31,44400.14,4375.4,0.1242,14725.96,36,0,86.68,5.0,1,1858.37,1,4.8,356.45,1
42,46510.48,2906.03,0.8714,26330.95,60,0,82.75,3.4,4,1282.06,2,11.9,10160.68,1
47,44948.27,32654.44,0.2823,8307.99,60,1,85.15,5.8,6,1334.3,4,6.2,18992.22,1
46,72494.79,13213.33,0.7181,17341.51,60,0,98.7,9.5,3,2350.59,0,12.0,427.13,1
37,48837.05,18476.63,0.4294,28917.44,24,0,75.97,11.8,3,2707.32,4,8.6,12558.62,1
38,19136.93,8828.98,0.6332,5788.98,36,0,68.62,2.0,7,1083.89,2,11.6,15302.91,1
39,54033.61,17567.89,0.9196,14999.96,24,1,99.95,0.4,7,2087.84,1,10.8,698.55,1
52,24259.48,26674.64,0.8377,8732.76,12,0,62.32,5.3,5,802.18,2,11.2,495.38,0
54,98684.61,9781.89,0.0776,12260.65,24,0,92.41,0.6,1,3532.34,3,17.0,6623.43,1
33,35686.64,18668.69,0.8383,31856.49,60,0,66.49,10.8,8,1287.3,1,1.7,12350.97,0
67,51762.7,3754.03,0.4528,34050.64,48,0,86.59,8.6,3,2248.12,3,28.5,5054.51,1
66,60164.05,31182.93,0.3531,22578.34,48,0,78.95,6.3,1,1843.99,2,12.6,17316.97,1
60,49226.84,17148.29,0.6689,25322.1,24,0,93.56,13.0,1,2177.76,1,28.7,17648.41,1
34,49199.39,11697.65,0.9412,25048.55,60,0,89.24,10.9,9,1837.29,2,9.7,1743.77,1
33,63436.55,12617.01,0.1023,13276.64,60,0,66.89,12.8,9,2907.5,4,3.2,736.17,1
19,85524.32,10919.69,0.7627,22381.51,48,0,86.61,6.6,8,3750.46,4,0.3,3726.56,1
21,70350.18,11328.76,0.2094,7046.92,36,0,68.68,2.3,4,2836.63,0,1.9,2161.29,1
38,84570.28,0.0,0.3825,10414.31,36,0,66.77,0.2,9,2450.21,2,11.9,16135.92,1
56,34067.62,14216.27,0.8663,19131.98,60,0,63.36,0.3,3,1030.34,3,18.1,7611.21,0
51,61347.25,13880.97,0.5449,9390.29,12,0,64.55,7.9,3,2242.06,0,10.1,10783.15,1
47,58104.92,18909.29,0.0761,7272.73,12,0,88.16,1.1,8,2886.53,1,13.5,14185.03,1
23,62021.83,10814.85,0.5079,12881.02,12,0,99.68,1.9,9,2242.9,3,4.0,20050.8,1
34,82524.64,8831.71,0.7838,31463.34,12,0,87.03,4.4,2,2832.43,4,6.1,8559.52,1
56,50584.22,14937.8,0.5283,35571.39,12,0,88.34,0.7,6,2603.23,3,17.8,9126.65,1
42,46889.93,2101.06,0.1736,19674.4,48,0,91.31,21.1,3,2535.71,3,15.9,11248.53,1
22,65679.62,16147.39,0.4461,25821.99,60,1,95.56,8.5,2,3227.52,0,0.5,9808.07,1
22,54915.35,105.45,0.9159,14365.06,24,0,70.71,4.4,7,776.06,2,3.0,22691.71,1
37,50262.96,23966.55,0.655,2000.0,48,0,84.18,12.0,8,1612.45,4,13.2,788.29,1
33,54915.35,20474.16,0.7253,11064.78,48,0,68.67,3.4,4,3042.79,1,7.3,3430.53,1
68,36592.83,7590.51,0.7802,16916.56,60,0,81.03,11.4,4,1327.21,1,23.7,278.99,1
58,76141.18,20289.1,0.0989,21409.69,36,0,68.35,8.7,7,3001.67,4,29.6,20345.08,1
54,33755.19,15892.11,0.5799,18990.24,48,0,62.56,0.1,9,1431.37,1,21.4,6816.22,1
57,52282.54,6927.92,0.3784,17183.54,48,0,63.53,8.0,8,2291.0,3,24.8,17574.05,1
26,60863.14,0.0,0.1464,14253.67,24,0,99.05,7.7,1,1562.82,1,2.1,8799.01,1
22,82069.03,17531.49,0.2087,23438.63,12,0,60.24,1.9,1,4506.27,3,0.4,1187.24,1
59,54788.87,8645.75,0.7755,6361.08,48,0,87.61,3.4,5,2977.49,4,16.7,803.4,1
19,73723.07,23759.76,0.1683,28020.63,12,0,95.49,0.7,2,2149.52,4,0.2,401.15,1
26,69011.91,15112.27,0.3162,14136.49,60,0,75.75,5.5,9,3678.41,0,3.1,3348.27,1
60,54915.35,9403.34,0.2892,40670.98,48,0,88.32,5.6,8,1737.31,1,22.8,25774.73,1
53,33209.73,29382.71,0.0577,16846.84,24,0,73.96,19.9,8,1099.03,0,18.3,13866.69,1
39,26308.38,19611.57,0.4629,15198.24,24,0,81.16,6.4,2,1112.97,3,12.2,3688.21,1
39,57130.11,0.0,0.7606,14373.14,60,0,97.43,3.4,2,3288.41,1,4.2,4419.56,1
39,44146.06,11108.87,0.0317,15297.97,12,0,61.69,1.0,6,1812.21,0,5.7,8609.67,1
51,73385.22,3927.29,0.1203,26072.28,36,0,70.69,7.7,4,2776.59,4,19.4,20885.52,1
46,69917.13,8601.62,0.7158,19577.24,60,0,64.24,2.2,9,2956.29,3,6.4,14411.44,1
55,51307.78,13842.14,0.5917,29870.82,36,0,79.84,14.4,4,1681.14,3,9.3,21524.58,1
63,31845.74,17832.39,0.7109,24644.21,24,1,90.82,1.6,8,1785.35,1,25.8,154.09,1
50,65214.71,17090.93,0.2355,20314.92,24,0,99.06,1.1,6,3663.38,1,19.5,30802.3475,1
35,34641.01,23622.98,0.7977,23729.54,48,0,66.22,4.8,4,1646.8,4,5.2,2794.7,0
24,39830.72,20092.79,0.4803,31963.47,24,0,61.76,12.4,7,1201.21,2,4.3,3941.13,1
18,35411.69,19597.98,0.6081,26566.96,12,0,65.53,0.8,4,1458.5,1,0.0,10352.69,1
50,52229.98,16611.94,0.1003,22805.57,24,0,98.75,0.2,1,1970.97,2,16.6,17116.28,1
18,78403.85,25294.39,0.2109,24227.43,48,0,72.81,17.1,1,4562.71,1,0.0,4172.52,1
41,54899.18,12469.79,0.7679,8473.15,60,0,70.69,0.7,8,1467.83,3,18.0,11802.55,1
21,46135.63,12677.57,0.2294,45716.96,48,0,89.4,4.7,7,1550.59,2,2.3,25852.31,1
21,24487.7,0.0,0.1007,25281.26,60,2,64.83,1.1,9,1013.55,0,0.6,7771.76,1
35,66042.49,23449.31,0.5953,26279.15,48,0,73.96,0.9,5,3467.43,1,6.2,8032.29,1
44,39391.91,14384.59,0.547,19713.08,24,0,65.79,0.8,6,1942.09,3,15.8,12198.76,1
60,57350.35,36696.87,0.6057,2000.0,36,0,98.97,6.2,8,3261.64,0,6.8,1372.34,1
49,47915.63,11755.74,0.6159,17346.56,12,0,71.4,7.1,3,1534.22,1,6.1,12472.49,1
50,71763.54,15708.63,0.5002,20759.47,36,0,70.77,0.6,3,2040.42,1,12.2,1741.49,1
45,51855.27,19372.04,0.4939,11771.62,12,0,85.38,0.7,1,2316.12,2,2.8,30802.3475,1
59,53821.47,6184.8,0.9157,11684.47,24,1,60.66,13.6,2,2121.61,2,16.8,1989.26,1
58,64714.94,17868.38,0.5332,16607.48,48,1,86.14,4.4,2,2333.62,2,15.0,6102.73,1
53,97138.8,15277.29,0.615,27715.29,48,1,78.15,7.6,7,4929.34625,3,20.8,15825.63,1
23,72768.94,12570.49,0.2716,32557.54,60,1,67.37,0.4,8,3150.54,4,0.8,3822.96,1
33,53227.88,24380.83,0.8637,21709.63,36,0,79.45,0.3,1,1901.38,2,6.1,7415.15,1
51,55063.96,7770.01,0.0339,14326.21,12,0,99.96,2.5,1,2363.7,0,25.5,707.31,1
40,44502.81,17199.22,0.5561,16376.15,48,2,93.55,4.1,5,2495.98,2,15.7,13320.06,1
67,36000.09,26637.31,0.3862,20995.34,24,0,98.97,2.3,1,1214.34,3,29.4,1111.99,1
59,43944.98,9347.03,0.6018,22180.3,48,0,97.04,6.2,2,1760.7,0,32.2,13034.1,1
41,39557.02,12624.91,0.363,24349.59,60,0,92.82,5.5,3,1368.39,3,3.8,1296.13,1
66,68067.37,33762.44,0.7133,15606.4,48,1,73.39,3.0,1,3007.4,2,13.2,1413.31,1
30,33576.1,18795.13,0.0299,25292.91,24,0,89.2,0.4,9,1848.86,4,2.4,12980.73,1
35,81664.21,10950.42,0.4078,24502.37,48,0,75.66,4.5,4,3817.92,0,10.8,3939.2,1
30,70040.93,21421.0,0.8246,16049.07,12,2,77.18,1.4,6,2204.94,1,8.4,3474.75,0
66,55410.03,10455.25,0.2552,2805.09,12,0,94.94,2.4,6,1623.82,0,26.3,3444.65,1
54,55006.37,2480.67,0.0617,11150.63,48,1,68.21,0.1,3,1439.53,3,10.1,8859.65,1
60,43854.37,25978.91,0.4966,35675.95,24,0,71.86,3.7,8,2325.24,2,7.8,7059.15,1
56,60401.69,6175.53,0.967,3064.28,24,0,97.22,6.0,6,2459.54,4,18.3,821.13,1
59,76761.85,34613.7,0.0729,33175.22,48,0,87.98,4.3,6,3000.73,0,8.4,10505.8,1
34,40936.87,11085.34,0.0787,2714.19,24,0,62.6,7.0,1,1383.81,0,3.4,14053.29,1
32,24332.16,32066.12,0.5932,12268.5,12,0,64.86,37.2,7,957.14,0,6.9,1718.64,1
35,69064.37,4050.63,0.2551,16252.81,12,1,83.18,5.0,4,2537.91,1,2.9,2613.22,1
40,61487.32,23203.95,0.412,37823.03,12,0,91.95,1.2,8,3061.52,2,16.3,15828.38,1
68,32596.02,18997.81,0.8239,20261.31,60,0,91.71,4.2,3,1583.01,4,12.2,6383.07,1
47,40332.17,21701.97,0.2049,17859.95,36,0,77.0,1.4,4,1607.94,0,19.7,3955.82,1
51,37817.91,22744.18,0.7149,10646.54,12,0,70.34,2.0,1,1769.58,3,16.6,3936.79,1
21,40509.35,11018.04,0.5044,25219.61,48,0,91.51,2.2,1,1808.52,3,0.6,30802.3475,1
20,48526.34,4529.25,0.8969,14872.82,60,0,97.76,3.7,3,2250.07,3,1.6,5313.26,1
24,49669.05,14592.66,0.9635,17709.96,48,0,77.77,3.7,9,2498.96,1,2.8,12932.46,1
35,41984.13,16784.24,0.4853,16416.45,24,0,65.49,5.5,6,1178.28,4,4.6,2719.84,1
59,39836.72,11225.24,0.583,27198.62,36,0,84.39,2.9,2,2100.55,3,10.6,6423.04,1
24,50424.31,17220.43,0.7409,27617.88,60,0,62.87,1.0,2,1735.75,1,1.1,25884.82,1
57,58353.83,17637.0,0.3223,11096.12,24,0,84.46,3.4,7,2201.18,4,19.2,730.68,1
23,48674.07,7719.79,0.2322,13727.42,24,0,66.92,8.0,5,1665.55,0,2.7,927.36,1
39,78173.34,18159.77,0.9554,12741.21,12,0,80.64,6.1,3,4108.85,4,10.6,10976.57,1
18,65161.75,12862.3,0.434,21833.52,48,0,85.02,0.6,4,3518.24,4,0.0,596.62,1
21,23183.08,9400.15,0.0116,29066.95,24,0,77.87,14.8,1,688.13,4,0.4,6085.89,1
63,65474.56,21299.0,0.831,21966.65,24,0,93.09,1.8,3,2776.14,4,5.4,5981.01,1
66,67110.88,8784.07,0.5977,2000.0,24,0,74.99,4.4,4,2531.83,4,33.2,2666.71,1
69,46305.3,11346.66,0.1752,27597.53,36,0,66.2,0.2,9,1438.56,4,9.4,8517.74,1
67,25096.05,15576.41,0.0395,6510.09,60,0,78.56,12.0,5,1093.04,0,9.9,9554.03,1
60,55161.34,25994.49,0.2957,12847.6,12,0,98.54,5.8,8,2051.26,3,20.0,901.5,1
46,54845.83,16542.27,0.9193,21984.31,60,0,95.21,1.6,5,2679.38,1,10.8,10721.28,1
38,32567.08,19226.31,0.9248,19161.14,24,0,72.44,5.7,5,1721.99,4,11.3,19892.67,0
43,25975.62,12618.86,0.3148,28727.35,36,0,69.71,1.7,8,661.11,0,5.8,5076.58,1
31,53248.93,14372.08,0.8292,13892.47,24,0,79.33,1.5,3,2303.36,0,8.9,116.18,1
26,50338.46,14608.98,0.443,10333.86,48,0,86.21,3.0,5,2233.11,0,2.0,7134.39,1
64,46654.69,17346.45,0.6513,16883.57,60,0,97.07,4.6,5,1661.06,1,18.5,213.92,1
29,53331.79,12632.26,0.3378,29770.19,12,0,84.53,1.2,1,2760.4,1,1.3,23812.56,1
59,32944.47,25720.0,0.5157,26296.73,36,1,93.44,6.8,3,1822.46,3,31.8,5896.63,1
68,46303.59,12014.67,0.2979,20871.48,60,0,87.84,4.3,4,2337.12,2,15.2,184.43,1
68,65666.5,1342.07,0.0699,33259.63,24,0,64.06,0.0,6,2796.05,3,23.6,6465.61,1
23,48000.6,36696.87,0.1466,31448.56,12,0,95.67,4.0,6,1217.94,4,2.2,8589.44,1
37,21560.55,12381.05,0.2949,27884.82,36,1,67.98,2.7,5,842.21,4,7.2,23714.77,1
41,45546.15,25505.36,0.9667,8220.16,24,1,74.67,5.5,2,2191.93,1,5.2,2552.16,0
44,33596.83,26238.33,0.9564,27832.39,24,0,93.61,11.4,4,1018.44,3,13.9,8502.84,1
55,60342.73,22561.71,0.8211,17976.42,60,0,99.17,1.5,5,3069.04,0,18.1,7625.77,1
25,61376.75,13415.78,0.2379,16050.56,24,0,72.42,5.6,7,2789.64,0,2.9,1138.41,1
18,21824.51,17293.48,0.4428,13174.49,24,1,75.33,0.8,6,786.87,3,0.0,30802.3475,1
66,70180.26,4803.92,0.441,18282.83,36,1,79.42,0.4,2,3739.49,4,26.7,3676.14,1
66,32756.27,30921.18,0.3892,13742.46,24,0,79.92,13.4,8,1521.11,0,33.7,12877.15,1
41,86183.65,8185.55,0.054,21697.54,48,0,90.01,9.9,8,3026.39,4,6.0,15373.67,1
64,54024.47,12968.79,0.5338,18270.57,48,0,92.68,3.5,4,1705.9,3,29.4,11707.34,1
24,30072.13,15791.89,0.0814,22205.38,12,0,99.64,0.7,1,909.11,0,4.0,1257.08,1
36,32160.28,14140.48,0.7959,25532.72,48,0,92.17,1.5,3,1861.77,4,11.2,4749.89,1
39,61961.91,9745.01,0.6875,17056.35,48,0,71.99,4.2,9,3343.77,2,14.1,17647.64,1
52,47174.0,26154.71,0.3557,12627.07,60,0,74.33,5.3,6,2261.44,0,17.2,17291.7,1
47,53066.92,22602.23,0.6442,2000.0,48,0,84.72,5.9,1,2159.08,1,3.3,2804.01,1
46,54915.35,17576.38,0.2384,27706.54,24,0,87.47,6.9,3,4648.19,2,16.4,7726.21,1
39,41015.12,11803.58,0.2699,20787.65,60,0,63.6,1.2,8,1986.77,3,14.8,17174.01,1
28,56199.26,23514.21,0.3179,18238.24,48,0,73.75,1.8,2,2448.87,4,2.8,9487.59,1
37,83396.89,11284.25,0.7911,31719.16,24,0,68.11,0.1,9,4252.91,0,11.8,2399.77,1
46,60410.27,27563.13,0.2165,7114.79,12,0,80.31,0.4,9,1750.36,1,5.0,16035.54,1
68,22867.95,15889.77,0.5615,20562.4,60,0,66.75,1.9,4,1238.23,0,27.6,17806.91,1
58,65107.78,24838.25,0.2065,10359.41,24,0,83.23,1.0,4,1905.17,2,5.6,25126.17,1
59,31739.94,14089.44,0.2893,26560.06,60,0,78.69,3.4,5,1750.26,4,19.8,18153.82,1
51,83136.15,15572.27,0.2408,2000.0,12,0,76.16,9.4,8,2687.6,4,23.6,10047.66,1
18,38542.65,24803.37,0.6421,28040.16,12,0,85.96,6.4,4,1462.44,1,0.0,6258.19,1
48,108025.5475,32551.4,0.5262,27626.6,60,0,76.65,7.0,9,4929.34625,4,6.9,30802.3475,1
47,84347.52,27482.93,0.7169,10769.88,24,1,75.97,4.6,3,2428.23,1,16.7,30802.3475,1
65,39067.75,22017.08,0.2255,20663.4,36,0,86.04,6.0,9,2246.04,2,32.5,6518.34,1
35,55400.28,19714.27,0.019,10984.77,60,1,62.29,1.0,1,2768.38,1,5.3,14193.96,1
34,70072.89,10944.41,0.6769,24275.96,36,0,77.3,4.0,8,2360.32,3,8.0,4096.21,1
55,70673.21,17361.84,0.1226,28202.29,24,0,67.82,4.2,7,3857.83,3,20.8,2151.03,1
31,63846.73,7695.61,0.2514,9950.2,48,1,61.54,5.0,8,1684.38,4,4.9,23991.24,1
40,80043.18,18006.26,0.3096,7032.51,60,0,61.39,7.6,2,2030.1,1,3.2,426.9,1
42,52540.62,18520.41,0.7419,30964.37,12,0,66.7,14.4,7,1880.39,1,16.3,13565.62,1
32,47665.65,0.0,0.6234,39411.71,48,0,77.36,6.2,4,1352.97,0,9.6,18532.11,1
63,48062.72,15309.91,0.1906,24944.47,24,0,82.67,12.8,1,2515.16,1,7.7,12820.55,1
39,72167.46,18319.0,0.5959,25684.41,12,1,91.84,4.0,3,2729.17,0,10.7,21396.15,1
20,62303.62,14330.32,0.704,16679.59,60,0,84.31,1.7,5,2844.37,2,1.2,3211.22,1
36,60825.67,17864.39,0.3911,21800.28,24,0,80.8,5.4,4,3189.09,0,3.0,15393.15,1
61,70904.68,4266.22,0.251,23507.21,60,0,61.45,19.8,8,2134.21,4,29.8,12523.69,1
51,13978.95,8793.09,0.6754,18174.27,48,0,71.92,6.2,2,803.18,3,11.5,30802.3475,1
52,61201.38,23279.51,0.6087,33498.61,60,0,87.69,17.4,8,2859.21,4,17.4,24378.55,1
67,59371.38,15004.57,0.0864,21767.45,12,0,70.82,0.1,5,1613.74,0,17.8,656.19,1
18,88376.16,17719.03,0.6633,23056.0,60,1,83.77,1.5,2,3801.05,0,0.0,1405.85,1
69,24428.24,10627.83,0.4887,18380.37,48,0,84.16,1.6,8,1319.83,0,28.6,30802.3475,1
38,86143.73,15155.95,0.7483,19396.61,48,0,72.21,2.8,1,4731.91,4,11.9,9522.94,1
46,56508.18,0.0,0.1969,32187.1,12,1,82.86,0.2,5,2821.34,1,10.7,988.54,1
23,64779.79,21768.1,0.2631,21459.06,36,1,64.56,12.3,1,3718.85,2,0.9,3980.9,1
54,88518.38,29463.46,0.5424,21692.95,36,1,89.08,6.1,1,3685.38,4,12.2,4820.04,1
18,66215.23,6479.86,0.4821,21822.02,60,0,60.9,0.4,2,2545.0,0,0.0,748.93,1
68,63007.37,7477.34,0.3886,16354.87,48,0,61.41,1.0,8,2039.09,1,25.6,9700.4,1
18,59845.82,18527.04,0.7411,5920.6,24,1,94.81,4.6,4,2408.84,4,0.0,29426.15,1
44,54915.35,26791.03,0.5635,35725.74,24,0,83.21,12.0,5,2428.72,4,14.8,12125.7,1
38,54430.22,14983.22,0.7061,30682.94,48,0,66.52,0.5,1,1459.54,4,13.4,19555.25,1
33,40689.74,5165.46,0.1602,32490.44,24,1,84.07,2.8,9,1321.09,0,10.8,25786.49,1
61,54108.66,13331.06,0.7244,9274.81,12,0,74.79,1.1,5,3105.11,1,26.0,30802.3475,1
57,12000.0,6760.54,0.4623,34449.2,60,0,70.79,1.0,2,616.16,4,6.4,16676.76,1
43,63580.79,9649.23,0.0431,39668.71,48,0,92.45,6.5,7,2179.61,3,6.4,7263.32,1
33,52565.25,12567.67,0.2398,30448.22,60,0,79.09,8.8,6,2783.04,2,11.6,727.78,1
45,48275.93,7565.4,0.0352,36478.22,12,1,71.74,12.7,4,1439.12,4,16.4,544.48,1
18,59395.16,8776.75,0.4577,27978.49,24,0,97.75,5.8,8,2805.04,0,0.0,14392.06,1
53,26328.72,15596.27,0.3294,11533.92,48,0,66.6,0.3,9,833.11,1,16.5,2920.24,1
27,93585.4,16720.29,0.9777,25076.32,12,1,65.68,2.2,7,3996.24,2,1.5,5235.1,1
60,52944.65,3608.16,0.8611,9796.57,12,0,63.89,2.9,6,2438.85,3,8.4,16278.49,1
34,52083.11,18171.05,0.8192,14026.26,60,0,64.98,1.6,7,2575.72,0,12.3,9582.62,1
40,35692.08,11944.53,0.5011,23162.8,48,1,70.11,3.9,5,1971.13,3,7.5,16054.98,1
24,55478.93,20762.09,0.8009,21820.18,60,1,87.94,1.3,3,2854.3,2,2.2,8024.32,1
61,82739.2,21243.98,0.2715,24630.75,60,0,86.87,11.5,7,2890.87,0,33.6,2281.3,1
24,75718.32,10643.67,0.5594,2079.11,12,0,90.54,0.8,4,4020.82,4,2.6,15214.96,1
61,72088.76,19913.18,0.3951,18457.62,60,0,83.02,2.8,8,1952.95,4,4.7,12208.23,1
32,65927.98,8304.35,0.1779,25489.98,24,0,79.7,0.7,5,3266.6,1,6.8,7039.46,1
51,47829.15,25590.1,0.0812,27483.74,24,1,77.28,2.2,5,1966.25,3,20.2,8137.83,1
63,25996.74,8606.91,0.5571,28137.73,12,0,94.99,3.3,5,1030.88,1,21.6,576.91,1
62,50979.22,17822.0,0.1057,22512.58,60,1,73.74,4.0,6,2464.86,0,24.3,12396.66,1
21,50282.57,13499.13,0.7136,16207.76,24,0,95.66,2.0,4,1358.69,0,1.4,13720.19,1
31,75975.89,6864.84,0.913,25014.71,36,0,71.02,8.3,2,4110.23,3,3.4,10981.45,1
31,61187.81,22207.33,0.1689,17002.87,36,0,66.29,3.6,6,2057.86,0,2.1,5918.9,1
33,87246.23,10086.95,0.4715,29010.56,60,0,70.21,24.4,1,4549.07,3,1.7,252.97,1
24,78949.77,1399.42,0.734,24273.08,12,0,79.96,0.7,4,2823.09,4,3.5,10445.67,1
49,45870.09,0.0,0.2911,19382.78,24,0,97.04,1.0,6,2269.07,0,11.5,14145.49,1
36,19097.42,7999.64,0.9123,12310.05,48,0,67.09,8.1,1,1062.67,2,8.2,4681.69,1
19,82711.5,26007.27,0.8807,31194.75,48,1,83.2,4.0,6,3973.71,3,0.2,5267.72,1
27,82187.7,25061.91,0.1117,25590.49,24,0,68.71,2.2,6,2698.04,3,4.4,1868.87,1
67,27675.77,9251.21,0.0369,41029.7,60,0,87.11,2.6,3,1337.59,0,13.4,10342.55,1
34,85184.8,12004.36,0.9669,25262.19,36,1,78.6,4.1,1,4117.37,3,10.7,14969.76,1
54,62642.34,11280.7,0.9473,26099.17,36,1,89.34,0.4,3,3496.27,1,18.7,9145.8,1
29,58213.71,4332.54,0.4238,5347.31,24,2,94.24,7.2,1,1952.72,2,1.6,10317.91,1
23,87295.67,7409.35,0.0596,23104.84,36,1,73.39,3.0,8,4929.34625,1,1.3,20576.02,1
39,81893.7,22849.2,0.6165,16834.72,24,1,97.53,2.7,7,3917.7,2,5.5,24969.1,1
49,68026.62,19031.1,0.2975,28264.32,12,0,78.74,7.4,3,2422.49,4,20.5,11329.04,1
58,64464.34,17184.71,0.928,23346.84,36,1,97.47,4.2,8,2706.99,4,17.7,1846.41,1
37,67327.89,4318.83,0.7888,29852.73,60,0,69.22,7.0,4,3392.87,0,10.5,1232.59,1
18,46998.85,15805.63,0.6466,41325.95,36,0,95.88,13.2,2,1249.29,3,0.0,18113.45,1
64,53897.97,0.0,0.2888,12016.38,24,1,73.35,14.6,6,1951.51,2,17.7,10528.66,1
23,36953.66,21742.42,0.6972,29467.07,48,0,90.03,2.8,9,2016.37,4,3.4,2460.12,1
36,48339.2,17068.6,0.2934,26835.93,36,0,98.73,0.4,7,1380.79,0,12.2,2351.69,1
35,47667.32,4238.14,0.0469,39792.95,24,0,96.49,0.1,5,2030.64,4,11.7,550.67,1
23,42293.89,27931.4,0.5083,27053.85,36,0,78.55,6.1,3,1868.78,2,3.8,7052.64,1
62,57734.93,630.68,0.4889,26014.1,36,1,73.8,0.4,5,1995.67,3,14.6,1273.83,1
50,54915.35,19242.45,0.7577,28514.53,36,1,84.51,2.5,7,1866.95,2,19.0,4862.72,1
40,65044.69,19441.37,0.8584,29212.66,48,0,88.23,5.4,3,3599.59,1,7.4,2231.72,1
40,22553.59,5082.64,0.3574,34543.7,24,0,81.61,32.1,2,609.24,4,15.9,13052.13,1
43,52732.9,14697.19,0.4505,11806.21,12,0,93.94,1.3,6,1602.04,4,11.8,52.54,1
30,57631.03,1905.38,0.471,16076.61,60,0,62.33,0.0,8,3171.99,2,4.3,4756.3,1
24,48787.42,0.0,0.3277,37352.86,48,0,83.99,0.2,7,1511.28,2,0.6,457.66,1
32,51552.15,6456.99,0.7385,2000.0,60,1,81.01,1.3,4,1588.26,4,8.0,508.45,1
61,23295.08,10067.0,0.5217,19152.71,60,0,61.57,24.8,4,1036.21,0,18.0,1005.83,1
44,62129.54,20154.05,0.9057,21495.6,12,0,60.51,0.4,4,3591.85,2,4.3,3209.58,1
43,67952.12,15539.26,0.6473,18230.88,36,0,84.25,6.9,5,2711.2,2,9.2,15288.18,1
50,64870.75,15748.36,0.2177,35809.48,12,0,64.72,0.8,7,2751.42,0,14.7,7877.86,1
32,75774.54,6884.63,0.1715,24759.38,60,1,90.74,1.1,9,3981.71,1,4.6,1503.2,1
53,59030.59,10759.91,0.3749,16126.86,48,1,97.97,0.4,8,2845.98,0,22.4,4949.66,1
62,64573.62,7560.59,0.35,13655.91,60,1,67.1,1.3,1,3758.22,2,27.1,24310.46,1
44,58121.81,5200.21,0.409,22818.26,60,2,91.94,0.6,8,2640.06,3,4.7,5462.87,1
22,68751.01,10250.4,0.1899,31659.54,12,0,83.66,0.1,1,2680.51,4,1.8,29612.05,1
19,23455.41,15596.1,0.9687,21384.08,24,1,77.92,8.0,5,847.2,2,0.4,25158.07,0
50,37128.38,10418.89,0.1528,18655.8,60,0,86.01,1.1,9,2150.3,2,20.1,5060.79,1
33,86737.99,12411.98,0.6496,13047.16,24,1,92.09,0.6,4,4505.75,3,6.6,10457.06,1
40,12000.0,20559.32,0.0228,23740.39,36,0,98.83,1.6,6,627.9,3,7.1,15498.39,1
55,52196.44,10993.96,0.4088,23185.71,60,0,86.42,7.0,1,1643.17,1,15.9,1986.24,1
33,78445.5,4328.27,0.313,12757.81,12,0,89.88,1.3,1,3164.97,0,6.5,7555.57,1
31,53134.79,19507.63,0.3844,30264.16,36,2,84.3,3.9,6,1368.59,4,3.0,1088.6,1
46,46899.78,17126.8,0.4981,37060.43,48,0,82.6,1.2,7,2007.97,3,9.8,6998.07,1
43,57588.43,17629.28,0.5984,20489.98,60,0,62.59,2.4,7,1581.35,0,9.7,1373.33,1
52,47937.6,20006.71,0.5818,23021.38,12,0,66.2,3.7,8,1513.19,1,4.7,14904.24,1
32,55616.99,18653.13,0.6281,8950.65,60,0,75.17,7.1,1,1913.23,3,7.6,9566.24,1
20,41332.38,15229.83,0.8377,27371.9,12,0,85.98,1.7,4,2159.2,0,0.5,10425.43,1
40,77173.49,34131.62,0.879,24641.74,12,0,63.03,3.0,2,2192.92,1,7.4,2820.01,1
46,54915.35,4720.25,0.7325,16738.96,24,0,81.78,5.1,3,4611.3,4,6.3,9380.98,1
51,52332.19,10308.66,0.0874,12565.07,60,0,60.53,1.6,1,2296.15,0,20.5,13820.74,1
50,27270.21,22738.67,0.9521,38475.7,12,0,90.64,1.2,6,780.59,0,15.6,3717.34,0
58,44523.14,16140.69,0.9385,23827.7,12,0,86.68,4.2,7,2577.8,3,9.6,29371.58,1
58,51320.23,21063.38,0.7075,10823.29,36,0,80.83,15.2,4,1286.54,1,9.5,4722.03,1
40,65110.78,16358.05,0.5171,28555.44,60,0,82.85,12.0,9,1981.43,2,5.7,4445.85,1
24,34839.74,25992.45,0.2556,22296.57,36,1,97.31,4.6,4,1084.53,3,4.6,4863.99,1
20,39616.75,6939.91,0.7512,20588.92,24,0,96.27,2.7,5,2136.92,2,0.9,23336.15,1
49,65213.52,25739.68,0.8703,29785.57,24,0,91.71,4.2,1,2386.43,0,23.3,3668.83,1
48,73778.18,24367.97,0.6619,2000.0,12,0,73.45,8.1,5,3897.59,1,23.8,9509.77,1
35,42568.12,5317.69,0.6265,2000.0,12,0,64.29,0.5,3,1123.98,2,7.8,3064.14,1
60,28335.66,20045.32,0.1991,33792.19,12,0,72.86,7.6,3,1613.82,0,6.7,14953.36,1
24,108025.5475,14655.68,0.3606,18710.78,60,0,90.08,5.4,7,4929.34625,0,4.0,30802.3475,1
58,70666.08,10147.34,0.7187,15732.28,60,0,84.44,1.6,3,2887.61,2,21.1,30802.3475,1
18,49659.92,0.0,0.0266,6622.43,48,0,88.22,10.4,4,1494.56,1,0.0,1261.36,1
31,72380.63,6913.49,0.6384,21938.49,12,0,64.21,0.4,4,2349.18,4,5.8,16676.06,1
69,52510.87,20664.9,0.7613,23172.56,36,0,66.34,12.5,3,1711.5,0,28.7,10428.66,1
49,72343.14,21510.73,0.338,34408.15,48,0,86.57,2.5,8,3503.32,4,12.7,14123.69,1
23,58187.86,13314.32,0.0846,23724.45,60,0,74.87,8.3,1,2181.79,0,2.5,4809.14,1
56,56825.44,21535.88,0.8127,16971.92,60,0,74.77,0.8,9,1426.54,4,28.7,4271.34,1
27,52728.36,22562.08,0.149,24056.77,12,0,75.71,4.2,5,1993.35,0,1.8,5690.31,1
24,26052.37,16237.12,0.3734,31094.89,36,1,91.84,0.2,4,1147.91,4,2.6,30802.3475,1
43,93761.9,9221.33,0.7031,28912.2,36,0,87.96,1.6,7,2512.27,0,2.6,1774.54,1
51,36169.32,18528.43,0.8106,26214.35,24,1,64.24,8.8,8,1568.76,1,13.4,25143.32,0
47,27799.53,18895.88,0.8551,22745.82,12,1,73.77,3.0,8,1414.89,2,7.1,7726.27,0
53,50742.8,20391.56,0.5298,14186.73,60,0,86.95,5.4,6,2222.9,0,9.1,10764.32,1
38,35770.56,21923.23,0.4764,9672.01,12,0,99.05,8.2,8,1289.42,0,5.2,922.8,1
34,53965.74,4102.68,0.8414,8089.94,12,0,96.49,3.8,1,1998.77,1,10.1,17610.52,1
50,68755.28,10920.57,0.5618,23939.66,24,0,69.93,4.4,4,2705.29,4,14.6,937.49,1
27,74906.06,0.0,0.5771,24982.8,24,0,62.64,7.3,8,3988.86,0,3.3,11524.52,1
68,71294.61,20975.97,0.4353,30943.04,48,1,82.93,0.6,7,1857.74,3,5.0,10123.45,1
64,48887.36,13301.51,0.3754,25617.32,12,0,76.25,0.4,3,1799.69,4,31.5,30802.3475,1
59,55991.84,18446.51,0.4809,30508.71,60,0,67.34,4.9,3,3190.42,2,4.1,20909.07,1
68,63157.58,3194.57,0.3676,18694.53,24,0,86.07,18.5,2,3328.75,2,33.3,4846.59,1
29,19844.25,26207.85,0.3467,27708.42,48,0,66.41,5.2,9,585.31,0,6.7,23614.82,1
33,66411.69,5445.29,0.9838,9985.29,48,1,74.06,6.1,4,2445.9,1,2.8,816.41,1
58,25854.01,21196.51,0.3395,19398.14,48,0,91.78,5.4,3,661.86,4,21.4,3195.89,1
49,95806.93,15943.6,0.2613,2000.0,60,0,87.37,4.7,7,4725.15,2,3.3,26666.91,1
32,46909.7,13484.46,0.3568,20315.85,24,0,84.28,1.1,9,1334.68,2,3.6,7569.63,1
44,51302.5,12838.72,0.589,32247.86,36,0,97.23,9.2,3,1942.52,0,7.0,3618.99,1
45,39605.86,9895.5,0.9028,20702.11,60,0,65.02,4.3,4,2182.33,0,21.2,2064.22,1
34,42400.6,25361.57,0.7821,27218.25,12,0,87.64,19.2,2,1253.23,2,8.0,5252.3,1
63,100481.87,15100.9,0.8354,22731.85,36,0,64.69,0.4,9,3602.91,3,4.8,26241.7,1
67,73807.39,4846.23,0.8518,14295.74,60,0,65.45,1.8,2,3851.7,3,9.3,26835.07,1
19,24015.95,11928.32,0.9121,18133.52,24,0,80.26,0.5,8,1106.54,1,0.2,9649.88,1
53,85084.26,16026.71,0.2404,31796.84,48,1,60.96,9.8,7,4280.13,1,23.6,933.11,1
67,78864.85,22182.44,0.4592,27166.74,60,0,80.04,8.5,7,4492.59,1,28.2,5593.83,1
24,49375.75,10163.04,0.3875,13824.04,12,1,60.38,7.4,8,2737.65,0,2.6,8169.79,1
30,61133.94,10697.79,0.3842,6125.28,12,1,84.1,5.7,5,2112.38,1,8.0,13493.5,1
32,54701.12,15187.46,0.6492,22068.47,12,0,72.48,0.6,6,1912.55,2,6.0,24363.1,1
42,94451.6,21987.4,0.4038,14181.2,36,0,63.33,2.6,6,2633.27,1,16.1,30802.3475,1
40,39074.2,4049.96,0.614,18225.65,48,1,91.23,6.1,8,1465.84,2,5.6,5298.06,1
39,57920.21,19042.84,0.3846,5455.77,60,1,75.6,2.2,9,2943.21,0,15.8,21536.07,1
43,46437.09,11287.5,0.3149,30407.53,36,0,77.76,6.3,4,1560.9,0,19.3,17570.35,1
50,26339.19,12404.54,0.356,19030.22,60,0,74.98,1.7,6,1385.47,3,17.5,8755.95,1
28,98832.77,31012.61,0.7977,20546.6,24,0,63.35,3.9,9,4359.08,2,5.4,8408.38,1
27,31368.67,13428.25,0.599,11670.7,24,1,78.4,2.2,4,1160.83,3,4.5,30802.3475,1
42,59402.58,21037.55,0.9645,17226.15,60,0,86.62,12.7,8,2313.21,4,9.7,4714.43,1
54,20185.99,20751.31,0.826,21224.6,36,0,96.14,2.9,5,1023.4,4,8.1,5743.1,1
65,47018.59,5559.81,0.4861,13867.43,12,0,90.55,1.7,6,1670.99,2,11.0,6982.19,1
60,63439.38,236.85,0.2475,17841.38,36,0,63.17,0.3,7,3101.36,3,23.4,12611.74,1
55,38505.32,21567.86,0.6704,33862.91,36,0,66.63,0.8,9,1497.87,0,15.8,7424.08,0
58,66736.04,6331.63,0.7221,2499.58,60,0,61.79,4.2,2,3483.24,0,10.3,9168.8,1
62,49619.18,1686.54,0.4649,21845.62,36,0,64.78,6.0,4,1590.67,2,7.2,4825.37,1
41,78201.65,23209.3,0.2353,12145.34,24,1,79.22,15.4,9,2759.75,0,17.7,650.47,1
57,82235.22,6844.59,0.5561,33364.9,60,0,68.79,4.5,2,3419.55,3,22.7,9368.48,1
63,43265.1,8819.86,0.2588,18192.73,60,0,85.92,5.7,7,2161.73,3,10.5,9673.43,1
50,56534.66,30794.99,0.9312,9528.45,60,1,61.29,4.8,1,1710.41,1,20.0,3676.02,0
34,58669.08,1722.12,0.6263,17843.9,36,0,94.29,11.6,1,3233.34,1,3.5,9649.61,1
41,67386.99,4949.71,0.2961,23496.34,48,0,87.11,1.8,5,1724.71,0,11.8,9621.14,1
54,55287.64,11322.41,0.2214,47423.698749999996,12,0,98.76,4.6,7,1430.84,1,17.9,4466.59,1
19,58804.22,13077.95,0.7124,2000.0,12,0,98.11,16.1,8,2350.13,1,0.2,13108.82,1
49,50131.87,7850.04,0.7036,8008.84,24,0,87.72,0.0,2,2638.1,2,17.5,8899.94,1
41,57304.8,5730.76,0.5952,33052.19,60,0,66.32,1.6,3,1684.19,4,11.3,1072.25,1
26,80958.8,27079.95,0.612,4910.4,12,0,68.88,7.1,6,3333.94,0,5.3,6345.41,1
21,67921.66,17103.89,0.6018,20096.32,36,1,71.1,3.2,4,2669.09,1,2.2,21051.55,1
34,69025.11,19681.35,0.3629,15166.35,36,0,77.07,0.9,9,3439.36,4,9.5,14479.62,1
34,69461.41,13902.2,0.9287,13595.76,36,1,82.83,4.2,5,2231.52,2,5.0,1523.84,1
67,51923.82,17315.64,0.4797,18278.07,24,1,87.3,3.6,7,2326.22,4,16.1,30451.6,1
65,61376.54,22463.21,0.0299,16673.17,60,1,63.03,3.0,9,3415.82,0,15.0,2889.93,1
47,33296.53,7029.61,0.3514,30570.62,12,0,84.42,2.1,3,893.64,1,20.4,4256.54,1
57,80376.15,17118.69,0.1377,33282.95,60,0,62.37,0.3,1,4379.04,1,17.1,2303.43,1
28,12000.0,20568.34,0.3661,24263.04,60,0,93.08,4.6,4,383.56,2,7.7,13056.64,1
38,53257.03,27358.38,0.6061,17639.27,36,0,61.62,3.6,5,1477.96,4,11.2,8176.64,1
38,77817.92,30583.13,0.0322,22584.7,12,0,75.6,4.4,2,2773.35,3,10.4,8481.7,1
35,27722.64,15558.88,0.8628,28050.26,24,0,76.8,0.0,9,1164.52,1,12.4,11783.13,0
46,62995.6,24109.11,0.6081,30016.98,60,1,82.82,0.4,5,2324.74,3,14.4,8884.32,1
41,41384.67,0.0,0.2995,23700.47,48,0,63.82,0.9,5,1217.51,3,15.5,4163.96,1
27,47623.93,27418.26,0.315,35276.62,36,0,97.32,3.0,1,1947.27,1,4.0,25884.6,1
62,73918.82,9192.93,0.4664,13834.88,48,0,75.33,8.2,1,1853.0,3,22.8,8605.54,1
34,58961.14,13071.22,0.2531,31399.56,24,0,75.85,1.4,1,1492.73,4,4.5,13077.45,1
35,14312.88,18528.84,0.0143,27043.6,24,0,69.72,8.3,7,754.43,1,12.1,1672.88,1
59,35471.49,13772.46,0.036,13900.0,24,1,91.23,1.3,3,1558.75,3,12.1,4488.08,1
65,74506.71,16571.63,0.3606,22326.86,24,0,60.31,6.9,5,2765.49,0,36.4,14940.26,1
37,63978.85,27701.54,0.1317,23014.3,12,1,64.25,10.4,2,2458.79,0,7.0,4113.29,1
54,89962.71,11926.24,0.0319,18579.68,48,1,78.83,8.5,2,3617.05,0,14.6,12939.77,1
62,88652.95,6304.61,0.8521,18470.65,36,0,98.73,6.7,1,2913.04,4,19.6,6757.89,1
35,48155.1,29507.71,0.2787,4751.72,48,0,61.42,0.2,8,2370.66,4,6.3,15996.98,1
34,105064.76,19214.11,0.5031,13107.33,12,0,62.48,2.0,8,3702.53,3,8.0,13486.17,1
26,55489.59,30377.91,0.1858,17616.28,60,0,88.6,1.1,5,2453.61,3,4.4,2913.95,1
31,35746.63,21909.04,0.0558,14274.32,24,0,89.42,3.2,8,1054.01,2,2.9,1624.45,1
66,42327.2,4411.24,0.74,11443.36,60,1,95.88,2.2,2,1097.08,3,32.7,4599.15,1
46,12000.0,20163.08,0.1325,30610.91,24,0,83.07,4.8,5,359.71,1,15.8,3049.25,1
48,87140.38,7128.42,0.0352,18960.75,36,0,76.14,4.2,9,3202.77,1,18.6,4364.85,1
21,86895.24,15059.45,0.5855,41667.42,24,1,78.04,2.8,9,2574.98,4,2.3,699.9,1
35,34689.85,14394.28,0.0232,22227.47,24,0,77.26,7.3,2,1629.58,4,11.3,6049.1,1
37,50442.31,2058.69,0.4376,30401.55,60,0,98.94,0.1,7,1535.0,4,10.1,11012.14,1
64,56912.15,8497.52,0.2931,17918.78,60,1,75.2,10.0,2,2965.1,4,14.4,4275.3,1
60,35792.94,32641.5,0.323,13383.25,60,0,63.84,0.0,9,1844.46,0,21.7,11510.01,1
61,19897.96,16907.02,0.0138,22628.49,12,0,71.59,3.0,1,685.56,0,6.1,11041.96,1
26,50792.85,13595.23,0.9551,32955.16,24,0,98.4,10.7,9,2058.46,3,4.3,761.57,1
30,48578.41,29503.12,0.5166,19109.28,60,0,77.13,2.7,4,2320.58,0,4.8,16852.77,1
32,47231.78,11830.12,0.5711,24467.78,12,1,72.64,7.0,9,1848.88,2,8.2,1154.98,1
44,59454.32,14268.64,0.6628,22575.6,36,0,72.43,2.6,7,1641.48,0,7.7,7065.3,1
32,83590.39,22926.42,0.7916,19019.99,36,0,60.36,9.5,4,2862.77,4,7.5,22073.7,1
45,48938.15,11794.11,0.6058,19531.76,24,0,85.32,35.8,7,2060.9,3,17.8,24791.07,1
54,58408.86,9027.83,0.757,10015.25,60,0,88.97,3.4,6,3049.58,1,6.2,5097.72,1
36,69537.41,0.0,0.4498,19889.11,24,0,74.12,0.3,6,1898.9,2,10.3,0.37,1
43,66082.86,7508.01,0.3738,26532.94,24,1,94.91,0.8,7,2040.88,2,19.5,8437.41,1
69,42711.53,7431.78,0.8167,22957.12,24,0,89.72,3.9,4,2393.33,1,36.4,30802.3475,1
43,56927.54,16268.53,0.858,21841.81,12,0,84.03,16.3,4,2026.85,1,5.0,11073.73,1
42,65950.8,10116.33,0.1451,27250.11,24,2,88.15,2.6,4,2478.69,4,9.9,2355.07,1
43,32432.97,32264.15,0.5418,21949.35,36,0,90.78,1.6,9,1530.71,0,6.7,7745.42,1
43,80270.78,6538.97,0.68,20139.16,60,0,81.08,16.8,8,2992.47,0,3.8,8171.98,1
63,83631.78,26205.17,0.0919,27351.6,48,0,75.91,6.2,7,2734.14,2,29.4,14118.79,1
45,40544.39,16758.02,0.921,21366.0,48,0,65.03,7.4,5,2322.46,0,18.4,18794.78,1
66,58873.4,21454.19,0.5197,17634.05,48,0,76.2,0.6,5,2494.3,0,26.8,18651.19,1
35,67845.57,20968.16,0.6425,24682.7,60,0,82.0,1.5,9,2535.23,1,2.8,19791.0,1
49,44087.72,0.0,0.1847,19647.82,24,0,97.91,3.5,7,2221.3,1,4.8,22417.65,1
20,64632.28,14907.58,0.2691,17184.87,60,0,66.2,6.7,5,1836.03,1,1.0,4661.62,1
19,58265.11,12902.17,0.1286,21554.22,60,1,90.28,2.1,5,3208.72,1,0.7,4764.13,1
50,25641.64,5936.18,0.2687,21670.91,12,0,69.63,1.1,1,1334.93,0,7.1,6220.3,1
59,64183.23,18677.01,0.4925,8963.75,60,0,98.28,2.9,8,2410.05,1,22.2,12335.96,1
36,32997.15,28732.32,0.827,23332.3,12,0,83.79,2.8,3,1029.91,1,8.1,229.04,0
34,73784.06,0.0,0.533,38465.13,36,1,77.31,10.3,7,3958.63,3,4.5,5083.41,1
61,41575.78,10724.24,0.2496,10203.89,12,0,73.87,13.6,1,2364.49,4,17.0,858.75,1
50,51774.29,5033.87,0.0537,14974.24,48,0,68.08,0.9,2,1376.98,3,13.3,10628.51,1
29,82445.58,15574.22,0.6195,47423.698749999996,12,0,88.58,1.6,6,4774.79,0,2.3,3619.84,1
66,64927.63,12395.03,0.4218,11778.67,36,0,85.44,7.7,6,2459.3,1,10.7,665.36,1
20,33410.52,10154.58,0.9747,32863.9,60,0,95.61,1.4,6,1733.05,0,1.1,1153.77,1
60,34701.67,20516.05,0.7742,17712.94,48,1,83.89,1.5,7,1397.09,2,7.9,22673.35,0
66,43013.94,28089.45,0.8022,20601.4,12,1,66.79,5.6,2,1823.55,0,31.0,18967.65,0
43,62892.88,36290.55,0.022,18688.32,24,1,87.31,3.6,9,2695.88,3,17.3,13937.57,1
52,62166.0,9082.97,0.7722,24257.01,60,0,95.15,6.1,2,3550.43,3,6.1,3270.29,1
25,38137.95,433.0,0.2007,4202.47,48,1,99.62,0.4,1,1754.14,4,5.3,6887.91,1
69,31655.81,19473.57,0.5841,21862.6,48,0,87.4,3.5,9,1103.87,1,40.0,28395.32,1
53,60631.67,27883.88,0.4485,15966.38,12,0,71.58,5.6,9,2782.19,3,4.8,20519.81,1
24,51362.8,21509.52,0.5702,2000.0,60,0,82.62,3.2,7,1438.64,3,0.6,11941.09,1
63,98144.32,27850.78,0.1408,31208.89,60,0,80.6,0.7,6,3537.61,0,34.4,15856.76,1
63,55732.07,13196.11,0.4578,2000.0,24,1,80.48,0.7,1,1716.1,2,7.3,213.91,1
53,91285.06,10123.4,0.0462,41484.46,24,1,63.14,4.4,1,4126.17,1,10.1,13034.8,1
33,31592.33,15923.49,0.0502,26169.53,48,0,67.78,0.8,1,1349.83,4,6.5,6545.56,1
41,23535.74,12355.57,0.6546,6390.04,48,1,80.96,1.8,7,1156.92,4,4.8,2093.92,1
18,32598.3,20304.75,0.9427,33380.94,36,0,91.93,2.9,7,1182.83,2,0.0,30802.3475,1
66,78782.6,22758.14,0.7718,12496.21,48,0,67.27,4.5,3,4557.38,2,36.0,20415.55,1
42,90122.03,23384.67,0.4698,12951.76,24,1,66.57,1.5,9,3214.34,4,17.3,18487.27,1
27,39356.41,19084.74,0.0648,2000.0,12,0,90.39,2.6,8,1052.48,2,1.9,5257.11,1
33,45788.68,16966.58,0.0541,11360.37,36,0,87.62,2.3,6,1557.48,3,11.4,2513.9,1
33,31620.38,21355.41,0.1647,12538.31,48,1,79.4,3.4,5,1448.1,3,9.0,10591.26,1
25,18767.2,0.0,0.9663,28181.46,24,0,62.01,8.1,2,944.82,0,5.5,6925.3,0
46,69368.23,16684.57,0.4007,31671.94,36,0,78.91,6.8,7,2293.54,0,6.3,11250.15,1
56,59460.41,15419.82,0.8365,7592.11,12,1,93.39,7.7,8,3032.54,0,5.5,5318.12,1
45,55209.76,16704.64,0.701,22705.4,12,0,60.42,0.8,1,1998.76,2,10.5,25994.42,1
23,26998.87,14299.01,0.6033,2000.0,24,0,64.1,3.6,5,822.61,4,4.0,30802.3475,1
33,87799.13,18454.84,0.9389,22743.45,60,0,92.37,2.0,5,2605.96,1,6.3,15804.96,1
37,44932.87,10403.18,0.2358,41620.8,24,0,81.01,2.1,6,2348.82,3,10.5,3556.79,1
33,65672.53,24036.19,0.4558,2201.88,24,1,86.49,0.3,6,2159.79,4,7.1,1767.87,1
24,25908.77,18789.2,0.8574,9853.33,24,0,89.8,14.6,8,837.74,4,4.4,5769.15,1
58,51189.5,16205.49,0.5507,27272.75,60,0,72.01,14.0,6,2786.16,4,28.3,5830.42,1
31,60827.49,9419.87,0.2515,28451.94,48,0,71.92,2.6,6,2260.07,4,10.1,17393.7,1
60,61541.5,21522.54,0.2147,10588.83,48,0,70.56,9.6,5,3570.07,2,22.1,212.15,1
43,58092.97,16653.28,0.7478,34735.82,12,2,66.69,2.0,8,1974.14,3,12.3,950.17,0
43,64890.45,8956.13,0.0225,11844.22,48,0,72.19,4.1,7,3050.51,4,3.6,4128.56,1
31,32389.59,14546.71,0.9059,36734.68,24,0,98.11,6.8,8,1019.74,1,4.1,1297.03,1
24,58947.45,20032.66,0.028,24686.52,48,1,63.44,3.7,2,1851.97,4,2.1,4800.84,1
50,57275.15,19412.59,0.6284,32712.15,60,0,69.63,0.9,7,2976.38,2,14.5,2379.89,1
43,59633.45,18896.07,0.6027,23708.28,48,0,72.72,2.4,7,3331.18,2,4.7,30802.3475,1
62,56446.9,15740.25,0.5768,26569.64,24,1,66.15,7.1,5,3093.94,1,20.9,7331.81,1
37,29535.74,23206.56,0.4749,27101.33,48,0,63.1,7.6,6,1559.34,1,5.4,9948.94,1
20,28644.0,24902.37,0.8454,31447.87,12,0,66.47,2.1,9,1273.01,0,1.6,17185.73,0
69,12000.0,20898.58,0.6561,19671.72,48,0,81.11,3.9,3,345.26,0,12.5,7176.56,1
21,71350.69,10300.39,0.7762,11000.96,12,0,83.87,1.2,7,2586.69,0,0.7,5954.71,1
43,71553.15,6535.51,0.1232,19210.61,36,0,68.61,1.4,8,2459.15,3,11.5,8839.51,1
28,71871.01,10648.48,0.0589,13325.12,60,0,80.15,0.8,3,2397.29,0,7.5,1682.28,1
19,61135.8,30629.25,0.038,13979.28,12,1,60.25,2.9,5,3511.74,4,0.2,16703.27,1
31,12337.62,17253.57,0.1543,36547.77,36,0,84.08,6.4,9,369.94,0,9.7,10104.25,1
61,34465.79,32011.53,0.6637,26227.28,36,0,60.05,10.6,3,1400.71,2,7.5,27306.44,0
47,58408.31,14038.41,0.4941,25767.37,24,0,85.71,3.9,3,3263.41,1,6.4,13826.64,1
66,57710.36,12929.49,0.7472,30726.44,36,0,79.33,5.3,3,1559.24,2,10.1,3421.66,1
29,50545.04,14407.55,0.1979,26175.1,60,0,64.37,1.6,5,2519.89,1,2.9,17272.45,1
43,62378.34,14262.61,0.3696,38670.77,60,0,63.54,1.1,3,2826.75,2,15.6,1026.72,1
61,55233.03,8810.79,0.8807,2000.0,60,0,60.28,2.5,6,2044.01,4,17.1,1243.64,1
50,57415.41,5809.21,0.927,10024.07,60,0,82.07,4.1,5,3230.93,2,21.4,23087.44,1
30,42218.69,19010.69,0.9133,12993.28,24,0,92.26,0.2,7,1527.13,1,4.0,1691.76,1
31,54915.35,23439.21,0.8119,6242.84,48,0,94.26,0.5,4,2335.44,3,5.6,924.93,1
41,46384.57,34559.85,0.6845,21129.23,12,0,82.77,5.0,3,2279.81,1,10.3,30802.3475,1
51,28387.02,11530.3,0.9054,21599.33,24,1,95.49,1.1,8,1024.32,1,14.1,5319.96,1
61,39580.02,12178.76,0.7099,39753.36,24,0,94.48,3.0,1,1367.97,1,16.3,13680.07,1
43,48030.68,8830.17,0.9449,29037.89,12,0,87.93,13.8,2,2691.64,1,8.6,13777.23,1
38,74880.06,24005.82,0.0343,14924.74,12,0,74.52,9.9,9,2640.14,2,13.9,3282.58,1
45,54154.64,21519.9,0.9132,24943.59,48,0,93.09,0.3,6,2390.88,0,10.4,1061.01,1
65,51277.04,7984.52,0.5546,2000.0,48,0,75.67,0.3,7,2400.75,3,9.0,1729.77,1
53,30026.73,7782.42,0.1196,21422.55,60,1,76.13,0.8,2,1236.45,0,8.3,5124.37,1
57,70709.65,22620.12,0.2206,20887.87,48,0,87.12,0.6,2,2501.23,2,23.0,30802.3475,1
19,41960.96,18065.57,0.8451,10979.03,48,1,97.12,1.5,6,1807.63,3,0.8,4817.75,1
59,52999.44,21067.11,0.506,17988.03,12,0,80.0,2.3,8,2031.07,1,23.6,22820.02,1
26,84603.66,7937.85,0.9732,13074.63,36,0,67.09,0.4,5,2215.19,2,1.3,16440.5,1
40,65175.27,0.0,0.1252,10674.55,60,0,65.7,3.1,2,2300.59,0,10.3,7711.39,1
32,22434.92,8000.28,0.4143,26744.99,60,0,72.09,3.8,8,999.38,0,7.4,1176.23,1
30,19609.8,20502.13,0.3352,30339.11,24,0,78.31,5.4,6,498.54,3,6.0,12812.69,1
40,53713.79,31888.46,0.5158,25099.96,48,0,71.91,2.6,6,2506.57,1,4.7,11832.02,1
34,30745.19,11564.29,0.6308,15618.95,48,1,88.48,1.8,4,800.42,3,9.1,6220.65,1
65,67970.93,33206.85,0.6584,13374.46,12,1,81.71,5.2,1,2974.58,3,5.3,6452.49,1
19,55845.26,21638.56,0.0113,15930.0,48,0,76.27,12.1,9,1509.67,0,0.6,452.1,1
37,58307.7,3855.74,0.0972,17799.92,24,0,68.54,2.5,3,3105.67,1,5.4,4498.32,1
37,40865.14,16712.27,0.0444,11279.1,12,1,84.22,1.7,8,2261.78,4,14.7,5602.67,1
63,89827.67,21911.79,0.8573,30538.24,60,0,86.96,6.3,7,4085.3,1,16.4,1925.81,1
20,108025.5475,0.0,0.317,17977.26,48,1,91.37,10.5,2,3267.92,1,0.3,2252.55,1
29,49428.31,20155.61,0.3697,27648.81,48,1,99.63,16.1,7,2724.44,0,8.7,3129.07,1
57,62060.78,24381.77,0.4514,6000.79,24,0,69.25,1.2,7,3057.99,1,21.2,7116.44,1
19,56948.35,18190.94,0.8423,13116.6,24,0,60.6,1.8,5,3092.43,0,0.5,766.92,1
53,49806.26,14506.23,0.0239,28593.93,12,1,80.02,11.8,3,2015.29,3,12.2,6726.3,1
31,38358.59,13616.59,0.1262,28735.46,60,1,96.96,1.6,3,1498.15,2,5.4,4446.41,1
33,33300.64,13149.42,0.6815,7974.7,24,0,69.95,2.1,4,1490.57,1,6.2,7237.7,1
36,32288.05,5592.16,0.9546,23030.69,24,0,90.24,5.1,8,1297.51,4,5.2,8039.56,1
51,63104.8,9499.81,0.6399,23293.14,60,0,72.78,4.2,8,1936.62,0,11.3,17804.79,1
61,44606.51,11667.25,0.2659,12917.87,36,1,75.65,10.5,7,2342.31,0,32.6,4585.65,1
63,12000.0,15907.95,0.5195,23569.98,12,0,97.91,4.7,6,376.18,4,9.9,17698.39,1
23,63897.16,10545.48,0.9655,4195.48,36,0,78.44,3.4,3,3187.24,3,2.2,952.61,1
30,54234.77,8046.97,0.5275,10731.08,60,1,89.01,0.4,9,2966.34,2,8.8,264.97,1
53,54915.35,21078.17,0.376,25989.58,48,0,81.99,18.4,9,3493.64,2,22.3,2015.92,1
39,62462.45,17964.91,0.3858,20295.0,12,0,90.56,2.7,1,2088.39,1,16.8,8172.4,1
35,25426.53,10686.16,0.9577,20814.2,60,0,72.69,4.2,6,653.87,3,11.0,15469.66,0
29,12000.0,19050.23,0.7145,18249.17,60,0,95.08,3.5,7,561.82,3,1.3,30802.3475,1
69,40610.55,11374.74,0.6834,25369.03,12,1,81.96,6.7,2,1764.26,0,12.5,3127.92,1
47,42497.85,15504.52,0.2374,25850.97,36,0,72.37,5.2,9,2041.54,1,21.8,4017.21,1
68,73863.18,22800.35,0.5583,27914.98,48,1,61.53,2.1,8,4188.9,4,38.3,2918.53,1
57,54822.58,10170.07,0.3596,21256.69,36,0,60.53,3.7,4,2195.58,3,18.9,3734.51,1
24,77673.77,5620.71,0.2454,16115.88,24,0,74.13,8.7,9,3683.33,2,2.5,5021.86,1
49,28503.34,13838.92,0.8876,14429.84,36,0,68.63,5.0,9,847.92,3,16.6,9541.76,1
65,74305.29,4092.28,0.3855,9431.53,24,0,62.11,15.5,1,2203.31,0,34.3,8119.81,1
36,69419.78,12780.41,0.2871,15972.1,12,0,82.11,7.0,1,2877.08,3,7.7,597.26,1
23,14635.32,12754.9,0.9231,13936.16,24,1,99.55,3.3,4,652.13,4,2.7,7481.64,0
37,81452.36,0.0,0.2034,36015.79,60,0,76.89,8.2,7,4709.49,2,5.0,14802.66,1
44,56869.17,19245.08,0.7406,9530.62,24,0,82.08,2.9,9,2499.92,1,12.6,10824.37,1
60,62840.89,13538.48,0.6497,30373.62,60,0,68.79,1.2,5,3492.51,1,8.2,10603.96,1
54,37702.08,24455.17,0.9121,17322.62,60,0,68.2,5.0,2,1932.26,3,4.0,972.87,0
65,80504.94,16724.26,0.8254,17935.27,36,1,73.13,2.2,7,4425.67,0,23.6,7290.18,1
24,31282.95,20884.87,0.7012,24011.88,48,1,93.4,0.1,2,1676.11,1,3.5,3053.76,0
22,71641.84,24520.31,0.3183,5814.62,36,0,98.42,1.2,4,3085.22,2,1.1,14626.33,1
28,71412.15,13946.26,0.4957,12000.25,36,0,89.59,0.9,5,1785.37,0,2.4,559.91,1
32,35516.65,14993.41,0.9356,7588.61,60,0,60.82,7.9,8,1426.77,0,8.1,9392.44,1
20,94667.47,2411.65,0.0327,16197.42,48,1,77.54,6.5,4,3059.14,3,1.1,1455.3,1
22,59630.57,24916.3,0.7884,10908.05,60,0,76.83,4.8,2,2910.38,0,2.7,7171.42,1
40,54915.35,13834.42,0.2568,33171.43,48,1,97.41,13.6,9,2150.92,4,6.4,369.28,1
54,24457.58,6954.16,0.1913,14166.57,24,0,89.82,1.0,6,997.1,4,21.3,7079.19,1
26,97354.6,20917.78,0.2376,2000.0,60,0,88.58,0.9,1,2513.4,0,1.9,10664.4,1
32,30508.86,0.0,0.0686,16655.67,36,0,82.59,12.0,4,854.6,3,3.8,4228.16,1
20,75497.73,11565.81,0.9821,28074.55,60,1,85.83,5.2,2,2875.18,2,0.9,28548.51,1
46,35104.57,22266.49,0.8625,36302.68,12,0,87.94,4.1,7,1731.98,4,19.1,5604.7,1
23,42620.22,11498.23,0.5206,17705.07,12,0,82.1,6.7,1,2022.5,1,1.5,3622.28,1
34,70775.08,9256.62,0.7108,14831.0,12,0,93.79,1.7,9,2778.3,2,3.8,16696.23,1
43,75551.05,11670.76,0.5555,19855.48,36,0,61.48,4.5,8,2369.12,0,13.3,2334.78,1
38,29574.32,0.0,0.8053,24150.56,36,1,97.66,2.8,4,1040.95,0,6.8,16080.13,1
25,76809.44,20723.83,0.8379,8711.16,12,0,90.94,1.8,6,3184.92,4,2.7,19792.02,1
38,54915.35,14016.91,0.2381,17555.5,36,0,81.16,10.4,8,4297.37,3,10.3,3128.95,1
28,36240.93,12821.4,0.4606,19504.65,36,1,94.41,0.9,4,1679.46,3,1.6,11383.77,1
55,86972.95,12850.65,0.6322,20458.03,36,0,93.12,0.1,2,2544.12,2,11.7,5891.32,1
25,25862.85,15112.64,0.9689,18554.57,12,0,76.78,2.2,3,1339.96,4,3.6,8367.45,0
59,42504.55,20227.5,0.679,10642.18,24,0,93.59,1.1,6,2084.3,1,8.1,8778.6,1
41,64580.05,14583.49,0.8897,23387.43,24,0,67.53,8.3,6,3527.14,0,11.1,2235.83,1
52,37928.67,4106.91,0.8392,19554.27,48,0,78.77,0.7,2,1720.98,4,20.5,19416.18,1
31,60276.38,19604.13,0.5804,19529.95,60,1,69.29,13.9,2,2129.64,1,5.9,30802.3475,1
31,59821.52,18988.56,0.8858,9174.72,24,1,64.98,0.9,4,3185.65,0,5.9,7278.05,1
27,51258.51,16644.22,0.3799,26401.88,48,2,95.78,11.0,5,2267.83,3,1.9,1377.47,1
29,71648.01,23601.93,0.3817,10520.65,24,1,74.68,0.9,7,3469.48,2,1.3,13301.85,1
55,50432.78,15243.03,0.7753,36164.38,12,0,87.38,0.2,6,2050.53,1,5.6,1781.38,1
61,59630.82,23891.01,0.1419,8207.45,48,0,75.0,3.3,4,3089.83,4,19.6,418.84,1
63,77929.44,26257.69,0.3097,27622.16,12,1,81.76,2.2,5,3573.35,3,18.6,6348.32,1
51,70813.72,19658.5,0.6064,2000.0,12,0,73.92,4.6,8,3872.46,4,22.1,11375.26,1
58,70720.35,9016.53,0.4217,2000.0,48,0,89.71,5.1,2,2593.17,2,14.6,6886.33,1
27,32016.41,13953.71,0.9319,14452.33,48,1,91.46,13.6,6,1704.58,2,6.8,2150.07,1
34,65495.85,24910.85,0.9493,2000.0,24,0,77.22,15.3,1,3359.01,1,5.4,6564.92,1
34,37430.02,3018.98,0.5025,27297.23,24,0,94.38,3.4,6,1397.21,2,7.8,1803.79,1
20,29371.7,11864.37,0.5383,19781.97,60,0,74.21,1.2,2,1591.66,2,1.1,24348.79,1
48,53565.87,12256.28,0.7201,34010.31,24,0,90.5,1.4,8,2397.78,4,19.1,5652.23,1
68,36914.1,8078.32,0.4581,18328.07,48,1,86.0,0.5,1,1380.48,1,27.9,3811.81,1
18,70812.35,21983.03,0.1963,22431.5,24,0,78.24,1.6,2,2420.93,2,0.0,15424.99,1
29,71290.71,18014.52,0.742,17318.05,48,0,95.56,12.1,7,1990.62,0,6.4,7941.44,1
56,16947.48,9311.53,0.733,11260.69,60,0,82.89,2.3,8,475.93,3,3.8,1479.46,1
21,38433.95,19844.1,0.2501,15932.26,48,0,93.61,5.0,3,1965.58,2,1.0,1178.85,1
59,25804.27,13732.67,0.8263,7960.47,60,0,89.33,19.9,9,976.68,2,17.8,3115.7,1
30,45747.41,7878.44,0.6114,23874.19,60,1,81.3,0.6,4,1941.64,2,4.7,14471.14,1
51,64103.51,9296.65,0.2416,16921.53,60,2,73.06,7.5,8,3386.37,3,9.4,6006.1,1
59,50154.24,18488.41,0.649,18997.52,12,1,98.05,6.0,6,2348.43,4,28.7,2070.48,1
38,43204.82,22512.08,0.2389,47423.698749999996,36,0,62.27,8.5,5,2437.17,1,15.9,397.53,1
39,81003.53,11105.85,0.2699,15969.5,48,0,95.78,0.7,9,3437.94,1,11.8,4643.42,1
21,12000.0,19355.53,0.841,23137.59,24,0,80.26,3.5,2,344.45,1,0.6,2680.73,0
35,79737.44,27654.03,0.9209,19458.65,36,1,89.95,5.0,9,2916.24,1,3.9,29735.57,1
22,44114.23,4929.04,0.2617,31575.94,36,0,73.37,7.1,5,1305.35,1,0.4,2244.58,1
36,53437.82,17845.36,0.9195,22384.58,12,0,75.37,6.2,7,2667.52,0,6.4,12138.61,1
19,44452.73,21645.25,0.244,17285.77,48,0,67.63,4.2,7,1802.31,4,0.7,2601.52,1
29,85857.76,14238.8,0.1249,42925.17,48,2,98.17,3.2,2,2310.64,4,2.9,666.92,1
34,30380.43,24906.27,0.0671,11403.15,24,0,61.73,14.2,8,776.27,2,6.1,107.52,1
27,55234.73,32590.7,0.2473,18061.61,12,2,75.47,1.0,9,1483.02,3,6.9,3102.38,0
51,65548.77,17746.84,0.3875,29164.82,36,0,73.39,1.1,9,3107.47,1,15.6,23807.79,1
23,22779.94,13131.28,0.919,11818.66,48,0,92.52,0.6,9,722.16,1,3.8,2689.82,1
25,36602.04,22815.86,0.2473,27656.12,12,0,80.06,0.6,7,1863.88,4,0.9,8046.05,1
68,52036.43,21736.55,0.3682,15205.29,60,0,66.76,10.3,4,2190.82,4,28.6,2765.03,1
28,37266.7,0.0,0.7295,30032.36,48,0,80.36,4.7,5,1652.94,3,1.9,12500.4,1
29,38688.16,14978.12,0.306,29770.12,36,1,69.44,13.7,9,1185.97,3,1.3,14586.14,1
26,48002.75,11843.2,0.6807,19099.16,60,0,60.68,10.9,9,2604.44,3,2.3,2337.59,1
19,67991.63,18173.65,0.4334,9995.27,60,1,81.78,1.8,2,2768.31,1,0.1,532.51,1
25,48145.64,13450.73,0.2025,16085.24,60,1,74.42,5.1,5,1865.26,4,1.5,1409.57,1
28,76568.52,14318.59,0.7294,19851.84,36,0,69.56,2.4,7,3944.19,0,2.4,6757.79,1
53,35044.84,8094.3,0.0365,28882.71,12,0,66.89,10.4,6,914.1,3,27.9,5174.25,1
27,29961.55,20876.23,0.2965,23205.8,48,0,78.15,6.6,6,1266.48,3,1.3,1078.8,1
38,93526.91,28240.34,0.3591,25379.08,12,0,94.78,0.7,1,4583.5,4,15.3,1233.86,1
37,41840.84,8218.62,0.4591,23493.29,36,0,90.33,1.5,2,2155.33,0,7.0,8176.22,1
65,28781.76,3823.56,0.6763,28462.19,24,0,60.19,5.4,7,868.78,1,22.6,30802.3475,1
25,20158.92,15160.03,0.4602,17995.89,48,0,89.25,1.4,4,766.36,1,0.9,26125.72,1
53,76502.07,14770.75,0.5924,21648.9,48,2,62.91,3.8,8,2730.75,0,3.6,21748.63,1
46,48173.91,24367.46,0.5939,20283.75,24,0,81.92,1.4,2,2797.47,1,7.6,790.37,1
59,49925.81,5166.44,0.3758,15620.44,60,1,91.2,5.7,8,2471.54,1,23.8,1205.59,1
29,51815.97,10696.36,0.9253,30117.07,48,1,78.13,0.4,9,2030.34,3,6.4,12368.86,1
31,75258.86,0.0,0.9467,29906.42,48,0,75.07,6.4,1,2420.77,2,6.6,21927.97,1
65,51409.4,25999.87,0.5802,32057.89,48,0,97.58,2.1,6,1583.25,4,19.9,3579.37,1
67,101881.08,17004.36,0.0803,12363.01,36,0,61.17,3.0,4,4929.34625,3,13.1,6892.71,1
38,57675.21,11292.54,0.4913,23508.09,24,1,64.24,3.3,6,2563.3,4,13.7,4956.86,1
39,76235.7,4421.83,0.1907,30923.67,48,0,94.81,1.1,8,3746.69,2,10.5,1468.39,1
38,71104.8,5156.19,0.4836,35028.96,24,1,95.45,14.3,8,2150.36,4,6.8,5449.96,1
61,54271.05,18314.14,0.1947,4913.68,60,0,74.91,0.0,8,2711.14,0,8.8,5491.25,1
67,43260.58,6140.6,0.6998,19971.14,48,1,81.61,2.3,3,1426.68,3,27.5,10132.28,1
47,61639.28,15832.04,0.0888,18107.84,12,1,66.58,0.7,4,3106.3,3,6.9,13929.0,1
56,65201.97,31343.56,0.9442,35908.41,12,0,95.37,2.2,5,3617.0,2,17.7,15422.0,1
37,43548.28,12219.3,0.2015,2000.0,12,0,78.76,0.5,6,1651.61,0,7.7,1792.78,1
41,58326.78,7308.44,0.6574,9526.83,12,0,82.56,2.4,2,3214.55,1,5.5,9514.51,1
40,79724.1,18056.06,0.9086,34330.33,36,0,64.72,1.1,9,3226.79,2,14.2,2625.53,1
24,96398.95,5193.67,0.2529,15302.8,60,0,84.59,4.0,1,4929.34625,4,2.5,14900.99,1
26,72087.39,28759.88,0.9256,6985.4,48,0,87.83,0.1,8,2894.06,2,0.9,6811.59,1
18,92255.19,26228.96,0.3909,35120.37,60,1,71.79,3.5,3,2748.56,0,0.0,4417.55,1
43,42412.52,13686.63,0.9513,5681.85,12,0,95.85,1.7,5,2005.61,3,6.1,20758.8,1
55,69037.65,7821.65,0.9619,30220.36,60,0,68.16,1.9,6,2475.64,4,29.4,20096.06,1
55,81770.39,11593.84,0.1943,4397.44,60,0,95.9,2.2,7,2250.6,1,20.5,26041.7,1
61,37073.33,12634.68,0.8245,5574.69,36,1,88.13,5.3,5,1732.11,1,7.2,8532.31,1
39,45288.2,18068.54,0.1996,22001.41,12,0,93.23,7.1,5,2006.26,1,9.5,11260.14,1
61,89758.1,23317.06,0.2319,11516.91,24,0,87.96,2.0,6,4929.34625,0,16.2,5611.33,1
27,35498.02,6707.9,0.0924,22723.35,60,1,77.14,3.4,1,990.92,3,4.6,23099.75,1
23,28177.4,23087.28,0.1634,38020.45,60,1,73.26,6.9,5,1108.61,3,2.8,6676.16,1
34,85559.63,19941.48,0.6296,18449.86,12,0,89.36,2.6,6,2799.93,2,6.7,13375.19,1
68,78935.26,10937.68,0.4503,36277.87,36,1,71.93,0.5,5,3247.99,0,27.4,18533.09,1
67,63642.4,6306.3,0.7851,23242.92,48,0,62.47,4.1,4,3378.78,0,14.8,5632.2,1
55,54085.78,15929.86,0.3354,29558.72,12,0,69.88,4.8,3,3049.92,4,4.7,18241.18,1
41,46229.51,6523.29,0.9593,2000.0,48,0,90.21,0.7,8,1741.91,1,3.2,21788.61,1
68,54915.35,23189.45,0.0589,26363.05,24,0,91.73,9.6,8,2767.28,1,34.8,105.91,1
27,86596.14,6008.94,0.0717,24827.64,48,1,71.06,2.4,7,2845.46,2,3.0,5750.11,1
25,59771.32,19381.65,0.6973,16399.31,60,2,73.12,0.8,3,3012.44,1,5.3,30802.3475,0
38,98339.19,14355.07,0.8798,38955.31,36,0,81.97,3.7,3,4929.34625,1,8.6,564.28,1
23,37041.16,10515.0,0.7896,15067.92,24,0,70.48,2.7,9,1514.06,1,3.5,5811.2,1
38,54606.38,14177.35,0.49,3911.26,36,1,84.25,5.1,3,2952.79,3,3.9,16810.42,1
56,47538.83,23639.87,0.2742,27819.57,36,0,71.28,0.9,1,2747.45,2,26.6,6603.86,1
41,33297.17,5461.94,0.0232,5763.24,48,0,64.84,0.1,7,1507.35,1,17.4,13067.39,1
50,51938.33,11702.75,0.5093,20765.87,36,0,66.19,3.2,1,2269.13,0,24.6,19632.53,1
35,63346.59,8986.05,0.4761,33398.64,24,0,70.02,0.9,9,2389.09,0,5.3,2270.43,1
45,65484.6,14691.06,0.3474,24984.78,36,0,66.72,0.9,7,3353.74,0,16.3,2374.55,1
69,98409.04,9522.55,0.5765,17526.12,24,0,98.97,5.7,3,4929.34625,4,7.3,13713.1,1
49,64289.35,855.35,0.7242,16488.74,60,0,86.33,1.5,5,1628.87,0,9.4,4419.96,1
29,78002.74,6558.9,0.6969,32653.43,60,0,67.17,9.2,7,2606.18,1,3.6,3548.73,1
65,56321.88,28102.04,0.268,7800.85,48,1,76.96,3.6,1,1468.2,0,28.0,9486.16,1
59,88561.11,16973.83,0.5836,27750.55,12,0,70.77,4.7,7,4506.25,0,13.3,30802.3475,1
44,102968.99,16698.9,0.1558,41936.09,60,0,87.38,1.9,6,3182.87,2,3.8,2013.08,1
27,65621.7,12739.1,0.1292,25434.37,12,0,94.69,1.3,4,1877.53,4,3.8,12542.45,1
63,35146.82,14587.0,0.7801,17619.82,24,1,76.03,0.9,1,1812.42,1,13.9,11108.51,0
69,44023.9,11561.5,0.6899,18399.35,12,0,77.15,6.1,7,1943.55,3,32.6,14145.34,1
59,60638.69,19215.43,0.7626,15196.2,36,0,75.94,5.8,4,1826.14,1,18.9,7707.97,1
49,64129.96,15806.47,0.1594,13489.55,24,0,77.97,3.4,6,3408.72,2,9.8,14769.98,1
59,68968.5,5629.85,0.9063,21177.76,36,0,61.43,7.6,2,2659.74,1,5.7,62.48,1
43,64203.95,17029.8,0.1404,26794.85,12,0,83.7,8.1,2,2403.2,1,6.3,8639.01,1
42,55139.7,0.0,0.8626,36107.73,36,0,98.08,2.9,7,2576.5,3,5.3,1426.56,1
28,42276.03,18310.87,0.3553,2000.0,24,0,91.41,5.3,1,1108.95,2,3.4,9622.19,1
40,63022.77,3725.15,0.1133,2000.0,36,1,94.46,12.2,7,2281.37,2,2.8,13857.81,1
51,92099.75,14231.56,0.291,36300.79,12,0,69.17,0.4,2,2543.56,1,4.3,5808.97,1
69,75398.57,5442.98,0.1878,20571.37,36,0,84.29,0.1,9,3733.47,1,37.8,11249.35,1
57,65694.08,15022.59,0.4909,21095.09,36,0,95.72,3.2,7,2243.28,4,28.3,30802.3475,1
40,75591.34,19626.23,0.9408,25012.96,48,0,62.74,2.0,9,3997.46,3,13.1,30617.55,1
46,47578.72,27022.62,0.3313,18131.4,24,0,95.09,0.5,9,1853.49,0,16.9,3544.58,1
48,44834.7,2669.14,0.6099,39751.57,48,0,62.58,0.8,8,2443.87,0,4.6,2276.55,1
24,40044.3,22803.78,0.8839,24918.29,12,1,99.32,1.5,2,1296.18,4,1.2,10369.14,0
57,52494.27,16049.22,0.6275,15524.0,60,1,63.36,0.5,6,2454.18,0,11.6,6577.68,1
50,46559.88,11394.66,0.365,16418.17,12,0,74.72,1.9,4,2630.43,2,14.4,1002.97,1
38,79165.49,21078.85,0.981,18564.69,12,2,62.19,0.7,6,3019.17,1,13.9,1104.66,0
19,45493.53,13112.6,0.1937,12228.94,12,0,62.27,4.9,4,1376.91,0,0.8,3592.45,1
35,38945.57,20740.24,0.5228,36894.87,12,1,94.65,6.0,2,1692.51,1,11.0,30802.3475,1
64,93851.54,7061.84,0.7908,21239.58,48,1,62.54,7.5,7,3697.89,3,9.5,4112.22,1
50,45972.5,9936.02,0.0106,8294.99,12,1,91.7,10.2,9,1924.79,4,23.3,913.5,1
54,58070.57,22548.8,0.698,24052.02,36,1,96.28,0.0,5,2372.88,1,21.0,4326.36,1
51,64026.46,26883.2,0.2712,34390.43,12,0,97.4,1.0,4,2168.13,2,5.4,2424.78,1
37,32266.14,14719.74,0.1763,30608.16,60,0,94.56,8.4,7,1360.15,2,6.4,4393.26,1
52,79709.68,0.0,0.2787,12401.9,24,0,98.21,0.2,5,2385.15,3,22.5,7135.16,1
68,67742.38,13407.61,0.9575,8909.29,48,0,62.07,5.5,8,3009.91,1,35.5,27162.9,1
67,86167.68,15259.41,0.8841,34273.22,48,1,99.86,1.0,2,3409.78,4,30.6,291.98,1
35,41415.56,13137.81,0.2195,3756.9,48,0,60.82,3.5,4,2378.09,4,7.4,13828.09,1
63,56982.52,17690.71,0.1247,23709.18,48,0,66.66,16.4,4,1604.96,4,35.9,160.17,1
41,55787.12,11184.72,0.3669,14314.75,12,1,63.24,5.2,7,2792.79,2,2.3,1102.59,1
25,60277.77,21710.97,0.5905,33136.43,60,0,89.76,2.3,1,2208.77,2,1.2,5324.37,1
47,25907.71,5666.29,0.8598,9452.66,12,1,63.48,5.8,3,1249.87,3,12.3,18977.88,0
61,57216.73,24894.79,0.9568,12035.31,24,0,71.71,0.0,8,3256.89,2,25.6,8406.77,1
27,26470.72,27400.63,0.7461,26170.28,24,0,85.52,15.0,4,1453.89,0,1.1,10327.58,1
40,62166.68,7695.52,0.597,27955.16,12,0,79.92,2.1,9,1789.01,0,8.8,492.49,1
69,12427.02,7691.2,0.1495,33595.97,12,0,65.45,19.6,1,673.71,4,14.1,17855.85,1
66,17968.26,18285.56,0.0825,24729.27,12,1,80.86,5.6,5,683.37,3,23.6,4000.07,1
28,71370.97,5502.24,0.5941,23494.85,60,0,73.63,1.7,1,1952.3,4,3.2,1856.64,1
19,44063.23,11059.18,0.5383,30491.16,48,0,83.44,4.8,2,1406.69,4,0.6,442.58,1
43,35242.84,23820.22,0.8392,6293.91,24,0,81.54,2.4,2,914.62,2,5.1,19965.51,1
53,80416.91,20900.85,0.3262,11203.49,24,0,99.58,5.1,6,2384.12,0,22.1,5315.19,1
50,61552.52,30841.57,0.0489,7132.03,48,1,94.54,7.8,6,2497.82,3,15.4,14338.0,1
64,72441.8,16366.27,0.4252,2000.0,48,0,60.15,3.2,9,4093.53,0,28.8,7685.46,1
30,51675.16,10113.3,0.9598,28421.58,24,0,67.04,1.3,3,2686.57,2,5.3,8553.26,1
57,108025.5475,15409.95,0.7897,34296.85,24,1,96.53,19.9,2,4638.38,2,14.3,30802.3475,1
42,42909.72,13795.29,0.0431,25559.95,60,0,81.58,2.7,3,1535.78,1,6.4,10991.18,1
21,89889.91,13907.54,0.8672,23800.74,24,0,90.38,1.0,4,2332.4,2,2.2,8959.89,1
59,53772.68,14809.57,0.4723,20849.62,12,0,80.14,6.7,6,1446.9,2,16.6,8114.32,1
36,21909.79,7545.87,0.3675,20551.44,12,1,91.43,5.3,8,1082.0,0,7.8,7711.3,1
35,64656.97,17257.74,0.3498,36952.23,48,0,65.31,8.5,3,2790.03,3,8.0,30802.3475,1
54,61295.25,3730.69,0.5932,35491.85,48,0,89.52,0.0,9,1780.99,0,16.7,4217.98,1
47,33973.56,9265.39,0.53,14149.69,12,0,94.78,2.1,5,1825.72,0,14.8,329.81,1
36,36555.61,14048.97,0.6535,31088.02,48,0,70.63,1.9,8,1544.86,1,3.5,1113.1,1
40,54506.05,0.0,0.5722,32294.27,12,1,74.73,12.9,5,2883.53,0,15.0,15835.25,1
33,54915.35,21151.93,0.1511,26503.93,60,1,83.62,2.2,8,3158.57,3,5.1,25475.82,1
18,12000.0,0.0,0.2621,23875.81,48,1,94.73,3.7,2,433.35,3,0.0,731.25,1
29,76062.43,20356.7,0.8342,23532.73,36,0,96.31,0.0,7,3683.35,1,2.4,993.12,1
41,45110.04,4657.53,0.66,5179.86,24,0,81.38,8.3,2,2619.9,0,8.1,1018.73,1
51,28365.05,11760.65,0.4494,4293.17,12,0,86.32,0.6,7,1416.39,2,9.3,1965.03,1
25,73821.33,19153.05,0.1889,27832.91,24,0,94.92,10.7,9,2495.86,2,4.8,1294.17,1
35,54527.64,32585.12,0.0175,8996.21,24,0,69.25,6.6,5,2438.95,2,12.2,4645.76,1
65,79323.32,15931.62,0.3156,6107.15,48,0,93.01,4.1,3,3127.86,3,28.1,5153.28,1
22,63759.05,0.0,0.0638,2000.0,24,0,70.47,6.9,9,2231.58,2,2.7,7406.48,1
43,54969.71,22629.56,0.4826,15242.93,36,0,83.24,7.9,2,1895.0,3,2.7,15486.89,1
47,51945.4,13144.65,0.8154,23743.36,48,0,97.39,7.0,6,2095.96,4,4.6,8738.59,1
30,64654.26,15559.25,0.2897,24549.21,12,0,80.46,5.4,6,2285.21,1,8.0,918.55,1
36,46729.37,19462.9,0.8408,28505.95,24,0,63.74,10.6,5,1398.29,4,7.7,16418.83,1
46,37948.55,0.0,0.7005,16085.01,24,1,95.83,2.7,8,1906.21,0,21.2,13752.5,1
20,67198.18,15052.29,0.1328,21072.79,60,0,83.4,4.2,6,2336.33,2,1.4,14560.45,1
43,52110.24,11722.45,0.6417,28458.18,12,1,62.85,17.4,3,1950.79,3,8.4,8501.99,1
57,55671.35,24774.68,0.1586,24639.78,60,0,60.42,2.3,5,3067.61,3,12.7,5443.93,1
29,76787.6,20816.91,0.6517,14151.31,12,0,70.45,6.9,3,3614.67,3,7.9,1866.04,1
19,52722.47,1983.98,0.1499,22996.45,24,0,64.81,2.5,2,2950.32,1,0.4,29588.33,1
28,55300.68,25101.01,0.3947,2000.0,24,0,85.14,3.2,1,2490.96,0,4.1,20323.93,1
61,43007.01,18596.2,0.5653,20001.23,36,1,83.87,2.0,9,1584.88,1,20.4,2865.81,1
45,63614.8,2622.07,0.0594,13815.98,48,0,93.64,0.8,8,2062.5,2,17.2,3889.32,1
35,61996.56,15446.02,0.1602,35185.77,36,1,80.53,17.9,2,3255.2,4,6.0,637.76,1
30,73015.5,23278.61,0.324,10227.76,12,0,70.12,3.0,8,2918.18,1,4.7,13678.74,1
54,43417.42,5287.65,0.4631,21166.79,12,0,62.01,1.6,5,2027.46,1,14.9,10745.0,1
39,45843.66,26020.62,0.8513,15711.67,12,1,60.42,5.2,2,2279.85,2,14.4,15505.75,0
29,70842.75,2898.97,0.1935,14417.75,12,0,97.03,0.6,9,2352.75,4,4.3,1097.56,1
19,60044.26,8670.18,0.3505,23773.32,48,1,65.78,3.9,2,3454.88,4,0.7,1152.13,1
54,36875.64,7457.03,0.4763,15817.97,24,1,79.97,4.3,5,1211.43,1,17.6,19024.15,1
24,81131.08,26015.47,0.2999,38519.91,36,2,91.79,1.1,2,4077.11,3,3.1,11635.02,1
43,21030.99,11071.87,0.6232,2000.0,24,0,97.15,16.0,9,632.02,3,13.7,3574.77,1
43,70685.7,5697.46,0.2615,26311.71,60,1,68.07,4.5,7,4063.25,2,9.2,5903.4,1
41,54915.35,18561.69,0.7669,19152.05,36,0,69.28,1.3,6,991.33,0,12.1,5427.52,1
29,92715.77,20289.45,0.5051,19496.84,12,0,67.19,9.0,7,3910.76,2,2.5,6610.29,1
33,24108.01,20340.29,0.0946,23021.23,12,0,66.36,1.8,7,899.14,2,4.8,4718.44,1
40,78045.01,12829.29,0.6245,29977.53,60,1,78.2,6.5,8,4302.76,3,15.3,30802.3475,1
57,53367.31,17036.27,0.5679,22650.73,36,1,85.44,4.9,8,2262.76,4,13.8,4295.76,1
26,47667.95,9798.14,0.3418,30013.3,48,0,88.25,0.9,4,2259.41,2,3.0,4930.8,1
49,58707.93,28398.41,0.0209,20464.02,48,0,73.09,0.5,9,1897.41,0,22.6,18830.69,1
32,67638.01,24153.64,0.2067,9658.9,12,5,84.95,4.7,6,3823.63,0,4.7,98.64,0
54,36911.99,23663.65,0.4076,19108.56,12,0,60.09,5.5,5,1359.68,4,19.9,15202.34,1
30,38684.25,21352.93,0.2059,31529.26,12,0,95.53,0.7,3,1095.97,4,9.1,2664.09,1
22,67992.1,19157.87,0.5759,15893.19,60,1,94.79,0.9,4,2194.23,3,3.2,8834.1,1
28,20853.14,5045.1,0.7081,9171.96,60,1,81.76,0.3,3,656.27,1,4.8,3022.91,1
27,43315.42,20066.41,0.8489,26194.54,24,0,69.73,0.7,7,1239.08,1,4.7,20562.48,1
69,108025.5475,15914.12,0.644,23366.12,60,1,98.89,4.4,7,4791.35,3,20.6,25854.43,1
30,35639.74,25106.91,0.6852,12291.26,36,0,92.43,1.1,9,1261.06,4,7.5,2019.61,1
58,77956.06,21459.35,0.6063,17669.42,60,0,60.68,1.7,7,3233.71,0,24.1,21480.19,1
63,43280.98,19403.04,0.9758,18183.29,36,0,78.79,4.1,3,1196.34,3,16.5,1438.94,1
67,65180.9,1526.2,0.2658,20063.82,48,0,64.08,2.7,7,2909.19,2,6.8,5788.53,1
32,68087.11,14288.0,0.2709,26465.66,24,1,65.29,9.3,1,3135.84,1,7.5,184.01,1
59,77579.13,10536.86,0.1338,15947.97,60,0,60.05,4.2,6,2598.27,4,5.1,4984.46,1
24,50994.92,17018.93,0.486,26982.44,48,0,87.51,0.7,8,2242.21,0,3.3,854.4,1
57,94777.69,11675.61,0.1042,14665.11,36,0,70.1,2.4,6,3331.23,2,26.1,10724.55,1
45,43213.27,12792.43,0.2747,36663.07,24,1,72.19,1.5,5,1305.99,2,13.6,11183.3,1
49,54915.35,18672.27,0.483,36878.54,48,0,61.88,1.5,7,2845.98,1,10.3,1250.3,1
52,59905.54,11542.9,0.9484,11435.94,36,0,60.32,1.5,6,3165.53,1,15.4,16157.67,1
32,32560.64,15972.73,0.9545,7744.98,24,1,91.71,2.7,7,980.71,1,4.9,2484.87,1
65,49282.55,2844.7,0.7389,29782.08,12,0,86.46,0.7,7,2690.93,0,8.3,3565.14,1
53,58230.27,8340.79,0.3915,22578.83,60,0,75.29,1.5,9,2617.46,4,11.3,1188.27,1
38,46357.58,20248.35,0.8579,25516.68,12,1,62.8,6.0,3,2353.67,1,8.8,18042.1,0
23,103818.48,5158.46,0.8679,13452.45,12,0,91.03,8.8,9,4929.34625,4,1.7,6891.69,1
18,38227.53,24965.8,0.902,18675.46,12,1,97.05,0.1,5,2081.41,0,0.0,19286.04,0
21,78588.49,22795.19,0.6372,16551.66,48,1,81.1,0.4,4,2121.18,4,0.5,5538.34,1
28,72129.2,12854.16,0.2078,23042.01,12,0,65.56,9.7,8,4176.0,0,1.9,4973.24,1
61,54722.76,36696.87,0.0993,7542.8,12,0,86.1,1.2,1,2973.4,2,16.8,6148.05,1
43,37695.82,24944.83,0.9065,19006.66,48,0,62.86,1.9,9,996.83,0,3.1,6653.56,0
54,39634.89,7405.76,0.0644,7442.22,60,0,66.62,2.1,4,1324.42,4,15.7,4842.68,1
40,44640.65,20969.39,0.3,14844.36,24,1,78.83,10.0,7,1912.55,4,3.2,6199.05,1
46,19285.17,15526.9,0.4872,19026.52,24,1,69.96,0.9,6,1032.58,1,20.7,6546.39,0
38,34930.69,8786.3,0.0315,25074.34,60,1,97.21,8.4,2,1236.92,2,15.9,30802.3475,1
65,25350.47,6440.73,0.8988,25903.2,48,0,92.35,3.2,2,675.84,3,17.2,9960.8,1
62,81917.5,22959.15,0.2914,27609.15,12,0,71.07,7.6,9,4177.44,0,28.5,19364.76,1
62,67369.25,10216.44,0.0379,5172.1,24,1,98.55,5.8,3,2658.8,3,32.0,6703.84,1
66,70719.48,14184.99,0.9837,32640.86,60,0,75.13,6.6,3,3561.95,0,33.2,8818.35,1
44,66776.64,7631.79,0.3152,13552.01,60,0,82.73,0.6,4,2394.03,0,12.7,343.9,1
56,58339.35,9014.74,0.8692,14282.08,12,1,82.56,1.8,5,3050.67,2,15.9,3369.15,1
57,84213.61,13984.57,0.4544,22687.48,60,0,85.98,1.3,5,3118.74,1,12.8,16170.95,1
30,42784.75,18105.46,0.6599,16629.99,48,0,69.75,0.7,4,1749.07,2,1.9,4118.86,1
40,57133.39,0.0,0.2463,23618.26,48,1,96.88,5.1,8,3213.39,3,17.1,12900.54,1
33,69941.18,15135.36,0.5028,25473.93,24,0,70.63,5.9,7,2093.72,3,2.1,294.12,1
47,28575.82,9031.03,0.2625,12368.24,36,1,86.59,0.8,7,1268.95,0,6.7,8160.04,1
21,108025.5475,26218.9,0.9421,18162.74,60,1,90.63,7.3,9,4929.34625,1,1.4,30802.3475,1
57,55571.32,36696.87,0.0697,18458.83,48,0,95.26,1.7,7,2669.87,4,6.2,12519.6,1
33,57839.79,12125.77,0.2792,29582.73,12,2,78.28,2.4,5,2268.37,4,8.9,12021.97,1
48,80137.56,1222.17,0.8852,15348.37,12,2,88.47,25.0,3,4147.15,1,3.3,6587.52,1
59,73299.11,15935.02,0.4804,14913.05,36,1,63.42,1.1,8,3003.38,0,28.5,3319.06,1
42,55761.56,13356.57,0.5981,9783.82,36,1,91.12,0.6,5,2590.82,4,17.9,5339.79,1
61,57602.59,30770.81,0.6487,10904.86,36,0,90.23,1.6,2,2084.8,0,24.7,7231.95,1
29,24917.03,28332.71,0.0795,6493.94,12,1,76.42,13.4,2,670.66,2,6.0,12531.59,1
43,43870.68,21923.0,0.0274,12969.36,60,0,72.54,0.6,1,1395.92,3,12.8,1783.19,1
54,65344.2,10306.45,0.9291,35935.65,48,0,75.21,4.8,1,2651.87,1,5.4,4609.95,1
65,63877.86,20422.13,0.2761,26909.07,12,1,63.62,7.9,4,3500.29,2,15.8,19436.27,1
50,79423.32,17120.05,0.3827,32773.46,48,0,85.51,12.8,5,2334.46,4,17.4,93.65,1
45,52589.98,16930.59,0.6785,10498.49,36,0,96.52,3.3,9,1869.7,2,6.7,17210.6,1
26,27254.27,2534.16,0.2416,2000.0,24,0,86.63,3.1,7,981.28,2,0.8,554.8,1
29,76134.61,23494.36,0.7284,23163.82,60,1,83.22,8.8,9,3878.61,4,5.2,14957.15,1
22,83721.79,15862.47,0.4591,38535.98,36,1,99.63,1.1,1,3610.44,2,1.4,30802.3475,1
69,72964.89,14193.27,0.8495,15146.64,36,1,81.67,3.1,6,2835.78,1,13.4,13722.58,1
45,51727.33,10198.75,0.283,21018.16,48,0,73.83,5.1,1,1401.25,4,18.0,7640.55,1
52,75887.72,8651.07,0.2097,4304.65,12,0,88.19,6.0,3,4352.09,4,20.1,1410.18,1
22,108025.5475,17538.07,0.8251,20282.06,24,0,80.86,0.6,3,4929.34625,0,2.2,592.37,1
51,57303.05,1006.7,0.3298,18750.12,60,0,98.88,10.1,2,1540.12,4,25.7,5164.55,1
63,28765.27,21315.99,0.4136,2000.0,24,0,95.92,8.5,9,763.64,4,25.1,5306.55,1
51,43274.3,6567.16,0.7878,9626.64,36,0,97.87,1.9,4,1446.3,3,20.2,2676.25,1
30,67509.52,0.0,0.6329,8832.7,24,1,60.04,3.2,5,1802.16,0,3.4,5113.08,1
56,22903.91,29575.16,0.4429,4202.73,60,0,73.37,2.4,6,1138.36,1,24.1,3417.59,1
59,58388.06,8135.3,0.2549,12751.45,36,1,85.09,19.8,8,1858.85,2,19.8,577.91,1
62,62606.73,9222.73,0.7589,25087.7,60,0,72.33,4.4,8,3404.32,3,21.8,5945.68,1
65,85702.43,24076.31,0.1868,13668.18,24,0,86.26,1.6,8,3886.33,0,9.3,6617.73,1
31,81203.9,29835.45,0.9197,31484.89,36,0,88.6,6.9,5,3344.56,4,8.0,12064.17,1
28,72291.7,2735.99,0.1573,16372.4,36,0,84.93,8.6,7,2077.47,4,5.7,7997.05,1
59,54915.35,7350.66,0.7988,23262.18,60,1,78.33,6.5,3,352.21,0,8.4,23374.46,0
55,73421.06,7938.57,0.4258,24974.8,12,1,87.87,0.4,3,2132.12,0,8.4,4324.78,1
21,69110.27,22478.41,0.1923,35338.8,36,0,91.22,1.7,5,2215.63,3,2.1,2509.36,1
50,60118.89,28113.06,0.4043,12838.9,60,0,87.84,2.3,1,1711.72,3,17.1,705.24,1
24,20395.56,6357.98,0.2271,24423.6,60,1,92.48,1.2,7,728.09,3,1.2,4890.92,1
58,39464.52,26317.96,0.1433,10533.73,60,0,97.89,3.3,6,2054.97,0,10.0,530.01,1
25,31663.54,9327.73,0.2444,37220.96,12,0,64.1,1.9,9,946.22,0,3.0,6590.73,1
54,14699.83,17688.98,0.8601,9603.11,48,0,96.26,0.2,5,514.17,3,26.3,22471.18,1
68,54941.7,4828.37,0.1138,23836.76,36,0,70.94,5.3,1,2197.17,3,22.7,7701.67,1
27,39043.56,14024.56,0.9631,35594.6,24,0,82.55,2.9,8,1774.97,0,2.0,10666.64,1
60,107506.11,14111.1,0.0149,8034.78,60,0,97.69,0.1,6,3538.15,4,29.1,21189.94,1
32,51624.56,12478.73,0.6551,25950.97,24,0,84.8,13.5,1,2347.14,3,5.5,1443.53,1
55,80875.06,18079.77,0.8494,10072.2,60,0,63.37,5.3,9,2517.48,3,21.7,8010.79,1
32,23618.02,6943.75,0.9253,43283.64,60,0,79.97,0.4,5,1084.38,0,2.7,4469.84,0
22,44398.21,7930.21,0.1511,2000.0,36,0,95.77,11.0,2,2276.96,1,2.5,8811.94,1
46,56937.96,18502.98,0.6942,4826.91,12,0,76.48,2.7,1,1467.37,1,20.8,1387.95,1
36,36836.92,25736.28,0.1152,8784.78,12,2,93.92,1.4,6,2070.35,3,12.2,4453.81,1
68,46555.99,14817.49,0.3556,9106.8,24,0,91.77,0.2,3,2269.99,2,6.1,12216.1,1
27,50640.98,19029.37,0.7273,25208.7,48,2,96.26,6.8,1,2869.48,1,4.6,8489.02,1
29,50321.84,21064.64,0.3491,37996.8,12,0,70.52,17.4,6,1702.0,3,5.5,13591.04,1
21,92102.37,21644.04,0.3171,31551.29,12,0,79.86,1.0,6,4929.34625,2,2.0,5932.59,1
48,62564.53,7371.8,0.1237,22339.02,48,0,73.41,2.7,4,2510.02,0,23.9,1854.69,1
35,64590.21,8783.92,0.0751,20095.83,12,0,81.37,1.4,6,1941.13,2,12.8,2612.65,1
33,65793.1,9479.4,0.123,13936.38,36,0,60.76,4.2,1,3261.76,3,2.6,14645.3,1
57,67252.53,30429.07,0.868,23910.73,36,0,69.67,10.3,5,3238.64,1,24.7,4332.02,1
53,53342.26,19065.54,0.021,17911.96,24,1,98.96,0.7,5,2972.64,1,26.2,5234.31,1
42,48585.07,18706.53,0.689,21894.11,24,0,84.13,1.8,6,1706.92,0,9.2,17849.2,1
40,58336.32,17929.89,0.7633,12590.95,24,0,66.93,0.9,5,2681.98,1,16.5,2468.66,1
29,78136.08,4433.65,0.5665,7981.71,36,0,80.33,3.4,1,4453.95,4,8.1,16831.11,1
51,77524.76,30505.52,0.7262,20254.69,24,0,87.92,0.7,3,4192.45,1,18.1,1262.77,1
53,50192.03,18833.5,0.6492,20033.7,24,0,84.15,5.0,7,2630.64,2,25.7,1575.83,1
54,70356.87,20785.28,0.4564,14040.67,36,0,80.08,0.2,5,3819.6,1,22.2,4393.09,1
20,51108.31,875.83,0.3851,12334.9,48,1,86.96,6.5,7,2716.03,2,1.1,17151.36,1
26,55677.41,21237.15,0.9325,25584.06,24,0,66.68,0.8,6,2095.6,4,2.6,12889.75,1
35,45529.53,12150.3,0.9625,24549.48,12,1,77.53,1.6,2,1161.83,0,8.3,14443.53,0
60,51367.1,4417.74,0.6482,38765.5,36,0,90.01,2.1,2,2975.22,4,24.2,2085.27,1
52,54915.35,7369.89,0.2034,33809.3,48,0,83.18,2.4,3,4159.14,3,15.8,30802.3475,1
51,56848.42,4880.85,0.4489,8061.58,12,2,96.25,0.9,1,1849.16,2,14.9,1002.72,1
58,57705.65,4745.73,0.4966,18091.74,12,0,77.75,3.4,2,2881.42,0,29.1,1133.67,1
31,26055.64,15484.38,0.7528,6352.31,60,0,65.29,11.3,2,968.03,4,10.3,4455.02,1
21,48815.12,11905.9,0.6644,2000.0,48,0,61.95,3.1,3,1621.87,0,1.8,7545.81,1
46,50173.7,17672.55,0.5145,41954.89,60,0,79.1,0.1,7,2200.87,3,9.5,13964.69,1
58,38417.13,28407.81,0.6768,34802.97,36,0,77.5,2.3,1,974.08,3,29.1,10820.46,0
62,55433.31,13963.97,0.0336,13701.96,48,0,70.26,2.6,4,3190.14,4,29.7,21840.22,1
67,46416.35,0.0,0.7711,32433.76,60,0,83.62,1.7,1,2619.41,2,30.3,9138.98,1
32,56599.92,13064.33,0.2174,33917.2,36,0,70.01,1.8,5,2905.68,4,5.2,755.45,1
45,57430.06,24547.16,0.6533,2000.0,24,0,68.65,1.1,6,1538.05,1,14.1,6335.65,1
59,35884.91,14312.48,0.1217,28506.04,12,0,84.89,15.7,8,986.69,3,15.2,14768.41,1
33,47025.96,27234.65,0.1222,15083.46,36,1,97.8,3.8,1,2191.84,0,3.3,6596.33,1
29,56547.49,18623.53,0.0449,23830.95,48,0,68.11,3.8,2,2921.24,0,7.1,1363.37,1
69,78685.99,293.84,0.902,47423.698749999996,12,0,67.31,2.8,9,2109.04,3,30.1,12032.2,1
22,60134.38,15876.66,0.6025,35853.62,12,2,80.77,4.8,9,2633.2,0,1.2,13062.57,0
51,41761.3,17376.01,0.3647,18717.88,36,0,64.78,2.8,6,2017.2,2,15.1,14333.76,1
59,62980.1,23642.85,0.782,34216.74,24,1,71.76,5.8,6,1917.96,4,21.2,4223.42,0
18,89150.98,29557.09,0.6236,2000.0,36,1,99.63,0.5,5,2750.57,4,0.0,11539.67,1
56,73334.13,22261.8,0.6177,25035.73,60,0,93.64,0.2,6,4110.04,1,4.6,13356.3,1
49,65950.53,18523.84,0.4873,25274.77,60,0,88.24,4.1,3,2530.36,1,22.0,4892.7,1
43,69511.8,20409.51,0.0178,27056.93,60,0,61.04,6.6,3,2373.92,0,9.2,5387.66,1
34,83799.08,13655.95,0.2633,14915.13,48,0,70.6,5.5,8,2222.28,0,7.5,6783.85,1
65,76512.54,3296.98,0.1169,23819.74,36,0,82.79,2.5,1,2006.91,3,20.0,9433.15,1
44,66335.21,15331.97,0.6592,28559.73,12,1,88.41,0.0,4,2229.25,1,17.0,3603.52,1
41,76372.84,17922.32,0.2536,2000.0,48,0,86.74,0.6,2,3487.61,1,13.0,1779.66,1
52,33366.98,5370.74,0.4512,16838.23,60,0,67.42,2.5,7,1507.22,2,21.2,2830.84,1
63,24954.69,25612.97,0.3564,10966.88,48,0,78.65,5.5,5,811.43,4,35.1,7654.67,1
59,58141.97,23043.29,0.1503,26621.4,12,0,67.94,1.9,5,2892.73,0,26.4,13747.49,1
56,56373.61,4025.91,0.9492,33778.38,48,0,96.94,3.8,4,2275.96,3,23.4,20692.23,1
43,44121.8,25926.66,0.9248,13881.47,24,0,82.3,1.0,6,2278.7,1,4.9,22724.17,1
66,71517.05,12533.49,0.0929,9113.06,60,1,75.61,0.9,6,3991.54,3,16.6,8535.1,1
55,17742.73,8772.07,0.8208,21171.64,36,0,96.72,6.8,6,583.93,1,19.1,19984.9,1
40,44304.55,23634.22,0.4886,8467.89,60,0,96.16,2.9,8,1769.7,2,6.8,3028.69,1
39,45300.89,14591.56,0.7683,17735.67,60,1,80.16,14.9,2,1212.84,1,11.7,5825.71,1
21,22273.96,30193.48,0.1581,16681.18,36,0,87.47,1.2,4,1123.12,0,0.9,2488.14,1
66,84894.62,8176.9,0.1396,25801.03,36,0,72.75,3.0,2,3035.21,0,15.5,1472.01,1
26,27815.97,1146.74,0.8829,23151.96,12,0,72.31,1.0,9,1299.2,2,1.0,11031.07,1
21,43233.2,12756.49,0.8899,21613.97,12,0,81.98,1.5,6,1630.11,4,0.8,2682.63,1
24,73159.6,21313.78,0.4666,36368.51,24,0,93.87,5.1,1,2176.61,3,2.7,8328.62,1
40,67920.91,7582.86,0.8628,22697.3,48,1,83.89,12.0,7,1714.01,2,12.0,748.68,1
19,32836.51,4359.2,0.6641,15821.62,48,1,78.36,0.7,6,1521.82,0,0.4,1806.16,1
66,68649.78,16831.42,0.1913,17048.1,48,0,86.57,0.7,9,3854.31,4,16.2,3659.86,1
41,60795.69,3290.5,0.3324,12356.95,60,0,92.49,15.2,5,3350.95,2,11.4,5029.07,1
57,101660.71,17453.54,0.1433,9813.64,60,0,91.49,6.7,8,4929.34625,2,5.6,2940.79,1
48,63078.81,12275.02,0.7685,6106.58,36,0,74.82,1.9,7,3023.75,0,8.7,12837.73,1
64,52175.16,18955.73,0.9755,31342.32,24,0,97.43,2.6,8,2050.75,1,17.0,639.06,1
48,37869.96,3929.37,0.5455,12816.93,24,0,60.63,7.8,6,1611.27,1,13.1,8113.73,1
64,40115.13,25385.31,0.6527,23159.15,48,0,78.03,6.0,5,1973.97,4,30.6,278.66,1
57,38484.62,13535.72,0.7412,17001.34,36,0,96.3,4.7,3,1345.37,2,24.5,23561.49,1
65,82421.98,21108.18,0.2298,19707.76,48,0,87.84,10.0,2,2586.88,4,20.2,9936.66,1
68,55359.4,22679.0,0.3393,31538.01,60,1,88.16,1.9,5,1509.21,2,22.2,11519.62,1
60,66304.94,5740.44,0.4141,21766.56,36,0,66.26,1.2,3,2711.21,4,24.8,12077.59,1
51,85284.95,22058.06,0.5927,10773.25,48,2,83.28,2.6,2,2392.49,0,14.9,7698.85,1
41,12000.0,3599.47,0.8435,14358.87,24,1,98.68,0.0,4,484.1,2,4.4,1186.24,1
66,80577.48,4038.9,0.2591,28599.46,12,1,68.46,3.5,9,4197.59,1,20.3,5441.57,1
43,56107.94,30711.99,0.4715,24831.79,60,1,73.09,2.3,8,1688.89,0,13.0,13824.35,1
33,63700.97,23894.83,0.7465,29224.13,48,0,75.54,0.7,8,1848.51,0,7.7,30802.3475,1
64,38431.94,31589.31,0.0956,17614.99,36,0,74.4,10.4,7,1275.21,4,8.7,3684.47,1
30,39897.51,12038.29,0.5126,6039.56,36,0,85.08,1.1,7,1108.16,2,9.4,10154.77,1
32,64776.92,15819.43,0.1515,25066.48,48,2,69.38,6.1,5,2406.55,1,5.0,30802.3475,1
44,102691.96,19218.84,0.5384,22528.19,24,0,80.23,6.1,8,4651.42,1,20.6,8541.53,1
21,75066.27,14902.44,0.7625,22790.09,48,1,76.01,0.2,4,3057.96,2,2.0,16336.71,1
33,80310.46,9030.91,0.2422,6182.56,60,1,85.78,2.8,8,3936.08,4,4.0,8942.02,1
47,51159.97,7831.32,0.8425,13597.84,36,2,69.68,3.2,9,1484.06,2,21.5,5683.3,0
61,42995.92,16710.9,0.3381,10616.32,60,1,82.12,8.5,8,1562.63,3,11.3,11277.85,1
47,39383.9,6465.12,0.197,23993.67,12,1,89.61,4.9,9,1531.96,1,5.7,19876.68,1
53,45234.53,6241.09,0.466,24337.94,24,1,87.72,0.3,1,1824.0,2,13.9,15260.82,1
20,13944.35,18148.58,0.8686,19565.12,48,0,93.37,3.0,2,380.54,1,0.4,20934.93,1
39,40501.61,14238.73,0.0776,29675.85,48,0,98.25,1.8,5,1099.24,3,2.8,30260.97,1
66,43792.94,22497.65,0.331,34907.12,24,1,94.16,0.9,9,1218.12,3,15.7,13677.57,1
39,51492.84,11600.71,0.6501,23530.56,36,1,97.53,1.6,2,1528.26,2,6.5,18220.39,1
67,57635.0,10349.95,0.3604,26710.71,48,1,60.7,9.2,1,1441.71,3,36.6,3054.45,1
67,62249.02,18388.43,0.0794,14584.5,24,2,85.16,4.8,5,2182.67,1,19.4,1714.92,1
66,54701.49,8503.8,0.3354,12745.72,48,0,70.71,2.9,7,2117.62,4,38.1,4862.41,1
29,43371.14,9734.98,0.8145,30097.44,36,0,92.36,6.4,4,1877.54,0,2.0,3716.38,1
38,15732.83,10052.36,0.9587,11252.58,24,0,92.76,17.2,2,407.67,0,9.4,5345.17,1
21,43493.83,13322.38,0.049,26970.63,36,0,61.91,13.1,4,1732.52,0,1.8,1525.27,1
48,35550.99,29179.49,0.5679,37194.71,48,0,83.82,0.5,8,2000.38,0,9.5,5456.67,1
61,64321.33,3985.69,0.1132,26534.82,24,1,94.04,2.0,1,3218.77,2,8.7,17155.35,1
48,73185.75,25364.06,0.6768,19190.68,12,0,83.5,1.9,1,2613.04,4,15.9,522.64,1
40,73771.42,20902.29,0.0177,6596.76,48,0,77.02,4.0,9,3138.33,3,11.2,2935.51,1
37,70139.05,27535.83,0.0244,21633.03,24,1,63.07,0.5,2,3386.8,3,6.4,5031.11,1
32,52329.49,36696.87,0.7713,30090.96,12,0,89.21,12.7,6,1577.72,2,3.9,8688.5,1
40,44560.89,26451.62,0.0829,18210.4,24,0,62.99,7.6,8,1221.16,4,15.3,5714.12,1
45,40057.94,22405.34,0.3091,30214.94,60,2,83.92,0.7,7,1827.86,4,20.7,343.38,0
33,24850.02,4500.03,0.9489,23650.24,60,0,96.71,1.5,4,1231.75,1,8.8,10161.68,1
54,74837.07,5510.22,0.9755,22913.41,24,1,76.76,0.8,5,3153.65,3,16.2,12467.27,1
38,51505.78,17881.52,0.1682,16832.12,24,1,90.81,3.2,1,2481.61,4,3.3,1219.2,1
32,30073.19,1415.39,0.5597,5439.56,60,0,91.99,11.0,6,1472.59,4,2.4,141.27,1
34,38470.17,19923.51,0.558,15748.89,48,0,60.41,5.2,3,1787.69,3,6.8,8074.31,1
67,37660.53,0.0,0.4533,15669.46,60,1,96.6,4.7,2,2117.35,1,35.8,20161.22,1
54,55860.49,24217.87,0.9162,25754.41,60,0,67.55,0.4,7,2394.63,3,23.0,13807.96,1
30,76349.36,12426.4,0.749,19847.75,60,0,71.31,11.8,4,2053.67,4,7.0,6969.25,1
36,48040.21,16012.78,0.7592,30831.68,36,1,94.83,1.6,6,2106.03,3,5.1,4311.41,1
47,12000.0,9013.02,0.2742,22813.53,48,0,87.46,11.5,3,555.76,4,5.7,256.71,1
62,51216.39,0.0,0.4356,14956.5,36,0,74.87,3.0,9,1862.2,4,32.0,15295.74,1
35,51876.12,24877.56,0.4877,11851.24,48,1,63.52,3.8,3,2114.43,0,3.9,2575.08,1
31,50501.6,25685.61,0.3029,13966.25,36,0,75.45,4.6,2,2559.58,2,3.4,30802.3475,1
53,42450.78,12188.1,0.1029,21607.69,36,0,98.65,1.7,7,2078.45,0,22.2,746.6,1
53,59348.78,20295.44,0.1338,16272.07,24,1,64.18,9.0,3,1835.08,2,22.6,21949.76,1
37,56322.82,11872.87,0.1871,9235.61,60,0,93.85,15.9,1,1854.8,0,11.0,2836.57,1
69,54503.39,17307.92,0.2096,30067.16,24,0,73.01,1.7,5,2399.32,3,10.3,23159.87,1
36,63252.83,21073.11,0.2474,21523.11,24,1,86.18,0.0,7,2404.38,4,4.2,5728.74,1
62,46403.34,19440.68,0.2604,22747.19,24,1,85.26,3.7,2,2320.92,2,30.1,2626.68,1
61,45268.29,25727.76,0.4566,11773.76,12,0,73.02,4.5,5,1284.55,0,14.0,1133.39,1
24,54915.35,19151.05,0.5094,9584.02,48,0,62.17,0.3,8,2961.56,1,2.9,1336.49,1
61,66187.11,15224.68,0.3127,18377.64,24,0,65.95,5.6,7,2465.79,2,28.6,28481.93,1
21,71538.92,8908.65,0.8992,2000.0,24,0,82.63,1.7,6,2815.43,1,0.9,3334.31,1
51,79522.09,11171.96,0.5521,27798.13,12,0,97.95,15.9,6,4019.38,4,7.4,30802.3475,1
19,65518.88,21480.41,0.7817,12959.77,12,0,97.03,7.6,4,1678.35,4,0.3,17833.9,1
22,73567.77,2985.39,0.9158,17322.95,60,0,64.54,0.4,8,2193.8,4,1.9,13435.51,1
27,23413.1,23846.46,0.1699,24269.19,24,0,95.01,15.4,6,1015.49,4,3.7,12669.52,1
49,59083.08,12750.85,0.4293,17753.65,48,0,69.35,1.3,7,2435.73,1,9.1,22104.15,1
59,51345.63,8451.15,0.4345,8316.26,24,1,96.39,8.0,7,2912.11,0,15.6,2558.58,1
58,88553.68,6210.21,0.3574,35057.0,60,0,90.34,5.2,7,2378.69,1,25.0,23401.28,1
30,73552.91,20394.94,0.0187,4674.18,24,1,98.45,3.8,1,2565.81,2,5.9,5958.48,1
56,42391.1,14882.87,0.8097,2000.0,12,0,77.67,13.5,3,2158.93,4,12.1,13997.38,1
22,62455.88,27710.12,0.1193,28746.0,12,0,89.26,4.7,7,3562.82,1,1.8,15589.52,1
27,58353.63,4895.39,0.9856,5405.69,60,1,89.41,9.8,4,3392.76,1,5.7,18187.59,1
27,64086.63,10374.69,0.7675,32527.83,60,0,79.85,8.8,5,2225.29,1,2.7,5974.76,1
55,34623.15,14262.23,0.5784,23768.88,12,0,98.98,5.6,5,1553.03,4,8.5,2913.39,1
44,62200.33,8985.15,0.1615,22830.04,12,0,69.75,3.4,6,3540.77,4,12.6,20228.87,1
68,50436.97,15048.95,0.5151,14309.72,24,1,99.45,0.5,8,2903.92,2,21.8,646.74,1
38,60649.0,17556.01,0.2659,11746.0,60,0,92.48,0.8,6,1754.41,3,10.3,8568.87,1
25,40512.3,18875.87,0.2573,16237.46,24,0,84.64,3.8,9,1491.44,2,1.2,14549.2,1
18,43298.74,27049.34,0.8229,11227.82,12,0,63.02,2.0,8,2141.3,0,0.0,20908.57,0
45,78476.84,4572.22,0.383,32076.68,48,0,70.37,1.2,4,3424.25,4,3.9,1282.85,1
66,33969.05,17702.08,0.4517,12572.51,60,0,93.65,17.1,6,1501.56,1,32.9,6267.58,1
56,35444.91,9824.46,0.8361,25063.47,24,0,89.13,9.8,5,1394.84,3,14.4,11785.21,1
31,53968.37,18440.11,0.096,30052.08,60,0,98.51,2.8,1,2868.04,4,9.4,23834.78,1
38,39562.19,18450.66,0.5927,11188.15,48,0,75.87,10.2,4,1074.1,1,15.2,9963.63,1
47,37299.43,7104.64,0.5767,23765.91,36,0,95.78,0.3,1,1217.49,0,4.1,2725.4,1
38,57101.52,7790.78,0.4267,11061.2,12,0,94.47,0.5,2,2765.87,4,8.1,1475.91,1
66,24898.68,19093.14,0.8232,18264.74,48,2,98.65,14.8,7,1302.48,3,19.5,5253.11,0
26,34840.76,15187.24,0.934,15413.65,36,1,70.9,5.8,6,1998.3,4,4.4,1868.75,0
34,96081.91,13243.03,0.466,13045.59,24,0,79.78,7.2,6,3350.37,3,2.4,12102.96,1
22,64189.5,20263.89,0.457,21577.86,48,0,63.24,8.9,5,2076.17,3,3.0,7488.49,1
48,40068.73,20853.75,0.502,7858.83,36,0,83.64,0.3,2,1346.84,3,19.5,2809.62,1
69,63364.3,10762.96,0.7187,29292.26,48,0,89.29,6.3,4,2110.73,2,5.9,9633.95,1
57,66346.61,8183.57,0.6647,9184.62,36,0,69.52,2.2,4,2712.97,0,9.0,993.53,1
55,74888.29,4904.65,0.2284,7329.11,24,0,66.79,8.5,8,2580.48,4,25.1,9949.04,1
60,52456.88,15267.63,0.0726,17477.03,24,0,85.58,2.5,3,1554.88,4,10.8,11014.87,1
36,74529.95,3614.72,0.9403,16274.98,24,0,75.73,7.3,8,1996.59,3,6.4,170.15,1
53,14231.07,15795.43,0.2658,23555.57,24,0,77.06,11.6,8,477.13,1,19.5,11115.92,1
67,33873.84,24734.69,0.6358,20848.32,24,1,78.84,2.1,1,1769.92,3,7.3,3898.04,0
50,58277.43,12172.32,0.8219,3726.4,36,0,80.46,3.2,7,3097.51,4,18.3,485.05,1
30,61592.67,10710.37,0.3043,29865.67,24,0,67.82,3.9,7,2753.28,4,3.5,5540.92,1
31,36764.35,30982.76,0.6327,17226.61,48,0,83.11,5.8,7,1404.05,4,2.9,4444.16,1
50,60188.4,27077.61,0.1157,22414.59,48,0,62.76,9.3,4,2039.28,3,5.4,12121.12,1
46,42523.2,8883.22,0.9605,42021.55,24,1,64.54,1.2,4,1118.98,3,5.9,11845.61,0
60,49460.82,16112.11,0.067,32864.42,48,0,88.46,14.6,5,2869.35,2,20.4,5680.55,1
66,75495.48,17629.43,0.4394,22105.29,24,0,89.26,7.7,9,2847.98,4,36.3,10703.07,1
53,73178.75,16629.28,0.5361,6269.3,48,0,70.65,0.8,7,2739.13,4,20.2,19356.64,1
61,35058.79,29517.39,0.7847,6436.65,60,1,67.39,2.0,7,1340.93,4,17.9,593.66,0
27,33854.97,15697.84,0.1287,31620.44,12,0,62.16,1.4,2,1723.01,3,7.0,1621.74,1
48,46776.53,16897.88,0.442,15981.84,48,0,76.76,0.9,8,2195.98,4,8.0,6302.68,1
23,54465.07,20509.3,0.3037,18315.85,48,1,80.36,5.2,6,3074.09,3,3.4,18416.57,1
18,41842.03,24519.36,0.3158,8545.32,12,0,95.98,0.3,9,1150.05,0,0.0,7058.18,1
24,75812.85,22495.19,0.7732,24458.51,60,0,60.1,4.6,7,4323.52,2,1.5,2019.48,1
44,61947.8,19304.68,0.0154,31414.13,12,0,76.23,8.8,3,2765.99,0,11.4,29413.88,1
38,63121.7,2530.4,0.7441,35235.5,48,1,76.77,2.2,9,3533.62,1,3.4,2536.58,1
45,29669.22,11094.9,0.8042,15518.5,24,1,95.46,3.4,6,1497.25,0,8.2,17608.86,1
33,78345.81,21555.37,0.8933,26448.78,60,1,67.84,0.8,7,4534.47,2,8.5,30802.3475,1
63,12000.0,17003.19,0.6243,19049.13,48,0,62.65,6.4,6,385.2,1,19.1,9428.43,0
40,71681.11,21609.03,0.3368,28802.79,24,1,75.26,12.0,4,3036.11,4,10.9,2147.18,1
69,73686.23,30097.33,0.4287,19960.33,24,0,84.49,6.6,8,4147.61,4,6.9,6908.88,1
37,46351.98,5584.29,0.9603,11758.74,60,0,94.33,0.7,5,1371.26,4,5.2,11374.69,1
55,80458.2,24103.28,0.8736,33201.58,48,0,70.76,2.1,7,4103.45,2,23.6,1491.68,1
42,53738.05,12357.09,0.4643,20985.39,36,1,70.05,1.0,2,2980.59,1,12.0,30802.3475,1
45,56248.63,22482.8,0.9342,16485.4,24,0,73.04,4.5,9,2109.21,1,2.7,30802.3475,1
22,61790.58,14670.23,0.8165,21777.8,12,0,64.73,6.4,9,2457.33,1,2.1,7051.05,1
38,108025.5475,32016.04,0.8931,12633.6,36,0,99.09,3.4,8,4929.34625,4,3.9,16926.92,1
35,81888.68,16040.7,0.6793,24152.52,12,1,81.62,3.5,8,3593.31,3,3.3,30802.3475,1
64,69022.62,9875.89,0.8505,18037.0,60,1,70.89,5.1,6,2826.49,0,34.5,11048.06,1
23,36743.91,18359.0,0.8839,12052.05,24,1,74.47,0.6,4,1254.28,3,3.9,8860.49,0
46,57871.8,17591.54,0.1002,43768.99,24,0,94.64,0.8,5,2481.0,3,13.1,9375.89,1
36,38737.52,24104.78,0.9559,9927.08,60,1,86.95,1.3,6,1453.79,2,9.3,7609.0,0
50,71442.22,18584.42,0.3369,23532.84,24,1,82.13,0.3,6,2908.0,0,12.3,23528.62,1
18,57809.34,34800.52,0.4411,20567.97,36,0,88.99,2.6,1,3083.39,3,0.0,1490.96,1
62,32509.57,14108.77,0.7861,9744.03,36,0,90.23,15.1,1,1729.05,3,20.5,6564.92,1
20,56622.49,14203.04,0.6616,16626.69,60,1,67.77,5.3,9,1455.19,4,1.5,152.08,1
59,38011.65,10168.91,0.8852,6574.48,48,0,66.35,2.9,5,1641.92,3,10.5,22152.79,1
38,58024.32,15685.35,0.4026,40664.89,24,1,98.67,3.4,7,3289.46,3,3.3,3752.47,1
52,37818.45,16848.47,0.3758,17320.42,36,0,67.43,0.8,6,1507.73,2,26.9,6403.33,1
58,55549.75,17249.68,0.0411,18171.87,12,0,78.59,0.5,4,1593.18,4,17.8,10182.91,1
57,70009.4,15537.5,0.4635,39452.03,24,1,99.31,1.5,1,1776.56,4,20.7,1297.17,1
20,53938.96,10121.43,0.7196,11760.23,36,1,76.69,1.8,6,2082.33,3,0.7,13950.37,1
42,47182.23,7946.68,0.3052,32944.09,36,0,80.59,0.7,6,2558.74,0,4.6,7084.57,1
62,59065.52,11998.61,0.4635,25925.26,36,0,91.93,5.9,2,3234.27,1,30.3,687.94,1
55,68943.65,24132.3,0.225,2000.0,48,0,73.62,12.8,6,3244.17,0,7.4,1648.92,1
62,32856.33,25854.4,0.7673,16289.09,60,1,77.24,1.0,8,1865.09,0,19.9,8995.23,0
37,60213.12,14384.28,0.0693,24366.06,48,0,73.29,9.1,2,1650.37,0,13.0,5656.74,1
69,81350.82,7467.34,0.7013,20355.72,12,2,71.5,1.8,8,3038.44,3,28.7,23982.26,1
61,66473.14,14350.61,0.3814,20382.6,12,0,78.87,4.7,6,3418.12,4,24.6,10940.07,1
62,56155.08,31733.32,0.0508,13928.35,60,0,89.84,0.5,7,2975.99,2,11.5,9039.06,1
51,67794.75,22991.74,0.8464,12871.28,60,0,94.69,1.4,1,1901.63,4,15.4,12875.88,1
38,64049.93,19405.94,0.488,16915.93,36,0,78.8,0.9,3,2854.82,3,2.6,7214.09,1
65,70072.02,22701.48,0.5973,39613.09,12,0,72.84,0.9,2,3307.7,4,6.7,6556.69,1
40,14521.37,27324.53,0.7274,10923.24,36,0,96.46,13.6,4,470.44,3,13.3,30802.3475,1
23,23930.88,5777.07,0.652,15177.94,60,1,73.44,2.3,7,624.88,0,3.3,22949.47,1
68,75096.58,11863.68,0.7262,20288.46,12,0,91.0,1.1,8,1929.26,1,9.9,1968.92,1
30,24894.42,10770.23,0.757,5368.46,36,0,89.94,0.9,8,920.26,4,9.2,2278.13,1
66,63030.77,19696.92,0.5874,24319.48,24,0,61.99,5.6,8,1843.58,1,9.2,3072.81,1
40,47959.01,16280.89,0.3683,7119.95,24,1,67.11,6.3,5,2112.14,1,8.7,13104.1,1
26,35076.22,21050.49,0.2483,9127.58,36,0,82.91,19.5,9,1169.17,1,1.9,27471.09,1
34,61993.0,10944.9,0.8948,8647.46,48,0,94.71,4.9,6,2248.49,3,2.7,1339.37,1
19,59020.67,25975.62,0.9605,3594.19,36,1,83.76,3.1,8,2153.43,2,0.8,30802.3475,1
36,97206.85,14445.33,0.3605,32683.28,12,0,89.71,1.3,4,4929.34625,4,7.3,3917.96,1
36,42503.78,20556.36,0.1201,25215.89,60,0,89.38,0.2,1,2283.28,0,6.0,4216.66,1
24,83802.2,24563.25,0.2281,29223.87,36,1,79.77,10.6,5,3907.32,1,2.0,7620.72,1
59,62048.46,23920.99,0.6673,28312.63,12,0,82.43,7.8,3,1875.9,3,10.1,1016.0,1
59,41779.56,17886.63,0.1795,18318.9,12,1,62.85,8.0,9,1151.66,2,31.9,25667.75,1
37,70984.93,21554.78,0.7745,19704.79,24,1,97.11,1.9,5,2616.27,2,8.4,195.9,1
26,66314.77,28933.29,0.9146,30137.13,36,1,86.97,2.2,8,2920.26,1,3.8,70.9,0
34,55716.87,19108.81,0.9544,36384.29,48,0,66.18,7.7,4,2739.39,3,9.6,30802.3475,1
44,60325.91,9162.83,0.0191,7419.09,48,0,69.76,5.8,4,1556.45,4,10.0,5139.38,1
64,43060.26,19664.41,0.949,45199.64,60,0,60.19,5.2,2,1356.1,2,13.6,2848.19,0
19,38484.26,14701.75,0.7354,6843.49,60,0,70.56,4.0,8,1524.54,2,0.3,3233.56,1
53,70188.84,0.0,0.0924,15380.45,24,2,72.66,2.3,9,2596.09,1,12.0,6804.35,1
36,50521.21,18695.98,0.4169,20740.68,36,1,87.33,6.8,8,2034.8,3,9.1,22516.06,1
34,53398.34,15933.21,0.696,21659.05,60,0,79.07,2.2,8,1917.7,3,10.9,13740.3,1
22,60596.43,24251.34,0.9476,39638.32,36,0,93.71,6.6,5,2702.32,3,1.1,1902.24,1
56,60305.77,8999.25,0.1709,30119.07,48,0,63.47,1.1,9,3248.46,3,19.3,4188.21,1
35,26413.47,2954.32,0.1352,24128.35,12,0,88.28,4.5,9,732.46,1,10.6,5521.01,1
24,80725.04,16349.45,0.4729,30354.93,48,0,95.0,2.2,5,2806.51,1,4.8,30802.3475,1
34,57423.64,18041.42,0.9587,23457.52,24,0,76.85,8.8,9,1945.38,2,11.8,15095.34,1
56,50946.93,15750.66,0.962,13245.85,36,0,71.55,3.7,1,2197.74,2,21.0,6734.88,1
53,63616.92,15165.67,0.2334,24856.38,12,0,77.82,4.9,3,3482.41,4,26.7,2843.43,1
57,59730.84,6450.18,0.323,20675.53,12,0,91.55,0.4,5,3125.74,0,29.6,1697.77,1
62,70341.25,13888.66,0.8999,11571.44,24,0,96.76,3.4,8,3874.76,2,5.8,1877.38,1
21,65759.67,12212.75,0.7301,32627.9,12,2,62.62,7.6,3,2109.85,1,1.7,4050.86,0
55,69356.92,23581.67,0.9629,19455.44,36,0,81.14,9.8,3,2528.17,4,20.6,7499.81,1
42,82019.88,18034.6,0.8853,8794.99,48,1,85.59,6.4,7,2803.65,2,13.8,1869.99,1
22,72672.49,12776.02,0.2208,10373.45,36,0,60.7,2.7,4,3139.25,4,3.0,13281.96,1
47,51790.28,28791.08,0.7545,25349.96,60,0,67.25,1.5,6,2453.43,1,8.7,27414.87,1
29,32541.98,12848.74,0.0576,30494.32,12,0,62.5,2.5,5,1264.13,3,2.9,7493.95,1
21,88355.96,19462.29,0.8115,24816.52,12,0,71.61,4.1,3,3115.26,4,1.3,4546.97,1
41,50245.53,13664.63,0.5995,24862.31,36,0,68.22,0.0,2,2314.53,3,7.2,12005.2,1
46,45537.85,28049.22,0.947,11896.77,24,0,79.47,12.2,5,1894.89,0,9.1,11729.74,1
26,20265.46,15694.88,0.9508,20928.85,36,0,86.21,2.1,8,1066.45,2,2.2,16937.18,0
21,61769.46,15931.31,0.0598,16698.9,48,0,93.69,8.0,8,1655.31,1,1.7,27044.79,1
68,57977.73,13881.04,0.1673,18050.34,24,0,72.17,3.8,2,2871.97,4,30.7,4184.56,1
41,24697.7,16572.1,0.4845,18882.08,12,0,62.02,5.4,1,1187.76,3,3.9,1393.33,1
31,64065.48,24596.3,0.8719,13400.64,12,2,60.15,7.1,5,3452.49,1,8.6,23604.42,0
22,45036.16,21766.75,0.8082,27516.67,24,0,93.78,1.7,4,2394.34,4,1.2,2026.68,1
35,108025.5475,15224.61,0.9551,9908.84,24,1,95.13,4.7,3,3265.3,3,3.3,4372.38,1
59,43612.78,28610.6,0.6157,7013.72,24,0,64.04,7.0,4,2022.66,0,17.2,5475.98,1
36,46296.13,21983.89,0.2614,12147.97,12,0,60.41,7.4,1,2089.72,3,9.5,19644.59,1
29,37504.48,11494.55,0.0346,28833.95,12,0,92.01,2.7,3,1805.72,0,6.7,8777.82,1
35,80557.53,3957.21,0.2285,23391.59,12,1,85.63,6.5,4,4648.91,3,8.8,9108.97,1
34,47544.48,11679.89,0.6718,2167.58,12,1,82.25,1.8,5,1362.04,3,12.1,14718.57,1
47,40501.72,18306.79,0.9177,25972.74,12,0,81.33,0.7,1,1862.04,2,3.3,30802.3475,1
41,69139.1,19777.6,0.3245,19514.92,36,0,90.95,0.6,3,3104.11,1,17.0,30802.3475,1
28,27392.94,25873.1,0.8682,15826.17,36,0,71.73,3.5,2,691.64,0,6.1,1400.0,0
52,67502.21,6243.63,0.397,17580.2,36,0,75.56,2.4,8,3169.57,1,25.7,30802.3475,1
40,90627.99,11486.76,0.3121,6663.71,24,1,63.11,1.3,9,3767.58,2,6.0,12886.87,1
34,66332.16,5578.86,0.5087,21732.41,12,0,82.65,2.5,8,3367.44,3,3.7,10113.11,1
18,67757.97,4289.61,0.4434,7324.48,36,0,98.43,2.7,5,3399.73,0,0.0,5050.27,1
32,72401.2,9977.45,0.9055,16499.94,24,0,71.35,4.0,4,1915.39,2,5.8,30802.3475,1
49,89194.16,17932.9,0.4689,16512.9,48,0,97.17,0.3,3,4550.13,2,9.0,3790.98,1
26,79197.88,21171.16,0.2818,27699.09,60,0,89.17,11.9,9,4348.5,0,5.2,29622.99,1
32,63793.39,7413.17,0.8357,20397.44,48,0,69.36,2.3,8,2938.76,3,6.7,4399.6,1
45,73077.83,8525.79,0.9888,27059.91,48,0,86.51,4.8,1,3944.28,0,14.4,1531.59,1
41,37281.3,761.41,0.6452,8042.57,60,0,74.65,1.8,9,1190.69,4,3.2,9928.44,1
52,70525.87,16714.82,0.2555,18922.0,24,1,64.89,7.2,9,3881.34,2,19.2,21112.32,1
39,34888.88,9142.89,0.244,25303.16,60,0,63.71,3.1,8,1960.62,4,12.3,29504.93,1
44,47659.55,28304.25,0.0666,32422.99,24,1,60.69,1.9,7,1643.95,1,5.1,17103.71,1
36,12000.0,18278.47,0.0857,8608.15,48,0,91.91,16.6,1,438.15,2,11.2,5061.6,1
62,63028.59,13628.43,0.9067,11590.49,60,1,95.39,10.0,3,3069.3,3,6.5,14922.85,1
29,42122.56,9871.1,0.1046,25052.87,48,0,79.3,1.0,9,1524.93,2,1.8,222.43,1
37,77222.9,3042.64,0.4847,36115.93,60,0,80.8,6.0,5,4477.64,4,10.2,2029.88,1
18,62803.85,4057.03,0.6942,22858.8,60,0,87.66,7.0,4,2173.42,3,0.0,8519.58,1
38,77481.92,10022.87,0.8433,8900.39,12,1,88.04,0.2,1,2011.62,2,8.2,3340.04,1
66,33328.07,9408.78,0.1778,9095.56,36,0,72.97,16.2,9,1741.54,0,10.2,11191.75,1
62,75767.72,7006.63,0.439,21348.45,36,1,66.37,1.3,7,2003.54,1,27.4,11653.04,1
18,97117.13,18016.76,0.2565,23575.77,48,0,77.22,12.0,3,4929.34625,4,0.0,9570.01,1
27,70283.17,19114.12,0.2607,17787.26,48,2,87.88,5.3,2,3162.64,2,7.0,12248.76,1
64,70806.98,11330.94,0.3078,9209.29,48,0,92.17,3.6,3,2807.03,4,9.1,3725.35,1
49,58391.95,30481.22,0.5854,31014.15,12,0,63.57,7.7,4,2885.69,1,19.8,2453.48,1
56,44506.62,1026.17,0.0262,16512.8,12,0,83.53,5.6,3,2174.65,4,10.7,106.55,1
39,70223.85,15465.31,0.4106,25269.65,48,0,62.16,6.7,2,2665.05,0,15.5,10713.59,1
35,24878.34,13251.36,0.1931,2268.32,12,0,92.99,9.8,6,799.37,1,11.1,8804.88,1
65,46644.9,10594.39,0.9578,32011.54,60,1,86.67,3.2,4,2479.82,0,19.7,4041.75,1
63,19578.86,9418.7,0.5811,13151.9,60,0,87.87,2.8,8,1091.18,3,5.9,4263.73,1
49,40926.87,14944.32,0.8607,33446.84,60,0,90.47,11.5,2,2380.39,0,17.9,2376.29,1
44,67840.9,13195.78,0.2018,26127.38,36,0,79.83,8.0,1,2517.45,4,11.0,4217.21,1
45,65107.87,11864.99,0.8038,5712.6,60,0,71.96,0.1,2,2879.78,4,17.8,3605.25,1
35,56018.27,4610.24,0.4165,22455.27,36,0,91.43,5.3,5,3232.35,1,10.5,30802.3475,1
56,58408.02,2055.11,0.1841,36565.33,60,0,91.09,11.7,5,2263.25,3,23.7,6966.97,1
66,17282.71,12691.87,0.756,14020.83,48,0,65.4,5.8,8,887.46,0,10.6,8720.09,1
46,47548.75,11783.23,0.7568,36583.26,36,0,96.11,4.0,1,2678.19,4,11.4,211.62,1
35,41372.97,13423.71,0.986,23857.34,12,0,68.85,1.0,8,1290.09,4,7.3,17568.81,1
61,41818.81,14131.03,0.7753,33403.58,36,1,72.26,15.0,8,2055.48,2,27.9,14070.67,0
25,66991.57,10819.98,0.1524,21594.86,24,0,68.64,4.9,9,3244.45,2,2.7,7203.03,1
48,37789.85,13300.74,0.3261,18760.24,36,0,98.62,0.5,4,1434.7,1,21.2,15018.93,1
51,42906.38,8171.77,0.4527,38371.63,60,0,71.98,13.1,3,2475.7,1,9.7,1787.75,1
24,13258.62,27191.57,0.1341,27214.02,60,0,98.86,3.6,9,714.57,2,4.7,5936.3,1
53,49117.54,8602.08,0.7823,17646.78,60,1,85.52,0.9,5,2855.81,4,5.7,2743.47,1
35,33243.25,12032.15,0.5262,24238.87,12,0,67.06,1.3,2,1440.62,3,7.6,8970.31,1
55,56584.06,9209.69,0.9356,14351.55,48,0,82.15,17.2,3,1833.62,3,19.0,9740.29,1
26,35977.84,9075.35,0.5875,21078.84,36,0,95.29,2.9,8,1234.44,1,3.3,30802.3475,1
26,57090.84,15197.13,0.5224,31956.22,12,0,82.47,2.7,7,2933.59,1,3.9,192.9,1
63,52106.28,14182.13,0.08,18381.46,24,0,65.3,3.3,4,1930.73,2,29.0,4432.84,1
25,88440.84,11324.32,0.1564,11254.79,36,0,71.48,6.0,9,2844.73,2,1.5,29496.6,1
68,64944.36,12732.19,0.8425,10331.17,60,0,68.99,2.3,1,3619.32,3,38.2,30802.3475,1
52,18207.24,9241.49,0.9809,20736.18,12,0,65.03,2.7,7,662.12,0,12.7,8436.62,0
35,29702.22,18213.81,0.4169,11924.47,12,0,73.09,6.9,6,823.37,4,9.1,8378.02,1
22,56104.16,31441.54,0.8039,5672.59,36,1,86.44,3.1,2,2462.12,0,1.6,5516.65,1
31,36403.04,8001.27,0.625,8014.12,12,0,75.3,6.3,9,1577.73,4,6.8,2396.59,1
45,12000.0,18151.71,0.9499,31751.0,12,0,77.75,16.4,9,468.93,3,16.4,776.33,0
47,81990.93,15359.59,0.2434,18576.28,12,0,72.83,16.4,7,3269.8,0,13.2,4839.26,1
21,69404.48,20349.04,0.5439,20577.64,36,0,99.78,3.0,7,2243.53,1,0.5,4234.84,1
56,65419.54,20574.34,0.4106,10333.91,60,0,83.45,1.3,4,2280.58,1,12.7,8065.09,1
37,42853.54,16643.3,0.5409,14185.06,12,0,93.36,1.4,7,1766.37,3,12.6,4266.22,1
42,63553.54,14681.44,0.2735,13862.45,12,0,77.65,8.6,9,3648.24,3,12.0,5628.05,1
45,40912.79,11524.4,0.4978,17232.31,48,0,66.75,0.4,9,2359.48,0,17.0,9294.21,1
29,59097.15,8880.32,0.6223,3416.01,24,1,93.87,0.2,9,1649.19,1,7.9,12239.23,1
19,36588.34,14225.23,0.0896,30896.75,48,0,90.54,5.7,5,2020.13,1,0.4,131.65,1
60,85325.77,4723.29,0.7381,19835.75,60,1,73.19,12.0,3,3384.94,0,14.6,2371.62,1
31,23595.27,10249.15,0.7024,22020.86,48,0,84.26,1.3,3,950.99,1,2.3,2091.65,1
39,79645.68,23854.83,0.8728,29143.38,36,0,63.74,0.3,8,2945.04,0,6.1,5402.36,1
48,55778.32,15788.1,0.4273,28377.43,48,0,61.05,11.3,8,3029.5,0,11.9,835.4,1
40,45210.66,22141.32,0.0704,14249.19,36,0,92.63,2.2,9,1819.25,3,4.2,23232.47,1
65,58340.06,26757.15,0.4622,26044.67,48,0,97.68,4.0,2,1469.54,2,8.4,5511.6,1
37,69666.96,13583.76,0.1449,25941.79,48,0,73.76,9.0,1,3913.81,3,7.8,17841.8,1
55,82334.93,16658.61,0.6445,23159.81,24,0,83.9,1.4,3,4731.78,0,13.3,25525.42,1
21,61262.86,12585.23,0.0562,30611.21,36,0,88.69,4.6,8,2414.59,0,2.1,2278.77,1
32,37186.08,8499.15,0.3765,27995.32,60,1,89.84,23.8,6,1470.24,1,1.7,6846.31,1
41,56112.6,7376.25,0.0912,27273.7,12,0,79.24,6.8,3,1435.57,1,14.6,30802.3475,1
42,91335.86,21745.2,0.0133,33652.81,60,0,84.53,2.5,1,2897.74,3,5.9,17205.13,1
18,81953.56,16669.02,0.9513,20286.59,48,1,86.28,7.3,5,2376.98,3,0.0,437.02,1
24,73175.27,29772.82,0.9862,20577.69,60,0,64.13,0.1,6,3769.88,2,1.8,30802.3475,1
48,70913.74,22776.42,0.5544,28192.04,48,0,85.8,1.2,7,2991.23,4,14.6,234.51,1
29,68989.0,9150.3,0.2442,18215.46,48,0,80.43,6.8,4,2390.11,2,3.1,345.8,1
59,78175.1,21722.74,0.9029,24816.08,12,0,75.14,1.5,1,4363.7,0,15.9,10335.48,1
22,45867.42,12559.4,0.9146,14398.93,24,0,70.47,0.7,7,2134.55,3,1.1,10043.21,1
61,27898.28,24734.88,0.8474,2000.0,24,0,85.52,1.7,9,1568.49,3,15.5,17541.45,1
67,56380.07,11109.33,0.5435,25978.74,12,0,66.67,0.9,9,1887.3,2,34.6,3619.24,1
59,38648.37,6580.59,0.0832,4513.2,60,0,92.43,2.7,6,2082.47,2,24.0,6610.05,1
55,33899.58,8633.96,0.0967,13008.84,36,0,66.87,0.7,2,1813.43,1,12.4,19284.32,1
29,40594.43,9042.68,0.8887,28200.12,12,0,90.86,9.1,1,2228.81,2,7.7,14087.5,1
56,104706.28,8277.99,0.8683,28317.63,48,0,92.7,7.6,2,4929.34625,0,5.2,5533.25,1
35,57722.49,10419.13,0.4357,31752.72,24,0,97.59,1.8,9,2994.17,1,10.1,19102.69,1
19,62238.16,21853.53,0.3316,2000.0,24,1,78.53,3.7,5,3317.3,1,0.5,6585.75,1
27,30552.74,29368.35,0.6412,22960.13,60,0,62.55,9.7,9,1676.28,1,3.3,7560.15,0
32,18124.94,4358.48,0.8008,17423.15,36,0,87.11,13.2,2,709.14,2,5.4,8818.05,1
47,38618.95,25108.1,0.7271,29882.16,12,0,71.3,0.5,2,1247.4,4,10.6,4662.4,0
61,83763.91,11178.37,0.6133,34763.6,48,0,63.71,6.4,5,2295.47,4,23.6,3383.5,1
34,61685.51,17783.06,0.2369,6910.85,48,0,94.23,0.7,5,2107.86,3,4.3,11359.37,1
21,66971.9,1766.83,0.2673,20158.83,36,0,65.59,0.1,7,3600.69,3,2.4,1709.64,1
24,69771.32,19192.28,0.7196,28326.32,60,0,80.25,0.4,3,4063.25,3,0.6,6946.26,1
58,43173.01,0.0,0.7966,16620.02,36,0,91.54,4.3,8,1688.16,0,17.0,3835.4,1
48,82759.31,17511.48,0.1238,37456.95,60,0,67.96,2.4,3,3359.98,4,7.8,4789.86,1
68,42343.85,17058.05,0.1936,15985.3,60,1,95.87,0.6,7,1612.89,3,17.4,6190.45,1
56,83124.65,16528.06,0.6769,16997.98,12,0,73.26,3.2,1,3604.63,2,26.8,2273.25,1
51,63846.04,9120.72,0.3912,9266.93,12,0,75.86,3.5,5,2613.47,2,11.6,6725.15,1
23,19219.1,19396.21,0.562,21539.21,48,0,65.26,7.7,9,918.66,0,1.2,13279.5,1
67,40039.81,18128.65,0.6125,2000.0,24,0,85.78,5.4,4,1367.59,4,17.5,2675.02,1
55,19301.23,13320.38,0.7707,17522.36,60,0,79.81,3.1,3,741.81,1,12.0,19171.28,1
62,78265.64,20374.8,0.7996,32689.69,48,0,98.97,2.0,5,3006.95,1,20.0,5695.29,1
68,54505.29,14235.17,0.2845,6032.34,24,0,87.93,0.0,9,1941.63,4,36.5,13673.05,1
51,12000.0,19230.22,0.5405,3816.97,48,0,90.36,8.9,2,619.29,1,19.4,11395.16,1
61,62514.94,13992.97,0.1311,31162.23,60,0,67.96,1.6,7,2688.71,4,29.9,5228.71,1
32,44256.71,16733.62,0.8352,32517.03,24,0,88.51,1.2,9,1932.53,2,4.4,16683.97,1
31,25323.88,19597.78,0.8385,6443.12,36,0,82.3,6.6,4,836.66,0,1.6,303.93,1
23,88559.32,11816.7,0.3035,37327.46,12,0,76.15,0.4,5,3465.52,2,1.8,3021.53,1
67,57145.72,5129.31,0.1674,24324.52,12,0,91.31,1.5,5,2085.15,3,29.2,116.64,1
54,49131.37,17208.63,0.0787,30487.44,24,0,99.14,2.9,7,2714.89,3,10.6,15745.73,1
67,47011.5,24515.13,0.5735,12081.3,24,0,63.79,2.9,9,1234.56,0,14.4,1445.81,1
49,24734.41,17393.21,0.0996,34890.59,60,0,91.56,0.9,8,762.67,0,5.1,5263.0,1
20,28909.02,17545.14,0.677,17319.84,24,0,96.78,0.2,7,1359.25,0,0.5,9435.0,1
20,80698.34,14662.59,0.6746,16879.65,12,0,72.61,3.2,8,3644.86,2,1.2,30802.3475,1
39,45522.34,20912.95,0.6117,24823.78,60,0,74.52,2.2,4,2222.58,0,9.6,30802.3475,1
39,55441.35,13512.52,0.869,16079.75,48,1,91.79,1.7,5,1469.98,2,3.1,20400.03,1
27,14113.39,11368.81,0.3807,4792.94,12,0,98.15,1.6,2,768.03,3,7.2,7713.6,1
68,28638.16,23842.39,0.8942,21317.67,36,0,97.56,3.5,5,1604.66,1,24.9,1421.08,1
20,67196.25,10755.69,0.0462,16817.57,60,0,62.23,0.1,2,3431.13,1,0.4,4480.16,1
29,62554.24,22115.77,0.1205,12320.89,36,1,94.86,0.6,1,1928.26,2,1.5,20047.97,1
46,90067.5,23847.48,0.414,32405.27,24,1,83.46,2.0,8,4620.09,3,13.7,30802.3475,1
65,81859.13,19534.54,0.5921,43923.27,48,0,76.85,3.3,2,2910.26,4,13.0,10710.94,1
34,50385.78,5006.12,0.0417,10808.75,24,0,93.82,5.9,1,1514.98,4,4.4,16394.18,1
24,64459.07,15217.24,0.5661,21974.41,12,0,92.02,1.7,9,1785.65,4,2.7,16033.89,1
30,48667.93,13384.0,0.3113,16015.6,48,1,80.37,5.5,6,1293.2,3,5.1,30802.3475,1
19,96096.2,11032.01,0.8794,42883.99,12,0,76.43,2.4,9,4929.34625,3,0.4,16543.68,1
21,77980.29,16142.01,0.5326,24917.35,48,0,78.9,7.5,5,4140.97,0,2.0,4515.69,1
27,58393.7,21153.65,0.5861,29269.56,36,1,72.73,3.3,7,1524.35,4,3.4,6477.72,1
56,59007.9,11331.58,0.9367,31818.33,12,0,87.22,3.9,6,2882.79,1,15.7,2805.62,1
41,83897.01,13628.94,0.7589,21301.54,12,0,95.68,2.9,3,2808.04,1,12.4,1695.04,1
34,66591.56,13071.53,0.4395,18136.17,24,0,70.02,0.7,1,2159.21,4,9.6,4355.67,1
69,86172.56,24310.97,0.4773,35189.32,60,1,93.02,0.9,2,3768.63,2,18.4,11180.52,1
23,12000.0,12943.2,0.645,27778.88,12,1,74.43,2.6,6,483.16,1,2.3,9011.53,0
36,64224.57,5124.75,0.2062,11541.0,48,0,65.27,0.5,5,2010.58,3,8.1,13947.06,1
22,44691.3,2412.52,0.0969,12757.89,24,1,61.62,0.8,7,1125.74,4,2.9,22491.81,1
49,90127.56,17901.84,0.315,16103.47,60,1,79.17,4.9,6,3222.13,1,12.2,519.35,1
27,85927.97,8914.55,0.7728,31592.19,12,0,82.73,5.0,3,3309.46,0,3.8,2868.39,1
26,55656.72,20349.8,0.2622,34734.47,36,3,60.24,0.7,9,2273.06,0,4.0,15163.66,0
44,85712.62,4350.24,0.1381,41517.28,24,0,86.11,9.6,5,3309.1,3,14.7,25648.2,1
30,90662.29,10688.7,0.2246,12912.97,36,0,80.74,9.7,7,3416.1,2,1.2,27529.57,1
36,56488.13,4355.45,0.6754,21402.07,48,0,99.9,2.4,5,3226.04,0,10.0,2043.94,1
38,104438.68,18476.89,0.6117,15997.98,24,0,64.18,3.4,3,4929.34625,2,4.1,1075.06,1
41,54373.18,20190.78,0.6845,18176.54,24,1,88.2,8.1,5,2068.37,2,18.0,26808.66,1
55,50709.58,17709.0,0.3255,29298.79,24,0,68.68,7.2,7,2858.99,0,13.0,687.34,1
21,72317.45,6312.51,0.8928,19541.21,60,0,68.25,2.3,8,2017.95,1,1.3,10849.58,1
41,47924.19,9033.89,0.4527,33158.58,60,0,60.75,1.9,7,1218.44,2,3.4,5088.16,1
52,56706.8,16874.51,0.5134,14837.02,12,0,60.26,5.5,5,2043.02,1,24.2,3265.54,1
20,83188.69,1498.07,0.9398,27414.16,36,0,67.46,2.3,3,2593.49,4,0.5,3193.85,1
21,55384.38,13070.92,0.9697,15572.43,12,0,67.02,5.8,6,2685.08,4,0.9,4446.14,1
54,21099.64,27135.24,0.6583,2000.0,36,0,60.02,0.7,9,967.96,2,19.2,4503.4,0
57,62346.39,13560.36,0.9359,9785.32,12,0,88.69,5.6,9,3583.83,0,4.1,16893.24,1
65,41074.13,3091.64,0.5407,21241.3,24,0,80.15,7.7,6,2059.04,3,37.3,7586.25,1
52,72305.42,10140.73,0.3111,39214.98,24,0,75.85,11.7,7,2759.05,0,15.5,28390.2,1
48,68923.79,9954.46,0.3188,15404.12,36,0,64.15,3.0,7,2340.73,1,20.5,10201.48,1
61,84428.01,32122.47,0.5578,18308.12,24,1,73.36,4.1,5,2264.15,1,31.6,5247.71,1
42,73150.65,28325.43,0.6029,24896.7,12,0,78.82,1.7,8,2473.04,3,2.4,7603.29,1
57,76804.89,20847.48,0.4408,14005.79,60,1,99.92,0.8,3,2386.88,2,15.6,28037.29,1
30,41618.06,12255.39,0.8761,15162.41,48,0,80.42,1.0,6,2204.49,4,8.7,17983.34,1
21,71079.73,24605.04,0.4282,20721.14,12,1,60.78,9.3,1,2549.05,2,1.8,25821.43,1
63,54915.35,5932.32,0.278,15634.34,36,0,68.31,3.9,4,4509.88,3,27.8,12300.81,1
31,41227.0,23612.6,0.0178,2170.07,24,0,74.18,2.4,8,1921.04,2,6.3,10013.4,1
30,90994.77,22423.79,0.9612,13498.3,48,0,78.24,10.0,3,2454.85,0,9.4,2817.75,1
44,44013.0,13789.23,0.8178,26149.2,48,1,86.97,0.6,4,1133.44,0,4.5,4355.32,1
23,37960.58,24113.49,0.6132,26460.03,24,0,83.62,4.5,4,1512.16,3,3.5,597.16,1
34,60924.01,11422.23,0.8239,33362.34,12,1,80.37,7.8,3,3403.23,0,9.2,8573.41,1
53,69318.21,4879.32,0.8041,32555.36,24,0,93.52,0.7,2,3210.08,0,16.9,10204.18,1
57,73235.0,22823.72,0.9232,10998.12,60,0,67.85,0.6,2,3922.68,4,22.2,13892.94,1
66,35764.75,14318.06,0.3883,12545.84,36,0,63.12,0.2,7,946.55,3,31.1,19382.33,1
52,63690.8,19814.24,0.5538,12987.19,24,1,93.53,14.2,1,2395.52,1,7.8,3499.44,1
34,41288.91,29567.09,0.1067,18479.38,12,0,78.49,5.9,3,1113.24,2,4.1,1949.44,1
58,25221.55,9221.97,0.956,13767.3,60,1,82.13,0.4,6,917.23,1,10.9,1248.22,0
19,36425.27,13852.96,0.9754,18254.73,60,0,93.5,5.6,3,1255.67,1,0.3,7826.04,1
30,39981.99,27557.08,0.7833,11278.03,12,0,97.83,1.8,1,2227.63,4,6.0,3111.61,1
69,65431.9,20349.85,0.455,27844.05,36,0,82.08,0.6,3,3420.28,4,37.6,2192.19,1
19,78044.27,9401.74,0.4966,10519.36,48,1,92.49,24.3,4,4048.91,0,0.3,8132.32,1
69,25535.87,7359.86,0.4367,10024.28,60,0,81.79,1.0,1,659.58,1,24.9,9195.54,1
45,62039.22,10775.35,0.2974,25202.29,12,0,61.33,8.0,4,2601.2,3,21.2,1511.62,1
60,31466.04,9092.68,0.5272,27223.0,60,0,98.23,10.7,9,888.61,2,24.1,7422.55,1
43,67581.71,16898.78,0.0624,17748.78,48,1,92.71,3.8,2,3639.7,0,10.0,986.54,1
39,42545.39,15627.48,0.982,28689.88,12,0,90.14,18.6,3,1704.84,3,3.2,15507.4,1
64,33973.42,17233.9,0.4256,27967.88,60,0,77.67,0.6,5,959.38,0,15.0,8840.37,1
60,70993.29,8273.5,0.9188,38991.39,12,0,97.7,16.2,6,4102.59,3,13.7,9085.51,1
20,43261.55,14433.33,0.7198,27329.26,12,1,79.59,0.4,5,1497.0,0,1.1,12617.5,1
52,48680.72,0.0,0.2941,37072.03,48,0,88.83,3.2,8,1541.08,2,7.5,2425.71,1
29,12000.0,16160.05,0.2276,20619.29,12,0,64.02,9.7,5,525.83,3,4.9,2072.05,1
41,73931.03,24403.53,0.9858,33996.26,36,0,68.75,4.0,5,3042.19,0,8.7,3750.36,1
22,71418.17,3602.03,0.7667,34207.66,60,0,76.97,4.4,1,2438.9,2,0.8,8664.9,1
37,55109.16,18867.43,0.2547,18573.86,24,0,83.25,0.9,6,2732.2,2,13.7,17412.85,1
56,24448.38,10111.89,0.0761,13114.6,36,0,92.22,20.8,7,847.12,2,20.3,30802.3475,1
56,79187.38,21420.01,0.693,14873.24,36,0,69.63,1.3,5,2890.46,0,21.7,17238.22,1
30,41674.73,16269.18,0.307,24151.24,12,0,90.97,9.8,3,2014.23,3,4.5,6784.93,1
58,45932.93,18237.63,0.2269,8502.93,36,0,95.6,15.7,7,2023.21,4,27.5,8579.38,1
62,101240.88,15518.59,0.7302,15462.69,36,0,92.74,1.6,8,3505.57,4,32.9,3329.7,1
29,40927.27,25626.65,0.6757,31972.3,36,1,84.9,6.6,9,2282.05,3,1.3,2522.96,0
30,69844.2,17779.28,0.4818,26668.34,12,0,92.4,0.4,7,3419.63,2,5.0,1533.8,1
27,66241.85,9356.61,0.9338,2000.0,36,1,95.1,6.8,3,2323.38,0,5.1,7298.69,1
50,62803.44,15789.72,0.676,6673.53,24,1,82.2,3.3,5,3376.01,1,21.9,1942.14,1
57,60640.01,12048.95,0.8856,41588.86,36,0,92.41,0.6,7,2148.22,1,25.4,552.22,1
33,62527.77,16299.2,0.1967,31795.67,12,0,76.85,11.3,6,3596.7,2,11.8,1985.02,1
62,60438.81,11641.84,0.3007,14170.73,12,2,80.9,5.7,6,3340.28,3,27.8,4872.14,1
52,53961.63,9585.51,0.1124,5115.68,48,1,62.1,0.9,3,2070.4,0,6.4,2565.27,1
20,85225.66,16594.18,0.3085,7504.93,48,0,95.34,3.8,5,4014.33,3,0.4,2489.92,1
22,28746.79,15446.32,0.9623,25091.61,24,0,65.61,2.0,8,1231.84,2,3.1,2836.11,0
43,75429.16,23511.65,0.9536,39769.28,60,0,71.05,6.2,9,3939.4,0,2.9,21616.58,1
28,71446.85,11680.35,0.7552,39132.58,48,0,72.7,4.9,2,3840.04,4,3.6,863.68,1
24,68967.98,0.0,0.5206,4243.15,36,0,64.64,1.1,2,3173.2,3,2.4,3888.54,1
27,77339.59,12089.03,0.7752,17042.29,12,0,96.87,1.4,3,3365.78,3,2.5,5022.61,1
59,53148.01,1988.55,0.5524,11429.52,48,1,98.8,6.1,7,1929.96,2,25.1,3293.93,1
69,17620.52,18325.38,0.0134,21369.5,12,1,94.61,5.6,2,969.15,3,34.8,4792.62,1
51,53554.15,1608.82,0.5015,6689.39,36,1,73.85,1.9,4,2420.89,2,25.4,9917.41,1
20,35176.12,7093.03,0.5969,14541.82,12,0,62.21,3.3,8,958.58,4,1.6,1504.94,1
25,40362.82,12101.32,0.2704,11327.39,12,0,67.32,3.1,4,1908.55,2,2.6,4463.26,1
48,30151.61,27351.6,0.2092,25236.05,48,0,90.88,0.7,1,967.76,2,22.9,1487.12,1
28,45453.1,6416.88,0.2783,14851.41,12,1,71.44,4.9,4,1350.53,0,4.4,13106.25,1
62,43067.53,15099.24,0.6212,16288.22,36,1,95.7,1.5,7,2492.16,3,30.1,19834.62,1
24,12000.0,19639.81,0.1531,25109.18,24,0,93.41,3.1,9,658.62,2,3.9,8095.73,1
62,69004.44,26872.48,0.7159,36425.21,12,0,69.48,0.4,8,3399.01,2,11.3,611.42,1
19,99406.44,21222.36,0.4242,41157.76,12,1,87.74,4.8,6,4430.46,0,0.5,5881.37,1
23,67124.74,23751.26,0.3563,24560.13,36,0,77.69,9.2,6,2539.76,0,3.9,5440.29,1
58,50941.52,21914.46,0.8011,19114.26,60,0,68.6,4.2,9,1810.86,3,18.7,16023.82,1
49,53905.07,5327.02,0.5059,33162.47,36,1,83.6,4.5,8,1952.3,0,14.4,580.53,1
37,46580.28,17877.54,0.3808,31671.65,48,0,93.49,5.6,1,1867.29,3,10.2,30802.3475,1
51,56800.83,21789.29,0.8706,28818.11,48,0,97.07,1.1,2,2067.6,3,24.8,2399.27,1
67,54259.84,7348.0,0.3709,4206.6,24,0,62.35,0.4,8,1762.97,1,18.2,17168.75,1
33,38179.03,10361.92,0.8518,32081.75,12,1,76.75,9.6,3,2115.53,1,1.9,15690.2,0
42,88657.77,8574.46,0.5041,23582.01,24,0,84.18,9.4,2,4458.99,2,5.4,14578.17,1
29,25256.92,21180.98,0.2138,11062.98,24,0,73.52,3.9,5,1171.24,3,8.5,1374.97,1
24,69366.63,14445.75,0.6106,13281.24,12,2,72.71,1.1,1,2757.82,3,1.7,862.82,1
56,52976.05,12433.23,0.2896,25820.32,12,0,90.88,8.5,1,2744.76,1,23.6,5924.28,1
34,93016.64,4746.64,0.1542,2000.0,36,1,91.3,1.2,6,2824.66,0,5.9,13429.09,1
62,61817.29,14460.85,0.0948,18745.27,24,1,89.16,9.9,4,1832.44,0,5.6,11428.61,1
28,47801.89,10459.29,0.2469,13449.37,24,0,95.94,2.8,8,2715.24,0,3.3,14953.17,1
23,50045.86,16946.72,0.7318,12430.59,48,1,79.79,0.3,3,2823.19,3,1.9,1263.81,1
40,55798.13,5856.26,0.8312,15428.07,24,0,91.51,8.5,3,2638.29,1,5.8,5560.19,1
44,32144.19,16423.25,0.8545,5206.0,36,0,60.45,4.1,8,1302.51,4,20.2,6235.43,1
63,39662.61,11488.39,0.2747,30524.8,60,0,99.5,1.9,2,2167.76,1,35.7,2781.96,1
23,19301.12,5005.62,0.6578,2000.0,24,0,96.77,3.0,2,958.48,2,1.5,8594.02,1
55,36540.46,4381.73,0.2357,21692.88,36,1,93.65,10.9,7,1849.91,0,28.5,417.29,1
19,56878.13,5583.84,0.6203,11524.42,36,0,83.51,1.1,4,2655.51,0,0.7,14940.47,1
39,61003.5,13348.81,0.8795,39835.79,60,0,81.77,0.5,4,3399.39,3,16.0,2432.12,1
37,15413.41,15967.96,0.0501,20226.86,36,1,66.01,7.7,7,545.12,2,11.7,13520.43,1
42,52255.77,17158.59,0.9755,2000.0,48,0,62.16,4.9,9,1770.46,1,10.6,763.17,1
32,66268.2,17460.42,0.8205,25468.21,60,0,70.24,10.2,1,2955.74,3,5.4,6873.33,1
66,51741.76,8931.81,0.7564,9074.23,48,0,66.04,1.9,9,1898.23,4,5.8,2504.53,1
46,42324.23,23467.22,0.6875,29848.89,24,0,82.43,4.1,8,1137.83,0,7.0,4950.78,1
25,46756.78,11462.2,0.7649,26177.23,24,1,73.3,3.4,3,2668.21,4,4.3,21631.37,1
54,44184.73,18601.2,0.9847,34725.95,36,0,75.51,9.4,6,2435.4,0,6.5,5922.8,0
66,42265.39,13686.76,0.7648,21870.32,36,0,61.06,1.1,5,1071.32,0,5.2,3181.44,1
69,58476.47,18004.97,0.3546,28191.49,60,0,81.94,0.6,6,3154.11,2,33.3,3616.82,1
50,101153.76,13285.38,0.6116,20427.54,24,1,86.25,3.3,3,4275.0,2,12.0,10074.12,1
39,40126.0,18149.08,0.3402,14103.46,12,1,73.38,6.8,3,1678.69,3,7.9,13402.71,1
67,48637.15,14940.89,0.9607,30657.55,36,2,65.25,1.2,5,1487.29,2,14.2,418.37,0
64,53966.04,21510.72,0.8921,7695.16,60,0,88.15,1.3,4,1702.97,0,31.6,6890.91,1
22,41252.91,8450.52,0.5663,19636.93,36,0,65.16,1.9,3,1417.61,1,2.7,5462.83,1
56,76964.72,840.87,0.7756,14314.34,60,0,92.67,8.3,2,3350.92,0,17.2,4900.53,1
35,12000.0,7213.14,0.9015,28420.94,24,0,81.84,6.9,1,493.11,1,8.7,5251.99,1
55,44378.82,23551.35,0.2487,10533.19,36,0,69.5,1.6,8,1518.11,2,10.1,12298.83,1
54,71366.27,13763.53,0.5779,15911.67,36,0,95.95,1.5,3,3701.61,4,7.2,30802.3475,1
47,54915.35,15736.5,0.4821,20439.14,12,0,65.67,11.8,4,1803.64,4,9.6,30802.3475,1
68,38583.22,6570.91,0.7662,34877.23,24,0,84.05,4.8,1,1217.79,2,32.2,12256.25,1
48,63815.14,15524.43,0.3815,14674.84,60,0,84.7,1.3,6,2475.0,4,21.7,2774.6,1
27,73126.86,6817.5,0.7048,15991.08,12,1,61.49,0.8,6,3548.84,1,3.5,69.16,1
32,59212.71,7993.75,0.4049,6517.98,60,0,84.39,0.3,4,2119.14,4,10.2,14993.18,1
59,38975.59,11780.13,0.1189,10170.05,36,0,87.77,1.4,2,1388.28,1,12.5,6555.49,1
65,64124.07,18560.78,0.115,24129.81,48,0,96.41,6.4,8,1850.6,2,17.2,3282.82,1
61,46959.01,19414.78,0.1267,20320.69,36,0,88.36,2.3,1,1333.07,2,13.9,5460.73,1
35,69903.74,19632.36,0.0419,20481.03,24,0,79.38,16.8,4,2430.21,4,4.6,13708.05,1
40,84665.18,2295.33,0.5323,37412.15,60,1,94.13,2.0,9,4147.44,0,8.4,478.47,1
50,12000.0,14946.68,0.6685,3277.22,12,0,74.15,0.8,4,515.14,3,10.8,7123.41,1
33,57221.35,13425.75,0.1342,43178.22,36,0,94.22,1.0,3,3004.01,4,3.8,4773.06,1
55,20285.32,2742.54,0.6096,31782.75,60,0,93.76,3.4,4,992.82,2,17.4,2317.86,1
52,103835.77,15127.87,0.5958,16742.07,12,1,84.15,13.9,1,4803.07,2,19.0,22484.27,1
51,45637.51,12996.58,0.1542,23912.33,36,0,73.78,11.5,9,1358.1,2,20.4,12797.01,1
45,69927.46,19092.21,0.406,13171.55,48,0,83.65,1.0,8,3880.91,3,17.6,14037.59,1
19,54293.66,15649.98,0.75,23192.33,48,1,96.24,3.4,8,1411.12,3,0.5,11547.65,1
47,38938.31,10605.44,0.0264,41498.43,36,1,85.46,7.0,4,2216.29,0,10.3,3683.65,1
30,36558.94,22406.1,0.154,13537.12,24,0,93.6,0.9,4,1893.13,3,3.4,294.93,1
58,86713.58,0.0,0.9859,17679.94,48,0,73.79,1.8,1,2897.06,2,15.8,9105.17,1
33,74118.76,14485.88,0.7289,12432.34,60,0,71.69,0.4,8,4287.77,4,4.7,4016.95,1
22,93871.68,893.99,0.4648,14038.86,24,1,70.23,0.4,9,3749.62,3,1.9,3228.43,1
45,56109.07,7702.45,0.6272,15973.06,24,0,79.65,2.9,8,2907.56,2,2.9,11333.3,1
56,60758.39,19198.51,0.8393,9051.14,36,1,77.28,3.3,7,3406.83,4,16.4,4380.69,1
62,49656.17,4806.42,0.8355,17363.88,60,1,94.17,0.2,2,2065.11,3,27.2,30802.3475,1
37,49258.36,3610.26,0.3282,20542.32,60,1,64.5,16.9,9,2249.52,3,5.6,23627.24,1
41,34162.26,34055.56,0.4915,15968.5,12,0,82.16,3.3,3,1599.62,1,16.3,459.27,1
44,56680.2,4125.69,0.6353,2000.0,48,0,76.14,7.8,6,2519.35,3,5.9,1101.15,1
47,39215.07,28204.17,0.0805,18456.82,48,1,97.5,5.0,1,1223.06,3,18.9,8044.52,1
62,63838.18,13622.38,0.9369,19527.28,24,1,91.54,4.8,6,2217.14,0,27.2,276.3,1
44,58400.2,10801.37,0.4341,38975.42,24,0,77.33,1.8,9,1668.78,2,9.8,5899.77,1
43,60753.64,19534.29,0.3734,20268.19,36,0,85.62,10.9,1,2401.14,1,2.5,5185.75,1
24,88502.6,25692.75,0.899,29355.86,60,0,89.82,1.8,5,2759.13,3,1.0,10627.44,1
59,54245.64,5831.46,0.1259,15743.0,48,2,62.85,15.1,5,1672.94,2,19.9,5806.15,1
64,70134.54,10918.0,0.0485,32981.74,12,1,86.95,0.2,5,2023.17,3,34.5,1626.16,1
55,96030.19,21774.96,0.6813,10554.57,48,0,65.58,0.6,7,3755.49,0,15.2,1972.91,1
22,81132.34,17303.95,0.3873,25049.89,48,0,67.56,6.5,2,2278.71,0,2.5,4816.02,1
40,78063.39,23815.34,0.7592,28403.65,48,0,78.45,4.7,1,3849.9,2,4.6,2840.61,1
45,48866.24,19120.9,0.0772,26936.06,24,0,99.18,6.3,5,2687.82,4,17.8,18399.5,1
51,59592.86,29465.79,0.3861,41641.5,60,0,98.09,5.1,5,2112.12,3,9.4,30802.3475,1
32,28634.47,16428.71,0.2406,14156.35,60,1,96.09,3.7,8,1517.07,4,2.6,15547.94,1
49,64978.29,16774.49,0.7348,34137.83,48,0,61.37,0.2,3,2900.1,2,13.3,4012.57,1
43,60489.2,17573.77,0.2326,31556.45,60,0,94.11,8.3,5,2330.61,1,11.3,6250.47,1
65,55467.7,13860.09,0.4588,20494.66,36,0,91.05,3.6,5,2888.45,1,24.1,6026.27,1
48,75543.9,21784.7,0.8125,38392.61,24,0,79.95,0.6,4,3872.4,3,12.9,25224.31,1
36,30844.5,16896.33,0.9071,18534.42,24,1,73.02,1.1,4,1737.91,3,7.1,9179.99,0
26,87697.26,21305.44,0.7182,20223.17,60,0,90.22,5.4,2,4929.34625,1,4.4,12559.58,1
46,73035.29,22556.0,0.4306,19945.16,48,0,64.28,0.4,2,3523.29,0,17.0,3777.05,1
68,53587.32,18427.64,0.5705,7268.14,48,1,86.02,10.2,4,2969.73,3,19.3,461.23,1
56,52025.41,19013.73,0.6859,27615.14,48,1,86.88,7.8,7,1395.73,2,25.7,2493.18,1
21,64612.22,6917.36,0.8674,26053.98,60,1,82.15,1.8,3,2024.01,3,1.1,1594.12,1
20,85417.02,10597.17,0.8808,18953.21,48,0,95.11,10.7,6,3007.22,2,1.5,6029.29,1
46,57032.15,21747.07,0.9224,37625.35,60,1,73.19,10.8,5,2932.95,1,6.5,8160.19,0
69,57880.62,26389.05,0.8045,15627.8,12,0,79.13,9.1,2,1530.02,3,26.0,2016.22,1
28,55362.37,0.0,0.1539,2702.03,60,1,90.35,1.8,6,2782.73,0,7.4,5157.76,1
50,90640.48,10457.09,0.7427,39022.06,36,0,88.67,5.3,7,4291.86,2,8.1,7337.48,1
55,47622.34,15188.96,0.8083,30111.09,48,0,82.5,3.0,3,2584.12,0,29.2,3338.55,1
28,54409.85,7965.8,0.8703,26260.42,48,0,70.89,3.9,8,1445.86,2,6.6,5365.3,1
44,84268.71,8419.84,0.9163,16605.55,24,0,71.77,2.6,4,3852.34,4,10.0,145.8,1
50,57940.22,18799.36,0.509,23420.92,60,0,89.65,0.0,3,1641.38,0,14.2,5111.88,1
38,77741.18,27651.01,0.652,7396.22,12,1,60.23,0.1,3,2089.66,0,3.3,10044.11,1
56,36774.4,0.0,0.0194,17748.57,48,0,86.11,7.4,4,2080.91,0,15.7,6471.56,1
48,50894.15,13636.19,0.5713,10963.02,24,0,69.93,14.6,2,1649.63,0,23.8,8354.54,1
55,84688.68,18706.24,0.4737,22618.81,60,0,86.92,1.3,2,2651.11,0,29.4,14952.21,1
63,41473.21,21241.71,0.9531,29234.68,24,0,67.48,3.9,5,2246.08,1,9.7,30802.3475,0
19,51974.02,17553.02,0.8937,9523.75,12,1,75.06,1.8,7,1840.78,3,0.1,5420.16,1
44,60133.7,29091.22,0.7917,27249.13,60,0,90.15,3.2,5,3201.63,0,5.2,1880.75,1
53,35216.91,15231.25,0.0659,21997.48,48,1,90.21,0.6,9,1667.15,4,17.3,30802.3475,1
28,46723.8,25495.94,0.404,26838.52,60,0,68.39,6.5,2,1463.36,2,7.4,3360.02,1
64,57252.73,9829.06,0.6921,17577.75,48,0,75.05,3.6,8,2422.87,1,5.3,3036.97,1
35,55933.63,15463.86,0.0391,27040.15,36,0,80.1,1.8,8,2630.55,3,5.8,20331.97,1
18,80607.04,5298.28,0.2411,13041.93,48,0,83.49,5.4,7,3957.34,1,0.0,22340.92,1
52,85829.14,22206.92,0.8798,3177.48,24,1,89.7,3.6,4,3524.58,1,16.3,4112.33,1
52,37878.3,14036.46,0.1372,5460.68,12,0,60.95,2.6,7,1395.29,4,15.3,10429.9,1
48,57225.37,17862.57,0.0603,14972.34,60,0,64.61,3.8,6,3240.63,3,4.4,11703.09,1
45,68484.97,12493.05,0.579,3874.77,36,0,66.31,15.4,7,2665.06,4,9.6,7404.58,1
56,85326.95,19691.43,0.9375,35503.73,36,0,67.63,0.4,5,4101.59,4,15.8,9097.0,1
18,69369.81,18179.47,0.8279,19171.69,36,0,61.21,12.9,3,3669.8,3,0.0,4445.27,1
42,60818.27,7042.79,0.9653,29192.73,24,0,96.82,0.7,8,1862.74,1,17.5,12268.36,1
60,68330.85,7505.86,0.7485,27870.68,48,0,66.49,1.2,7,2808.23,1,30.9,22144.47,1
55,68475.38,14777.85,0.4386,20064.17,36,0,62.95,19.4,8,2972.09,1,14.6,20034.73,1
37,36445.71,20276.59,0.9377,47423.698749999996,12,0,78.87,8.3,3,1603.69,4,2.2,16861.37,0
20,58855.98,29903.16,0.4281,47423.698749999996,12,0,97.65,2.2,4,1763.78,3,1.4,1692.57,1
68,84183.22,17423.93,0.3531,33918.92,60,0,98.58,2.6,1,2177.27,1,24.9,14429.65,1
19,50852.86,23060.25,0.4492,10948.11,12,0,87.06,1.8,6,2398.68,2,0.2,1801.69,1
35,57588.93,2097.19,0.8077,34329.67,48,0,67.13,1.3,7,2632.6,4,9.0,16001.26,1
61,50149.67,31103.65,0.9093,2514.68,48,0,60.15,0.3,8,2424.23,0,21.6,3899.69,0
27,12000.0,19845.49,0.3605,33967.46,36,1,73.4,0.2,9,389.22,1,3.2,1480.94,0
22,55411.8,14603.16,0.463,2000.0,48,0,65.02,3.5,9,2009.09,4,0.6,13007.93,1
26,61035.84,13682.43,0.8904,16810.43,48,1,90.2,3.8,2,2686.41,3,0.9,6253.21,1
19,44750.13,6142.4,0.0561,32091.24,36,0,98.76,7.2,6,1204.8,3,0.6,8000.52,1
51,31907.26,8429.71,0.7782,23852.0,60,1,63.35,0.5,8,1017.31,0,5.5,19670.12,0
55,37387.87,30283.49,0.4551,5214.25,48,0,75.88,3.6,9,2032.4,1,27.4,4563.86,1
48,70283.75,7087.96,0.379,21702.99,48,2,96.1,12.9,4,2118.34,0,6.1,3274.27,1
27,94450.5,6933.86,0.448,23856.24,24,0,89.13,9.6,8,2878.18,3,4.4,5070.94,1
67,82648.67,9382.24,0.4203,22047.85,60,0,94.79,3.8,7,4052.81,1,31.5,10005.72,1
29,28113.08,5414.55,0.7515,15927.2,36,0,96.92,0.7,9,1530.73,2,7.7,2544.02,1
53,72092.55,15122.45,0.9194,28550.81,24,0,76.5,0.8,9,4135.6,2,25.2,15842.13,1
38,41736.75,23711.28,0.4916,31449.12,24,0,87.75,3.2,1,2206.92,2,9.8,21444.95,1
66,43354.66,10116.06,0.8261,18458.1,60,0,88.37,4.8,7,2113.32,0,12.8,24162.69,1
64,45760.49,4013.41,0.7273,35196.55,48,1,85.23,19.2,7,2495.84,1,11.1,9572.48,1
23,69121.34,17334.89,0.3341,18437.39,36,0,73.03,8.9,4,2882.82,2,2.1,27858.55,1
65,74185.07,14553.81,0.5856,15101.86,60,1,93.29,2.7,2,2575.16,0,25.4,1460.23,1
66,53039.38,23021.8,0.6635,33569.1,24,1,90.76,2.2,2,2599.23,1,33.8,8210.68,1
20,53378.59,11363.93,0.033,33204.23,12,0,77.81,0.1,5,2058.2,3,0.9,5932.36,1
27,64285.27,12918.75,0.398,13798.91,36,1,76.84,0.0,1,2413.43,2,5.3,30802.3475,1
22,66359.89,13803.76,0.9828,12347.49,12,0,60.43,3.2,6,2600.85,2,2.3,946.57,1
63,78524.51,15712.03,0.6345,37643.85,48,0,93.74,0.4,8,3599.24,0,8.2,5112.25,1
43,29312.56,11859.51,0.3376,18973.38,60,0,71.36,0.9,3,1614.43,0,16.8,1787.95,1
38,55400.55,10562.85,0.255,20032.86,48,0,78.83,19.7,8,3143.1,2,8.0,4376.69,1
62,33639.51,196.98,0.2153,17477.53,60,2,76.45,6.3,7,1574.66,3,6.2,20469.86,1
43,53981.15,10476.9,0.4036,33216.11,24,0,87.13,3.0,7,1414.24,0,12.5,2553.69,1
55,50476.49,20721.79,0.1994,41441.71,48,0,75.6,9.8,6,1947.47,0,27.2,6815.0,1
61,54065.01,21801.96,0.1425,20699.87,12,0,67.19,1.0,5,1585.59,2,27.2,2288.91,1
43,39005.14,11231.1,0.3668,44177.22,24,0,94.74,2.5,3,1700.92,0,4.6,30802.3475,1
25,25254.2,25395.89,0.6049,14454.92,60,0,67.34,1.7,8,964.28,2,4.6,796.43,0
22,13111.25,14770.37,0.1535,17171.98,24,0,61.14,27.0,6,650.12,2,0.5,18908.94,1
32,52376.4,4297.23,0.0535,26730.88,12,0,67.85,11.6,3,2358.92,1,7.0,26907.67,1
33,46379.98,1780.93,0.0439,11830.09,36,0,78.21,3.7,3,1442.21,0,2.7,15040.42,1
18,41481.25,24746.06,0.272,26602.12,60,1,76.93,2.8,6,1249.32,2,0.0,4613.23,1
33,81450.97,12015.97,0.1963,14815.05,36,0,91.85,31.4,7,2308.13,0,3.1,5062.53,1
54,37811.24,5287.48,0.5385,4558.74,24,0,67.8,1.2,5,1881.21,4,26.1,305.54,1
20,83336.68,0.0,0.4566,2574.97,48,1,91.02,2.6,4,3006.12,4,1.1,2170.36,1
69,87476.87,11834.27,0.3283,16762.1,60,0,63.85,6.2,1,3470.85,4,20.8,26629.77,1
64,15981.99,18238.01,0.8269,24176.12,24,0,78.95,6.1,7,627.48,1,33.8,13010.76,0
48,56847.63,9418.47,0.5048,6388.1,60,0,94.61,4.3,4,2669.91,1,6.6,7997.76,1
30,47006.07,6574.04,0.0997,21785.91,12,0,76.52,15.2,6,1247.38,4,8.6,30802.3475,1
33,12000.0,10604.99,0.2998,21814.22,24,0,98.53,1.4,4,441.95,3,2.7,14306.0,1
60,26107.17,24945.54,0.9639,18323.58,48,0,85.24,4.2,3,736.95,0,26.9,9517.54,0
38,70498.72,3856.15,0.9674,10737.53,60,1,90.27,8.3,4,1876.43,1,4.0,7297.69,1
19,95383.99,9866.39,0.2596,22402.37,48,0,80.39,1.3,7,2644.32,2,0.2,6264.38,1
44,73053.56,24686.06,0.1739,18576.64,48,0,77.19,10.2,1,2852.34,0,18.3,19373.29,1
55,61472.65,18953.41,0.4958,29817.43,12,2,63.39,5.1,3,2958.95,2,15.3,6588.82,0
43,54573.35,16433.02,0.4818,7071.93,36,2,64.8,2.4,3,2206.62,3,7.0,5724.57,1
55,88653.26,9812.43,0.4119,21139.65,24,2,82.87,5.2,7,2939.32,1,20.8,2625.62,1
63,97964.78,15244.04,0.5288,7281.57,36,1,84.55,13.2,5,4575.65,2,31.6,10150.14,1
42,43263.15,10697.37,0.2376,17629.26,36,1,99.39,22.2,1,1372.99,4,9.4,312.66,1
28,15000.27,8124.91,0.1226,9049.2,12,0,94.31,1.7,4,564.32,1,3.0,2931.89,1
25,13036.25,6359.54,0.5691,10827.21,48,2,93.78,12.0,6,739.57,2,2.1,7455.04,1
25,81437.62,21272.76,0.9239,19961.54,48,0,71.46,0.2,5,4287.32,1,4.0,3704.55,1
50,54058.83,14516.75,0.145,14343.74,24,0,76.47,0.0,9,2997.63,2,19.0,7214.83,1
24,58664.84,17516.11,0.7007,34666.95,12,1,64.09,4.6,7,1776.01,4,4.4,2699.56,0
55,19186.98,16213.39,0.4391,31791.65,60,2,83.26,3.3,9,876.7,4,4.2,19583.59,0
38,39936.22,18527.35,0.2981,28047.52,48,0,62.78,3.2,9,1411.0,2,3.9,1182.98,1
25,49090.38,12962.25,0.846,27849.55,24,0,77.87,1.3,6,2563.24,2,3.6,2491.85,1
68,59156.77,11146.74,0.4574,21302.64,60,0,82.65,4.5,5,2375.16,1,15.3,6219.88,1
38,47028.16,8477.76,0.5816,33047.96,36,0,69.13,0.1,9,2330.14,2,8.3,5774.82,1
37,34253.48,3688.25,0.4442,17059.57,12,0,91.02,2.8,1,1212.26,4,14.2,11137.72,1
25,39308.66,6023.73,0.0896,41193.72,60,1,86.99,2.3,1,1072.6,2,1.2,12267.79,1
63,79166.47,12076.66,0.593,10578.09,48,0,65.91,1.1,6,3964.09,1,24.9,10688.69,1
48,59895.69,2175.68,0.4205,8711.74,24,1,99.35,3.6,8,2699.5,1,19.9,10163.4,1
67,67243.14,3941.71,0.095,6050.26,24,0,81.68,5.9,3,3623.51,2,9.0,5969.82,1
46,37022.52,23337.12,0.5939,7791.33,12,0,61.06,8.4,8,1068.25,3,15.5,5914.36,1
65,12000.0,16793.44,0.0197,3706.44,36,0,74.0,3.1,1,687.86,0,32.1,929.45,1
26,44537.91,11385.31,0.2143,22140.97,48,0,99.17,1.4,8,2468.91,4,2.0,26.13,1
32,37668.59,33172.6,0.7754,28538.22,36,0,96.09,1.2,1,1761.05,1,2.7,19272.5,1
47,61980.25,1814.0,0.0472,20341.37,12,0,66.05,4.3,1,2635.24,1,4.2,104.71,1
43,108025.5475,22804.89,0.6437,6147.09,12,2,94.2,2.5,3,4623.94,3,15.3,23725.77,1
27,68903.32,14108.27,0.9407,15303.21,36,2,84.74,1.9,7,1939.47,3,3.5,2345.76,1
46,108025.5475,21280.38,0.1778,28414.86,60,0,60.87,3.7,6,4929.34625,1,12.6,8229.87,1
33,66375.39,15871.63,0.4188,16580.71,60,0,90.3,4.1,6,2091.1,2,2.5,26722.11,1
53,42402.28,22.04,0.574,12016.19,12,0,76.51,1.3,1,1564.76,2,6.3,4805.35,1
37,61958.32,15763.68,0.4514,4862.16,60,0,75.85,2.4,1,1932.59,4,10.9,16337.07,1
62,90612.77,17684.45,0.618,15772.56,60,0,75.31,6.1,3,3054.34,0,17.1,8640.22,1
54,91591.25,0.0,0.406,12974.37,24,0,83.86,2.5,2,3488.23,3,24.8,5627.8,1
39,43493.25,30552.39,0.1555,19136.27,36,0,88.57,2.9,1,2097.53,1,13.7,1752.8,1
24,60063.67,17489.66,0.0973,24763.79,24,1,85.91,5.1,2,3125.56,4,3.9,1867.22,1
40,26414.66,20375.9,0.7396,17175.29,24,0,69.67,1.1,9,711.66,4,15.5,3729.56,0
58,71493.37,5675.76,0.2439,21848.07,12,0,88.27,10.1,7,3730.33,0,27.7,22575.67,1
57,86067.09,20524.94,0.8405,24720.05,12,2,65.42,2.1,5,4427.04,3,18.7,2041.4,0
46,55795.99,23716.04,0.7382,7701.91,12,0,98.85,5.8,9,1645.82,2,8.4,15323.77,1
33,41652.32,17028.55,0.0585,38860.41,24,0,78.94,1.8,4,1422.31,2,7.4,1158.49,1
55,62202.62,14925.03,0.2072,12585.72,48,2,63.65,5.2,9,1729.51,3,9.8,16775.4,1
45,63349.18,7851.3,0.2962,25165.56,24,1,83.06,1.6,2,2606.51,4,6.3,718.6,1
65,56622.88,13270.34,0.5926,8640.16,24,0,83.08,6.9,2,3243.97,4,21.4,2518.45,1
55,58574.3,10903.76,0.8036,21101.43,24,0,61.55,0.6,9,3175.73,4,19.8,2623.24,1
48,51523.7,19575.97,0.0691,21467.32,60,0,60.43,1.8,6,2789.18,1,12.5,17364.64,1
31,74919.1,8200.99,0.2546,36590.99,60,0,99.84,4.2,6,2190.75,2,8.6,8849.61,1
50,69724.55,19517.21,0.3787,17673.81,12,1,75.6,5.0,4,3837.85,1,16.3,10156.98,1
26,35337.94,8288.12,0.1897,32994.7,24,0,69.82,0.7,6,907.17,0,6.3,17108.86,1
44,34788.19,12901.18,0.5444,22904.58,24,1,81.91,1.9,9,1753.73,2,5.7,14371.8,1
41,49912.51,19928.36,0.4784,38521.07,12,1,60.33,0.5,2,1746.15,3,7.3,170.35,0
30,69736.74,9369.63,0.3202,2199.01,36,0,60.52,9.0,2,2909.83,4,1.8,3802.59,1
43,57961.15,20204.29,0.5165,24821.69,48,0,64.51,20.6,1,2866.74,0,11.2,3353.72,1
46,42136.99,19423.95,0.3587,2000.0,48,0,92.1,1.7,8,1962.51,3,3.8,16067.05,1
68,60230.37,12832.39,0.3463,19419.31,36,0,69.93,3.3,7,2178.24,1,27.8,97.69,1
66,48383.79,24294.27,0.2701,30209.92,12,0,80.14,3.5,5,2528.1,1,13.2,176.85,1
60,72609.73,15622.27,0.5396,34456.17,36,0,68.94,0.9,6,3393.58,4,26.4,2227.66,1
45,61661.17,23818.21,0.4452,27386.25,48,0,81.79,5.5,2,3275.69,3,3.5,2643.01,1
45,48694.44,29347.72,0.2024,17094.38,36,1,80.35,3.6,8,1812.02,2,9.1,1814.04,1
25,59630.38,13069.59,0.0227,25451.29,24,0,76.03,3.6,6,1724.09,4,5.3,896.76,1
40,81300.96,20159.64,0.1579,45163.76,60,1,77.33,0.3,5,3040.46,2,3.3,10808.38,1
46,43607.4,9899.46,0.052,20753.79,24,0,86.14,0.4,9,1808.99,0,20.0,1718.68,1
22,63053.14,6737.48,0.433,29610.36,48,0,93.69,16.7,1,1878.96,4,1.3,10110.2,1
59,53590.79,13436.32,0.2306,15706.48,60,0,72.78,14.0,1,2343.12,3,5.2,6135.33,1
24,63539.67,4099.2,0.422,30704.28,60,0,81.29,0.1,1,2989.24,2,4.4,19639.42,1
59,41908.7,7499.14,0.3329,29060.56,36,0,94.17,3.9,6,1051.32,4,16.4,3135.24,1
53,57206.71,19731.46,0.5373,13894.86,24,0,66.72,0.3,9,2488.46,2,14.1,30802.3475,1
58,77156.47,10890.81,0.7194,27773.06,36,0,99.18,7.9,8,2257.96,0,23.3,8099.1,1
44,36259.86,20684.11,0.4797,28247.84,48,0,90.03,0.3,6,1078.84,0,11.1,30802.3475,1
63,28411.9,17395.3,0.0707,27399.43,60,1,74.64,4.0,9,1067.2,0,29.0,10490.49,1
19,29170.89,29809.23,0.0272,19588.54,36,1,75.01,4.8,1,819.56,3,0.5,2723.29,1
42,31586.75,19194.7,0.219,32290.92,60,0,68.21,0.5,6,1392.03,0,7.7,3573.69,1
26,66906.47,23913.74,0.4265,10650.75,24,0,70.72,4.5,4,3316.69,0,4.4,1724.1,1
44,26882.81,18215.08,0.054,20097.48,48,0,83.48,14.2,8,964.58,4,4.2,5563.59,1
18,49042.09,17491.15,0.3312,21114.03,24,1,60.15,0.5,2,2754.58,1,0.0,3988.84,1
40,67365.79,24317.86,0.8793,31713.73,36,0,60.93,5.8,7,3280.29,4,7.4,2880.71,1
27,54915.35,20350.38,0.0982,10335.25,36,0,99.46,1.6,2,3671.21,3,3.4,2238.77,1
59,47288.82,16680.51,0.9395,22410.95,12,1,69.42,1.6,4,2138.69,3,23.5,18093.38,0
69,58818.47,16645.24,0.8495,15076.67,24,0,93.18,3.9,9,2373.97,0,10.9,18266.49,1
42,57142.91,19305.83,0.8251,21094.53,48,0,84.5,13.1,8,2883.79,3,3.0,7810.36,1
20,50515.18,9629.01,0.8564,23922.93,60,0,77.84,1.3,9,1927.35,2,1.4,9325.66,1
23,50783.31,9289.6,0.0884,7215.74,12,2,89.29,25.1,2,1270.93,2,3.5,5447.09,1
23,99708.55,26403.25,0.1581,32640.6,48,2,62.0,0.5,5,3200.78,2,3.7,9836.88,1
19,71186.22,29915.31,0.1417,24278.31,24,0,90.24,14.1,4,2268.05,4,0.6,15502.95,1
35,104613.02,7568.94,0.119,11414.04,60,0,94.28,0.1,8,4320.87,1,12.2,6730.55,1
40,45060.74,9648.04,0.3312,16588.21,48,0,71.21,0.9,2,2195.4,1,7.2,15672.05,1
19,53300.67,24140.18,0.8236,34941.96,12,0,72.06,18.7,3,2321.91,1,0.2,22305.19,1
29,28357.48,19268.16,0.2569,24158.51,60,0,64.12,1.5,4,806.46,4,6.5,30802.3475,1
39,38808.66,20411.42,0.2493,10351.2,24,1,94.24,0.0,7,1307.24,4,7.3,30802.3475,1
54,93038.26,22172.81,0.6724,12164.95,60,0,92.32,10.8,2,2749.63,2,10.5,2858.66,1
37,44559.31,13074.14,0.105,26247.92,24,0,77.01,12.3,8,1232.12,0,9.8,9442.06,1
56,93385.63,17639.76,0.3631,27447.95,36,0,75.11,6.8,6,2822.42,4,7.7,4414.18,1
41,30132.75,17017.54,0.2995,23628.65,36,0,77.1,14.0,7,1275.44,3,11.8,12034.97,1
65,33930.62,8132.07,0.8404,17085.37,24,2,76.81,1.5,4,1703.04,0,33.4,2229.07,0
37,48175.38,17520.73,0.5142,28096.84,48,0,77.18,5.2,1,1841.88,3,11.1,3242.24,1
18,53725.0,24901.69,0.6435,16881.09,12,0,65.83,6.8,2,1702.71,3,0.0,30802.3475,1
18,73461.75,12326.93,0.1365,11453.09,36,0,60.54,18.2,6,2890.25,3,0.0,9340.35,1
34,64015.41,16220.55,0.9203,35866.15,48,0,90.5,11.4,1,2304.42,1,5.2,2233.48,1
18,46673.69,16653.67,0.326,24887.96,60,0,73.75,0.3,7,1236.34,0,0.0,4998.94,1
69,52333.68,12722.68,0.7027,12152.09,36,0,79.64,2.1,8,2917.66,4,38.5,4429.32,1
62,48618.74,20415.21,0.9455,21342.55,48,0,72.3,4.8,8,1232.67,1,19.0,2641.21,1
47,36706.93,9559.47,0.5085,20272.94,12,0,75.27,9.7,2,968.09,4,20.8,611.13,1
58,37240.74,25661.16,0.5074,16500.83,60,1,62.99,1.6,4,1303.95,4,4.6,30802.3475,0
64,75557.68,20009.64,0.1249,22335.5,36,0,74.81,0.0,9,3845.35,0,10.7,4638.97,1
20,18436.7,7505.85,0.3925,10714.72,36,1,78.52,1.0,6,761.35,1,0.3,7892.04,1
63,87347.17,28584.08,0.8454,28736.4,12,0,93.31,2.8,7,3672.24,2,21.3,5178.2,1
28,48140.12,16344.81,0.1424,19938.39,24,0,72.89,0.3,5,2193.71,3,3.3,12356.17,1
41,39549.83,9216.42,0.9092,3905.46,36,1,63.54,0.2,9,1041.7,2,15.9,13727.51,0
39,69795.19,23836.44,0.664,17718.48,24,0,90.37,2.6,4,3975.54,3,12.1,23019.54,1
61,84704.33,18957.37,0.4225,13841.34,12,0,75.03,5.2,7,3669.13,3,22.9,3856.9,1
62,77352.65,824.32,0.5456,2000.0,12,0,96.61,6.2,8,4057.59,2,8.3,30802.3475,1
43,65037.04,10794.72,0.1575,18441.86,48,0,98.36,3.8,6,2556.12,4,7.4,15938.15,1
30,76737.27,17232.78,0.2231,30367.78,36,1,94.87,2.9,1,3033.25,1,7.3,2113.12,1
18,20670.05,0.0,0.2907,18921.85,60,0,69.07,0.1,6,632.75,3,0.0,6980.72,1
41,44563.39,15680.56,0.3871,27081.44,60,0,70.15,1.5,7,1648.9,1,13.6,4167.33,1
27,36776.6,16263.83,0.9072,20084.95,12,0,91.76,5.5,4,1146.1,0,6.6,7183.98,1
52,79492.77,5532.06,0.3702,15436.29,60,0,77.84,3.0,1,4405.8,1,24.1,3716.38,1
41,47330.44,17165.16,0.5234,12683.99,60,1,71.91,1.5,7,1701.46,0,2.8,2782.25,1
45,71908.13,15059.71,0.1688,7172.05,60,2,71.76,1.3,3,2755.32,3,19.3,13547.21,1
53,65717.14,5469.65,0.7313,29257.65,48,0,83.1,0.1,6,1936.85,4,10.6,7261.16,1
33,37753.86,22356.48,0.5591,27307.49,48,0,95.8,8.7,6,2192.49,4,6.1,7980.32,1
57,43260.84,21702.83,0.4411,17217.08,12,0,84.76,10.5,3,1905.55,4,18.4,5526.38,1
33,80876.35,12682.1,0.9382,2000.0,60,0,84.81,2.3,2,3570.7,0,5.8,24276.27,1
34,39490.35,13411.35,0.8828,24720.84,12,0,89.88,6.0,5,1178.81,1,8.6,483.19,1
68,57497.35,20810.11,0.6563,10952.23,12,0,90.41,0.3,3,2739.27,3,34.2,15317.72,1
32,39349.17,13394.69,0.9134,21438.82,12,0,96.38,11.0,3,1877.09,4,8.2,16427.89,1
33,48720.96,0.0,0.5635,4587.53,48,0,66.48,11.9,8,2686.43,3,4.0,4971.93,1
32,54076.76,18895.49,0.8204,20919.99,48,0,99.39,0.9,4,1863.25,3,10.4,710.08,1
51,39342.67,8493.93,0.4113,18686.83,36,0,73.15,7.6,5,2124.2,3,19.3,15277.38,1
28,35791.06,11881.26,0.095,2000.0,60,0,71.26,3.2,8,1424.1,0,2.0,5991.39,1
18,60725.47,26662.96,0.9843,36179.59,24,1,80.39,5.7,1,1973.92,1,0.0,9658.01,0
32,38105.25,13928.17,0.1723,16743.06,48,1,70.57,3.2,7,1791.88,4,1.7,16309.75,1
43,38786.85,15013.88,0.2565,17407.28,24,1,69.32,0.4,5,1011.87,1,13.4,1822.5,1
68,36218.94,19077.34,0.1698,25346.77,60,1,98.67,9.2,2,1941.37,4,37.4,4553.11,1
21,53441.84,19042.67,0.3407,19493.32,60,1,64.16,0.4,2,1452.52,0,1.5,11790.93,1
60,73874.03,7646.42,0.2935,23639.8,48,1,99.6,2.2,8,2828.67,2,13.2,4194.06,1
22,85130.57,14517.61,0.5991,8556.17,24,0,84.9,21.3,4,2534.99,0,3.2,4612.14,1
52,40481.64,15289.22,0.9865,18578.18,12,0,98.34,2.8,2,1647.0,1,22.6,13575.25,1
30,98006.22,17176.22,0.0615,2000.0,12,0,95.9,8.6,8,4929.34625,4,3.3,13684.14,1
27,34905.9,17313.78,0.7729,17623.53,48,0,85.94,0.9,6,1038.62,1,1.4,9179.13,1
28,76670.97,35699.53,0.1354,34450.68,24,0,83.59,8.9,9,2191.54,1,7.8,5304.37,1
35,40566.07,5593.12,0.0294,4940.13,48,1,99.71,3.1,5,1281.76,0,2.1,4914.24,1
51,37581.53,22840.73,0.6358,16492.52,12,0,80.61,3.6,1,2115.18,1,18.9,3465.62,1
56,40104.88,24467.01,0.8658,2000.0,60,1,67.15,17.3,3,1378.49,0,30.0,785.24,0
58,53951.05,18942.27,0.1828,20079.47,48,1,99.72,10.9,5,2440.42,1,10.9,467.71,1
59,66599.44,9797.48,0.3448,24661.75,12,0,72.94,2.1,5,2305.65,2,30.7,25512.24,1
67,68397.36,28317.34,0.1754,23834.76,60,0,63.5,14.9,7,3350.56,3,19.3,1366.38,1
40,36120.3,0.0,0.8984,13981.32,48,1,88.68,0.5,5,1662.93,2,5.8,9483.44,1
24,35206.81,9533.87,0.275,2000.0,48,0,77.84,0.1,9,2006.35,4,0.9,3183.91,1
56,36667.23,24373.46,0.4458,7584.41,12,0,75.52,3.8,8,1318.61,0,19.8,10108.8,1
20,52772.91,12039.11,0.8868,32564.76,12,1,85.26,7.3,5,1869.16,3,1.2,11924.74,1
29,50796.89,27771.72,0.5518,28789.79,60,0,62.11,1.2,6,2589.24,1,6.1,15360.92,1
24,35996.49,2905.56,0.9242,19086.61,36,0,87.93,0.4,7,1089.72,0,3.1,955.7,1
66,60392.07,6103.18,0.9179,21622.93,60,1,80.14,9.3,7,2975.54,4,25.7,1090.13,1
43,100251.38,10746.89,0.4624,9723.81,48,0,79.61,21.5,9,4929.34625,2,11.5,16450.7,1
50,44905.69,18339.19,0.5807,32906.33,48,0,96.0,5.9,3,2407.52,1,8.0,27099.31,1
54,46329.76,13223.84,0.2357,12808.5,48,0,93.25,18.5,5,2223.57,4,18.9,2985.99,1
65,66193.23,11076.81,0.9807,24372.76,12,0,81.26,8.9,7,2023.37,0,33.9,3678.51,1
32,43823.67,26363.17,0.2828,6720.99,48,0,83.13,1.5,6,1586.35,4,1.6,25026.77,1
19,68379.29,27107.56,0.7776,18217.93,48,0,92.28,0.6,4,1836.81,3,0.8,15697.98,1
58,40629.15,11684.96,0.3167,32484.37,60,0,76.45,8.3,4,2035.23,3,31.2,2716.41,1
24,91642.39,1321.86,0.3168,10530.67,12,0,86.85,5.4,5,4402.33,1,1.7,8736.05,1
49,61895.5,0.0,0.1118,27493.57,60,0,81.63,8.4,3,2609.65,4,12.3,3773.19,1
21,42599.54,16914.32,0.5587,9192.34,36,0,79.99,6.3,5,2454.7,1,1.5,5841.99,1
37,43226.17,20247.64,0.2499,10980.89,60,0,99.39,3.5,2,1541.45,0,13.1,12186.47,1
67,44724.0,15503.98,0.1554,19910.25,60,0,60.7,14.1,8,2445.57,4,7.0,2864.87,1
53,82454.99,14432.74,0.2321,29716.4,36,0,76.59,7.0,1,2560.93,0,9.1,772.94,1
49,29624.98,8563.66,0.2561,17018.14,60,0,97.21,0.0,2,1683.75,0,17.4,30802.3475,1
45,41641.17,20239.84,0.504,26185.75,48,1,97.13,6.1,8,1441.91,4,3.9,5569.29,1
30,54915.35,28425.48,0.3882,31441.35,48,1,89.91,3.9,5,2270.4,0,8.7,13100.71,1
18,54686.24,0.0,0.084,12288.51,24,0,83.68,0.7,2,1571.83,3,0.0,30802.3475,1
52,49577.81,14379.99,0.5353,4748.34,12,0,87.63,3.4,7,1915.65,1,5.7,389.5,1
65,25175.44,7237.21,0.782,16444.85,48,0,70.12,3.7,2,1439.96,1,18.4,5866.3,1
47,47003.55,3076.27,0.5728,32730.89,12,0,79.54,3.2,3,1662.74,1,13.3,195.25,1
53,53008.99,5960.19,0.965,11873.43,60,0,81.44,2.8,3,2704.41,1,19.4,10493.12,1
42,42438.04,18037.38,0.1072,30149.5,24,0,62.55,5.0,8,1746.24,3,11.5,1817.35,1
33,54915.35,18239.7,0.8147,17374.99,48,1,94.65,5.4,2,3105.29,4,1.5,28181.96,1
36,73388.17,26682.3,0.5056,37562.12,60,0,78.27,6.0,7,3298.91,4,3.4,20788.12,1
18,53432.27,15070.25,0.5212,42454.22,24,0,95.96,7.2,9,2351.43,0,0.0,10600.8,1
22,59610.83,934.23,0.5187,30314.63,60,0,75.6,9.0,5,2450.75,0,2.6,1757.12,1
68,12000.0,13094.64,0.3288,3533.97,12,0,76.35,4.3,1,376.24,3,5.6,4228.79,1
39,46577.94,3908.97,0.3281,2000.0,60,0,69.77,0.4,5,1183.46,2,2.3,30802.3475,1
41,75096.43,5345.63,0.6292,20611.77,60,0,85.77,2.3,3,3573.0,4,16.0,3793.92,1
60,54915.35,19644.47,0.0539,29066.5,60,0,81.94,0.0,7,2258.28,0,14.8,30802.3475,1
62,40254.77,16553.45,0.587,25010.1,24,0,96.52,4.5,1,2044.75,3,16.9,17328.13,1
69,100553.78,19700.52,0.7201,12764.07,60,1,77.17,18.5,7,4929.34625,4,38.8,7587.0,1
54,91381.54,12140.06,0.3592,5140.14,24,1,85.92,8.8,8,2779.7,3,26.2,19035.16,1
53,64351.5,21324.24,0.223,29297.91,24,0,88.3,3.3,3,3518.92,4,13.1,30802.3475,1
53,77778.21,11692.78,0.2191,38585.98,36,0,72.79,6.2,9,2555.96,3,23.1,3414.71,1
21,12000.0,23933.46,0.0902,13299.44,60,1,95.23,6.8,8,516.87,1,1.3,1241.82,1
53,39248.97,17757.11,0.0979,28252.13,48,0,75.23,4.5,9,1320.54,2,14.0,862.66,1
69,45600.84,13344.03,0.1734,46029.34,24,1,85.49,10.8,1,1351.14,2,5.8,9413.7,1
35,50280.4,16696.74,0.0288,18102.8,60,0,84.63,1.9,8,1343.19,4,11.1,3935.86,1
67,45201.12,14857.11,0.2709,18305.14,48,2,76.86,5.6,9,1647.76,3,32.6,4852.61,1
33,12000.0,27768.85,0.3103,25597.32,12,0,67.33,0.3,3,688.53,4,9.5,1690.35,0
58,62720.49,16963.5,0.9853,17156.49,48,0,83.7,0.7,6,2555.97,3,31.0,895.52,1
35,65873.08,14987.1,0.9819,33392.33,24,0,75.02,13.9,4,1729.33,1,2.3,3851.07,1
39,87037.98,13092.07,0.1933,15959.93,24,0,75.16,3.9,4,4133.3,4,16.3,1920.05,1
19,39233.81,21745.47,0.2188,19689.51,24,0,79.72,7.0,6,1244.76,3,0.7,693.14,1
38,37596.74,20663.31,0.4921,5575.56,36,0,87.09,10.2,5,1013.12,3,3.6,398.62,1
53,12000.0,12809.27,0.1558,17644.16,48,0,89.18,13.6,8,617.03,2,4.5,609.48,1
61,49128.66,5754.87,0.504,9924.2,60,1,77.08,0.5,7,1958.96,0,4.9,12739.43,1
56,73022.24,7784.25,0.4014,23460.64,60,0,64.8,6.1,8,4204.11,0,6.9,9435.81,1
64,42764.64,13526.7,0.3281,3357.68,24,0,91.67,5.0,3,2088.0,0,31.0,11796.08,1
56,97868.9,25791.42,0.8162,29798.88,48,0,86.78,4.6,5,3388.17,1,13.7,16935.04,1
46,49868.1,12998.59,0.8216,11288.27,12,0,92.03,0.8,5,2878.03,3,15.0,9722.89,1
43,57939.85,10247.01,0.9781,37841.29,48,0,72.64,7.4,2,3130.32,0,9.4,6525.07,1
38,27737.94,914.25,0.2286,33707.57,60,1,96.36,1.9,5,985.67,4,10.0,16988.54,1
34,60744.41,27108.33,0.8805,25356.45,24,0,70.51,1.3,6,2106.88,1,4.7,9837.36,1
33,15413.6,19552.23,0.5371,4620.1,48,0,71.59,6.1,7,643.48,4,10.9,12048.27,1
48,68873.96,21368.08,0.5896,13721.11,36,1,81.46,1.2,5,2965.65,1,16.0,5673.09,1
68,69488.56,22693.5,0.8884,11037.11,24,0,99.89,3.5,9,3077.52,4,21.3,5980.96,1
26,82185.83,13682.16,0.9338,12288.74,36,0,68.09,1.9,5,2650.57,0,2.4,5931.62,1
48,34600.63,15676.73,0.7223,35767.86,24,0,93.54,8.7,2,928.07,1,9.2,3368.5,1
31,54915.35,26908.82,0.3509,18473.56,60,0,60.09,15.4,8,2506.04,3,7.6,9623.14,1
66,66276.33,16436.65,0.4899,13421.36,12,0,69.5,8.7,7,2996.54,1,18.6,5799.02,1
54,63845.63,19700.2,0.6128,12520.91,48,0,73.85,2.5,8,3634.82,0,17.8,485.09,1
19,37694.01,21964.41,0.8221,14681.62,48,2,85.94,0.9,8,1625.46,2,0.8,12029.83,0
69,12000.0,20143.45,0.6548,25326.19,24,0,64.55,6.0,5,362.53,3,16.4,6995.0,0
65,61939.21,13974.65,0.3681,3729.1,12,0,65.15,11.7,2,2182.89,0,18.2,2100.6,1
63,51950.01,14728.93,0.4195,20981.79,12,0,65.85,2.6,5,1388.74,1,14.6,587.47,1
31,43666.59,21221.12,0.0594,24235.47,60,0,86.5,0.2,3,1114.07,0,2.1,2126.94,1
50,70278.91,21208.02,0.9158,2646.35,36,0,64.59,0.7,9,2876.65,1,24.3,7145.89,1
52,54101.61,24345.86,0.0964,5824.73,48,0,75.93,2.4,5,2546.37,1,21.3,673.11,1
56,28616.1,19408.78,0.5783,19522.93,24,1,66.27,3.5,7,1622.92,3,20.1,9567.84,0
64,16370.95,19772.84,0.8642,34409.83,12,1,75.28,1.7,4,755.0,1,5.4,3171.72,0
68,32420.73,11430.13,0.4224,32027.28,48,2,88.56,3.3,6,1006.19,2,34.2,30802.3475,1
37,102860.25,10350.8,0.7941,13915.3,48,1,71.11,15.9,4,4929.34625,0,2.9,15573.09,1
19,69455.54,21245.05,0.7977,34092.88,48,0,84.71,0.4,6,3773.6,0,0.2,1179.02,1
68,58772.25,10406.52,0.0686,16803.73,12,1,69.94,8.1,4,2267.85,1,8.1,12506.4,1
58,51366.78,14834.39,0.4139,16717.93,60,0,89.5,3.0,2,2178.79,1,8.1,17806.27,1
36,50052.14,26032.19,0.6872,20940.16,48,0,91.08,5.3,9,2084.44,3,9.8,20209.39,1
54,78343.92,24764.56,0.4239,28394.65,12,0,72.42,17.4,8,3108.54,3,5.6,7909.5,1
35,45188.09,17414.31,0.5443,13910.02,12,1,60.95,3.1,4,1626.42,1,9.3,19840.01,1
33,66538.41,12630.88,0.5926,16019.51,24,0,65.16,0.5,6,3852.2,4,9.7,14416.23,1
21,48031.44,14012.97,0.1582,7518.32,60,0,79.64,8.8,6,2654.89,1,1.3,8352.0,1
29,93803.13,21941.28,0.4137,23510.27,60,1,75.28,1.5,3,3387.63,2,6.0,5484.38,1
46,69845.77,14708.01,0.0379,29333.39,60,0,73.82,11.8,5,3176.19,0,9.7,20.93,1
24,79911.14,10533.74,0.1566,29946.25,12,1,83.17,0.4,4,2225.34,4,3.7,9538.42,1
31,43311.8,24726.2,0.512,6334.2,12,0,66.46,1.3,7,2158.86,4,10.3,2809.49,1
29,76162.72,16452.8,0.5721,16171.04,60,0,78.27,17.2,5,4046.03,4,3.7,2582.04,1
52,48748.45,10381.95,0.1533,32454.68,12,0,68.14,10.6,6,1977.27,0,17.9,1538.19,1
22,57200.7,18831.52,0.7505,22321.69,60,0,99.24,1.2,2,1574.83,3,3.1,11502.48,1
34,87700.95,22769.75,0.3755,20341.05,24,0,61.94,7.5,5,3894.94,4,2.0,11359.44,1
59,34144.5,6938.62,0.9122,20105.33,36,1,60.63,0.5,9,916.08,2,12.1,5400.33,0
49,59064.95,13396.37,0.3899,25414.59,36,0,82.57,0.9,8,3083.08,1,6.6,6319.4,1
27,63760.11,13026.53,0.1568,22859.16,36,1,62.51,1.0,3,2837.37,4,4.7,14291.16,1
60,65400.09,18618.3,0.7528,14246.14,36,0,92.44,0.2,4,3533.51,0,9.4,1667.88,1
34,45984.31,20056.07,0.5664,28810.6,24,0,92.78,3.3,4,1730.45,0,5.1,2611.92,1
22,96725.28,10588.21,0.389,7971.15,12,0,77.29,2.5,7,3224.68,2,1.6,28542.23,1
62,29101.36,3057.99,0.3588,33221.24,24,0,93.53,4.5,7,1638.11,4,6.1,30802.3475,1
59,84177.71,23254.39,0.1578,11040.46,48,0,89.62,5.8,8,4632.0,3,12.6,7181.18,1
26,79301.31,6040.44,0.344,25478.9,12,1,65.42,4.5,1,2157.06,0,2.1,6205.39,1
66,93017.78,17169.47,0.0388,18352.37,60,0,94.38,1.6,3,4929.34625,0,19.2,859.57,1
50,23235.46,13944.15,0.5024,15236.22,48,0,94.97,0.4,9,1299.65,2,25.6,11135.92,1
53,37623.37,16299.55,0.8888,33575.71,48,0,72.91,6.6,4,1508.94,4,27.9,6317.46,0
53,84838.86,28209.87,0.7894,27429.06,24,0,91.0,1.8,6,4645.52,2,8.0,7730.63,1
35,17459.22,36696.87,0.038,19410.49,48,0,95.89,1.4,5,696.79,3,10.2,26881.03,1
26,22870.82,1932.5,0.8736,37451.71,24,0,89.83,5.9,3,615.39,0,5.8,25323.01,1
46,45233.84,22871.25,0.4533,29797.49,48,1,63.76,2.9,9,1954.67,1,13.0,24956.41,0
67,58839.88,13750.02,0.1971,11945.23,24,0,63.79,1.1,2,3306.84,1,30.3,1036.05,1
31,86844.5,23382.84,0.7474,2000.0,12,0,99.3,7.3,5,3717.24,1,5.1,4841.17,1
42,51294.68,22658.1,0.3264,21068.6,48,0,81.65,8.2,1,1520.09,2,12.5,10905.36,1
32,42835.22,26277.96,0.2583,33834.98,24,0,85.78,21.1,2,1698.57,3,5.9,1485.62,1
23,61227.8,17279.72,0.1681,26106.51,36,0,96.49,3.2,5,1747.52,1,1.6,28189.32,1
59,64391.93,7883.39,0.4869,35739.64,36,0,60.3,0.2,9,2866.05,0,8.3,8580.95,1
46,63824.8,22421.2,0.1015,14016.87,48,0,77.07,3.6,9,2924.64,4,8.5,9078.67,1
32,51440.28,15943.98,0.7799,18827.76,24,1,82.66,0.1,2,2424.77,2,10.0,1356.39,1
46,15898.28,13129.25,0.4713,19070.58,12,0,60.09,14.7,7,425.49,3,20.5,177.49,1
21,36647.68,11190.21,0.448,22412.21,48,0,84.98,1.0,9,1952.29,3,2.1,10307.71,1
35,83405.42,23050.68,0.0118,27674.43,12,1,94.04,13.0,8,4633.89,1,5.2,2413.28,1
67,58741.38,27826.96,0.8115,36323.7,24,1,62.2,15.0,6,2030.05,1,35.6,17104.8,0
66,48549.56,5437.18,0.493,38426.94,36,2,92.17,7.5,7,2481.01,0,10.2,511.06,1
61,77363.37,19975.62,0.4411,36665.71,24,0,99.1,0.5,5,3180.6,3,30.1,1885.43,1
56,32397.67,12020.9,0.7562,26690.81,12,0,96.81,4.1,5,1383.53,4,11.1,15140.26,1
33,50493.04,3261.82,0.0716,16577.78,36,0,81.48,2.2,7,1671.01,3,8.4,145.43,1
28,57755.17,16181.65,0.3693,22258.98,48,0,94.42,8.6,2,3166.4,2,6.3,2763.35,1
31,46172.45,8334.9,0.5742,26552.33,36,2,90.83,1.8,3,2629.3,2,2.0,12914.66,1
20,57015.26,2377.97,0.4614,21350.68,48,1,92.71,3.0,8,2669.53,3,0.6,11897.23,1
68,51246.12,8746.08,0.188,10862.06,48,0,75.92,4.3,1,1540.27,1,27.0,2281.76,1
67,27013.14,6777.81,0.3033,15376.28,36,0,79.02,0.2,2,1156.62,1,25.5,15693.93,1
59,58629.56,9826.51,0.3042,28680.42,36,0,69.56,4.7,5,2056.85,1,29.6,5439.58,1
55,28432.96,4392.93,0.9821,17534.99,12,0,62.06,2.1,9,1138.14,1,20.5,12039.48,1
62,58312.3,11838.88,0.3297,20241.73,36,1,83.89,3.8,1,2768.94,1,10.7,6243.99,1
59,82482.72,9294.01,0.2111,19215.79,60,1,72.38,0.7,2,2256.46,0,26.5,96.03,1
35,49379.54,18004.91,0.8162,11078.01,36,1,80.11,2.0,6,1569.12,4,13.1,49.88,1
37,31570.34,19748.31,0.4227,18287.29,12,0,98.51,4.4,3,1578.39,3,10.6,30802.3475,1
65,52460.24,17081.19,0.445,15421.83,60,0,62.53,4.2,9,1378.25,2,20.0,2268.74,1
42,38360.58,13116.44,0.5479,13081.93,60,0,94.94,0.9,3,1728.61,2,16.0,19480.83,1
55,66890.18,12900.58,0.5938,9416.91,24,0,63.47,2.7,4,2268.17,4,15.5,2590.86,1
30,52040.23,8303.4,0.5887,18993.97,60,0,86.14,3.7,9,2866.52,3,2.5,6015.1,1
21,89195.27,8496.04,0.0438,26181.7,48,2,73.73,0.4,7,4706.84,0,0.5,30802.3475,1
31,78259.79,20628.83,0.8125,31205.8,12,0,64.01,4.6,5,4354.73,2,4.9,1440.1,1
50,51938.39,922.38,0.201,6058.52,24,0,90.28,1.3,8,1460.97,2,19.1,8067.11,1
45,69312.18,14354.2,0.2965,36064.04,36,0,87.94,12.6,6,4031.01,0,15.8,4485.7,1
69,47135.27,12411.77,0.18,22929.45,60,0,85.61,1.6,6,1403.84,4,24.1,8445.02,1
54,55679.14,19793.06,0.7617,8729.71,24,0,98.6,7.7,4,3006.91,2,14.6,7434.24,1
25,47771.32,3599.9,0.582,15963.02,48,0,60.95,4.4,5,1792.97,3,3.9,1395.71,1
61,70329.12,15099.85,0.7502,2000.0,24,0,77.39,5.8,6,3997.28,3,33.2,8384.61,1
51,83659.77,17743.87,0.6503,3782.42,48,0,82.51,11.6,4,2094.4,2,10.0,4497.7,1
61,70972.96,0.0,0.1121,37214.25,24,0,74.31,9.4,1,3404.74,1,21.2,2978.01,1
22,73438.73,6405.38,0.3055,13006.99,24,0,86.78,0.7,6,4273.3,0,2.8,1505.41,1
22,73460.67,14265.68,0.5071,25368.92,36,0,95.97,13.6,3,3535.58,3,1.1,10992.62,1
48,66025.12,19113.18,0.3088,18888.09,36,0,87.88,0.7,3,3205.62,0,8.4,12676.14,1
62,32214.28,16459.99,0.2132,20178.1,36,0,82.77,1.9,7,1521.85,4,31.6,17006.91,1
26,89019.43,19483.63,0.8624,23680.27,24,0,89.51,3.7,8,4929.34625,2,6.2,17038.31,1
59,91088.22,6365.02,0.7428,2000.0,60,0,64.39,13.5,7,4456.05,2,23.8,30802.3475,1
49,50322.41,2290.0,0.3483,33185.42,24,0,85.2,4.9,1,2091.63,1,17.1,2757.17,1
50,47586.04,15676.05,0.7597,19012.9,36,1,76.29,10.4,8,1582.66,2,15.0,8342.75,1
20,67248.23,5165.17,0.625,14957.2,24,0,72.75,14.2,2,3422.93,1,1.3,8461.61,1
47,66016.26,8077.42,0.0137,24680.06,60,0,80.28,6.9,7,2004.75,2,22.5,7681.37,1
67,50961.08,22458.23,0.3827,12788.81,48,0,92.19,3.3,3,1379.57,1,18.0,4362.02,1
29,29999.49,16512.8,0.2947,22082.12,12,0,76.5,2.5,6,1513.09,4,3.3,1962.48,1
46,61114.02,10454.84,0.2236,18346.01,36,0,88.1,1.6,4,2279.22,3,21.9,8571.23,1
20,66028.73,9415.75,0.2566,27110.1,24,0,83.56,3.5,6,2117.69,0,0.9,1614.31,1
43,69516.42,19967.37,0.9335,17860.54,60,0,96.65,0.2,6,3515.09,4,5.5,120.56,1
47,61985.86,16695.77,0.4866,9699.8,36,0,77.79,1.3,3,3342.35,4,20.8,10822.11,1
26,49577.7,5283.55,0.8408,23623.42,36,0,92.8,2.2,1,1413.78,3,1.4,5782.66,1
43,74880.04,0.0,0.2199,17293.85,48,0,93.68,9.6,3,2907.71,3,11.6,30802.3475,1
19,56316.97,30054.41,0.1809,2000.0,12,0,78.57,2.4,4,1452.52,2,0.6,4187.32,1
20,45701.54,5220.17,0.881,21976.56,24,0,79.54,1.4,5,2403.37,4,1.4,30802.3475,1
63,51386.93,19221.57,0.4958,14625.56,24,0,73.34,7.6,3,1298.74,1,7.1,90.55,1
21,20080.62,27085.54,0.8872,23457.57,36,0,79.82,14.3,2,763.41,0,1.7,604.51,0
42,51355.16,16180.78,0.0718,11449.47,60,0,69.97,7.5,7,2829.23,1,16.0,10885.13,1
68,68768.73,10196.51,0.9081,7936.16,36,0,94.33,0.7,8,3056.47,1,26.8,10077.82,1
30,61795.66,3591.61,0.4171,31801.24,48,1,70.0,1.9,8,3198.62,2,3.4,7816.52,1
56,85413.28,3479.92,0.1623,28431.48,12,0,70.3,4.6,5,2519.59,2,21.9,2142.94,1
61,49740.5,18013.56,0.6797,19934.2,48,0,95.83,1.1,5,1433.67,4,31.6,997.54,1
52,64746.26,26607.81,0.791,24377.67,60,1,81.29,5.1,8,2383.51,1,25.5,617.35,1
40,70854.8,11836.33,0.0564,28104.15,24,0,64.21,1.3,8,3361.15,1,13.2,14889.76,1
26,101857.14,10554.24,0.9775,19898.1,60,0,73.83,3.9,7,3100.95,2,2.1,21195.83,1
19,57895.31,20579.85,0.6931,7914.94,48,0,88.22,6.1,3,1573.88,4,0.3,17191.33,1
58,34116.26,9512.42,0.325,22994.69,24,0,76.23,7.7,4,1962.63,4,14.2,1624.5,1
61,71958.58,17195.86,0.1583,30022.22,12,0,76.93,8.1,8,2496.44,0,10.0,15133.1,1
48,92314.55,15334.41,0.3947,25931.81,36,0,79.95,3.4,2,4229.25,3,7.9,30802.3475,1
61,48549.03,11724.26,0.2262,20593.04,12,1,68.9,0.7,3,2281.07,2,11.0,9530.04,1
64,71821.63,14875.69,0.4943,25652.91,36,0,76.96,22.7,6,1888.06,2,7.9,4838.96,1
19,79574.56,29105.22,0.7763,17767.55,12,1,68.61,7.4,2,3490.41,1,0.5,985.89,1
49,75341.31,19836.26,0.6569,30441.75,24,0,74.03,0.5,3,2386.57,3,9.1,3602.34,1
35,57511.17,23740.01,0.4372,33471.81,24,0,81.29,6.0,9,1610.08,1,13.5,8818.78,1
30,41030.52,7650.45,0.1266,7038.17,24,1,87.75,3.2,3,1568.61,2,4.7,5417.46,1
63,53374.41,23767.49,0.948,31159.34,36,0,85.36,2.8,7,2744.94,3,24.5,7196.96,1
22,64172.01,20112.16,0.275,42372.84,24,0,83.02,5.6,6,3677.17,2,3.1,11510.51,1
59,73164.45,3003.23,0.2823,25255.88,60,0,83.82,0.9,2,3036.45,0,26.9,5654.55,1
61,61678.9,19318.33,0.6426,29837.57,36,1,80.44,37.3,2,3366.61,2,28.8,2155.71,1
27,47401.84,10893.81,0.7651,13529.03,24,1,84.58,3.9,2,2678.5,4,6.8,805.69,1
60,54915.35,2633.57,0.9745,14962.93,24,0,75.02,4.5,2,2628.74,0,29.1,5424.91,1
42,72201.7,16038.21,0.9598,17904.9,12,2,95.98,2.8,8,2154.89,0,17.4,21231.79,1
51,62592.2,19312.34,0.9055,15975.51,60,0,83.62,4.7,8,2211.81,3,24.4,11373.0,1
54,38276.26,16212.86,0.4366,6881.76,60,0,97.46,5.5,4,1451.36,3,16.0,2677.82,1
47,51371.88,14126.89,0.1733,18273.39,36,0,76.18,2.1,3,2062.63,3,6.1,6934.57,1
24,73956.42,12355.32,0.5828,28363.83,60,0,75.78,3.1,8,3438.15,4,4.1,2451.67,1
23,27339.64,34732.7,0.0269,7014.76,24,0,98.6,1.5,9,1271.48,3,3.4,1483.55,1
20,13136.44,5539.44,0.2023,21791.32,36,0,89.16,7.4,3,566.29,0,1.0,15117.35,1
30,85161.66,21983.38,0.0125,21484.51,48,1,80.75,6.7,6,2777.14,3,7.8,5567.18,1
20,65228.31,15123.38,0.1869,16986.84,12,0,88.74,8.3,4,2420.98,3,1.5,575.12,1
43,67134.6,8164.27,0.4753,24965.25,12,0,75.87,6.1,3,2603.57,3,11.8,17034.7,1
41,33463.66,14612.81,0.3955,24026.59,48,1,90.35,0.1,9,1576.95,4,10.8,27519.6,1
23,69750.56,3856.54,0.3719,16275.67,36,1,68.38,1.1,9,2072.67,0,3.7,4200.53,1
60,60504.97,10236.08,0.8243,30608.91,48,0,98.04,2.5,9,1999.97,1,20.2,6844.38,1
66,23313.45,14624.53,0.6715,25606.1,60,0,78.43,1.3,5,803.43,0,32.3,14218.53,1
59,83485.67,2591.06,0.9277,35734.75,24,1,63.72,3.8,7,3529.69,1,27.9,374.9,1
29,58173.67,19051.06,0.4464,19335.71,48,0,93.8,11.4,5,2923.22,2,3.6,24865.96,1
66,47078.32,7289.91,0.2768,16782.35,48,0,95.77,6.7,2,2501.97,3,38.3,30802.3475,1
53,47440.21,3386.23,0.1302,17915.34,60,0,89.2,1.5,2,2359.91,0,24.1,7036.77,1
19,14695.56,6356.66,0.6686,31783.17,36,0,85.19,2.5,6,733.88,2,0.6,7631.6,1
28,66866.73,32407.63,0.8349,18513.03,24,0,97.14,0.3,8,2208.5,3,3.7,7317.77,1
56,60237.14,0.0,0.1901,19123.56,24,0,84.88,0.0,8,3282.54,2,8.2,17384.24,1
51,51118.4,18488.98,0.8712,39609.73,12,0,91.66,2.8,8,1367.53,1,11.2,7439.97,1
43,80569.7,8986.91,0.5258,6555.21,24,0,78.85,6.5,1,3465.14,2,4.1,10623.66,1
35,27322.82,12198.97,0.1512,23568.2,24,1,89.09,9.9,2,763.61,2,12.0,10510.29,1
38,43064.55,19831.45,0.64,19385.44,24,0,99.96,2.8,5,1939.16,1,12.7,7567.08,1
53,37999.83,19438.55,0.5197,17493.91,24,0,75.3,1.0,6,1009.9,2,9.4,26006.09,1
57,49424.1,9554.43,0.0376,10466.37,60,1,88.8,1.5,9,2291.47,3,9.4,19159.14,1
69,56349.4,4137.41,0.4013,13360.81,12,0,65.96,2.9,1,1472.0,3,14.0,739.14,1
63,63600.27,19977.13,0.7791,15919.09,48,0,85.4,5.2,2,1940.05,2,17.6,5250.51,1
61,48060.53,19419.02,0.5543,24957.41,12,0,72.92,3.9,6,2408.44,4,19.0,8806.75,1
39,37452.89,12720.24,0.2864,28524.41,36,0,94.66,9.2,9,1314.29,2,3.3,15369.09,1
47,88720.14,18535.56,0.9201,2211.91,48,0,74.39,0.1,6,4832.66,3,4.5,4451.77,1
67,103232.8,11433.36,0.243,7984.35,12,0,77.81,24.2,2,2918.49,2,16.9,9547.32,1
60,57865.73,8383.7,0.2577,25478.89,12,0,99.21,13.2,3,2470.0,2,22.7,5744.38,1
47,39864.39,15031.7,0.3575,26322.59,12,0,68.61,0.8,4,2226.82,3,16.8,1322.52,1
25,84509.08,19152.26,0.8866,5363.4,12,0,82.59,0.2,8,3276.54,2,4.0,30802.3475,1
51,26064.86,17474.0,0.5075,28742.89,12,0,94.55,4.8,9,936.41,0,15.4,11360.62,1
64,48304.53,19073.3,0.6785,19860.29,12,0,72.59,6.4,3,2762.99,2,35.4,3489.54,1
26,41077.66,8915.37,0.9667,27470.72,60,0,60.61,3.2,6,1607.79,4,5.0,10678.16,0
68,31809.29,27655.05,0.7776,11482.63,60,0,95.85,1.6,4,1536.22,1,22.0,3197.91,1
37,49399.52,12260.95,0.1791,6099.76,48,0,84.79,5.1,7,2749.81,3,8.1,12714.29,1
57,37716.56,14048.67,0.7826,16913.46,24,0,69.22,5.1,7,956.46,1,18.6,2690.47,1
42,55253.09,4450.75,0.7434,17357.24,12,0,71.05,0.8,2,2429.95,1,8.1,30802.3475,1
36,55543.54,13449.16,0.238,16798.22,24,1,91.98,8.0,9,2709.5,3,13.1,7878.17,1
22,42573.37,19257.9,0.3288,16098.03,60,0,85.68,6.9,7,1658.93,1,1.9,16339.87,1
28,47589.73,21100.08,0.7059,36928.89,36,0,89.3,0.4,6,2257.24,0,5.5,12251.66,1
32,50383.02,27495.53,0.2436,3001.93,12,0,83.09,3.1,9,2613.9,4,3.5,20273.49,1
25,71196.92,19161.88,0.214,11551.26,48,0,91.6,2.5,2,2528.88,3,2.0,18062.19,1
36,52031.41,17215.31,0.6994,15814.16,24,0,92.84,3.1,7,1861.21,2,13.5,619.66,1
40,71494.03,11429.64,0.873,20239.85,48,0,75.48,3.1,4,1996.51,3,3.0,3504.51,1
44,66716.26,9706.08,0.0835,27110.14,12,0,96.04,3.7,9,3791.75,3,8.8,8157.27,1
57,66430.61,22761.99,0.447,28653.62,24,0,80.21,1.6,5,1733.69,3,17.4,17884.87,1
49,82756.92,22608.56,0.605,30765.24,24,0,66.41,3.2,1,3367.45,4,10.3,20885.44,1
43,32612.18,6383.9,0.6728,24814.54,12,1,68.74,0.5,9,1394.56,4,8.9,5103.64,1
44,45536.34,20784.77,0.9863,2699.79,36,1,89.35,1.0,4,1352.53,2,20.8,13882.26,1
36,90265.98,20203.07,0.679,3356.32,12,1,75.09,0.5,2,3731.15,0,9.1,10281.63,1
67,49853.67,6089.53,0.6178,31472.9,48,1,70.5,1.0,7,1736.13,3,22.7,24863.67,1
59,12000.0,19323.65,0.9799,30826.27,60,0,84.19,0.0,4,621.02,4,16.2,20148.99,0
46,50940.63,6603.63,0.0695,26360.21,60,1,91.29,0.2,5,2671.21,2,18.0,2831.92,1
56,57698.79,0.0,0.0829,11797.3,60,0,64.37,8.0,5,2274.83,0,23.0,4202.11,1
58,12000.0,13719.18,0.5595,16774.79,24,1,77.97,1.1,1,473.8,3,22.0,3208.83,0
50,81678.71,17062.52,0.3615,16011.36,24,0,90.86,3.7,6,2248.61,2,7.1,7295.09,1
36,40725.75,14079.43,0.1048,9752.69,12,1,96.15,2.3,8,1502.98,2,3.3,697.4,1
54,61571.26,36696.87,0.3103,22590.49,24,0,60.54,2.0,8,2371.76,2,16.0,4479.91,1
36,50480.37,18030.81,0.6709,41554.7,48,0,86.24,9.7,8,2013.54,4,11.9,25841.45,1
50,29232.97,16177.13,0.873,15043.73,12,1,83.89,3.3,2,1172.15,1,4.8,14518.59,0
64,33589.84,18436.73,0.1024,32967.74,48,0,80.71,3.6,9,942.96,3,33.5,4023.25,1
33,36298.34,11469.45,0.5393,11146.6,60,0,66.41,3.1,9,1104.79,1,10.4,5821.45,1
40,76713.44,22435.83,0.3002,4633.37,48,0,89.67,1.6,4,3027.3,0,5.4,12409.11,1
24,52049.24,17888.02,0.664,29874.96,60,0,75.71,5.7,9,1957.71,4,2.3,26950.16,1
43,44562.69,17521.37,0.5485,17811.86,24,0,69.39,3.4,3,1325.61,0,3.6,14776.39,1
49,36307.82,10007.04,0.9182,32712.49,12,0,94.0,1.7,4,1692.74,4,4.1,30802.3475,1
29,78923.0,2485.36,0.0469,34708.93,36,2,72.28,5.4,2,2282.56,3,4.3,30802.3475,1
25,84284.03,10988.91,0.4706,17215.92,48,0,67.94,0.2,7,2121.66,4,2.3,2132.31,1
22,78694.88,17261.07,0.1989,33430.16,12,0,72.48,0.1,8,3574.34,1,2.7,261.86,1
59,64848.75,11442.4,0.536,11239.45,36,1,67.24,2.3,6,1800.12,2,11.9,18188.11,1
45,60796.6,17333.82,0.8465,11082.01,12,0,91.09,1.4,5,1642.43,4,17.5,22307.7,1
22,30681.24,13141.1,0.9031,30722.74,36,0,67.28,6.0,5,854.73,3,1.3,6042.04,0
66,50083.62,18444.64,0.4003,4521.93,12,1,88.67,7.1,3,2815.28,2,23.4,668.3,1
43,41322.8,7185.41,0.8055,19984.41,60,1,66.5,0.2,5,1178.2,3,17.4,1864.47,1
22,18489.76,16543.12,0.2849,32496.53,36,0,69.05,2.9,1,979.36,1,0.9,1232.81,1
39,76140.87,9872.37,0.0162,33167.91,12,0,73.7,14.3,3,3874.53,3,7.2,1955.77,1
32,41083.4,2693.74,0.8481,15673.32,36,0,98.0,1.9,3,2179.07,1,8.5,851.04,1
30,78918.84,13678.77,0.127,30092.31,60,0,96.55,1.1,1,3565.01,2,3.0,1242.74,1
45,72634.93,27290.54,0.0273,8770.69,36,0,63.4,3.7,6,2191.42,2,4.0,12263.8,1
50,66134.36,3331.39,0.3567,13326.3,36,0,73.43,3.0,7,3352.8,2,25.1,340.28,1
60,67257.68,15955.14,0.3818,22304.1,12,0,73.85,1.2,9,2949.17,3,14.4,19948.41,1
40,42693.72,21380.62,0.0857,23777.51,48,0,68.46,1.3,6,1876.14,2,15.7,17924.64,1
50,92157.0,33400.25,0.8079,9522.73,60,0,77.42,5.8,5,4174.02,0,8.1,9644.04,1
60,55862.51,11056.54,0.4075,38622.77,12,0,89.92,1.9,3,1672.8,3,19.8,24914.36,1
35,61038.63,9944.0,0.4901,2000.0,24,1,63.97,21.4,5,2118.99,3,12.0,935.48,1
67,42018.47,5666.46,0.2693,20542.04,36,0,86.87,1.7,8,2441.97,1,7.0,2953.9,1
47,36376.69,24124.13,0.5113,21959.07,24,0,70.43,4.0,6,1968.55,4,18.2,6544.29,1
43,64545.92,8060.69,0.7614,2530.4,12,0,85.7,0.4,7,2386.55,2,4.8,1469.48,1
33,59350.27,12035.23,0.8981,33241.29,48,0,87.28,3.9,2,3435.46,1,3.9,9849.8,1
30,39212.95,208.5,0.9611,12595.24,60,0,89.13,3.1,3,1071.36,3,4.2,17915.74,1
56,26231.47,22071.77,0.4282,20984.55,12,1,94.47,2.1,8,960.8,2,11.7,18919.34,1
50,29601.54,24266.07,0.9802,23280.38,48,0,95.98,2.8,2,1287.86,2,11.6,3582.24,1
43,78922.67,21766.2,0.2991,5457.42,12,0,90.37,1.0,6,3606.69,4,14.7,1625.22,1
65,42734.92,2157.4,0.0168,9278.62,48,0,79.24,8.6,4,2215.32,4,12.7,15058.48,1
18,48221.83,19857.21,0.7623,35630.28,24,0,61.77,12.7,8,2389.65,1,0.0,4377.61,1
66,84006.81,1618.64,0.1849,19341.68,48,1,97.48,9.1,1,4026.8,3,24.8,10608.47,1
55,32556.99,15464.32,0.0614,2000.0,60,1,84.05,8.2,3,1871.33,3,10.0,824.04,1
19,40460.1,16640.62,0.9155,16980.78,24,0,81.38,4.0,4,1818.5,4,0.2,6716.85,1
66,39624.66,17481.47,0.786,19670.98,36,0,69.58,2.0,7,999.28,0,13.2,3549.25,1
23,87361.37,19277.09,0.1106,22193.71,24,1,87.37,0.9,5,3980.05,3,2.8,11332.92,1
63,94867.67,14935.73,0.7714,2000.0,24,0,99.79,8.6,2,4771.64,2,12.5,9448.8,1
67,70031.26,0.0,0.8371,19706.91,36,0,73.2,0.2,9,3893.97,4,12.2,6042.57,1
55,70667.69,19280.97,0.8972,11673.48,24,0,91.98,1.0,1,2690.88,1,28.0,26986.6,1
59,43392.9,15780.87,0.5428,22210.35,24,0,71.64,2.6,2,1159.49,1,31.6,7881.28,1
41,93946.57,7779.04,0.6993,25063.36,36,0,79.51,1.1,1,2745.74,3,8.7,140.65,1
35,60353.93,2444.82,0.757,23999.94,36,0,68.53,4.4,2,3335.44,0,10.9,7434.85,1
44,72062.21,27320.18,0.6849,34039.73,60,2,80.51,6.4,1,4084.88,0,3.9,632.35,0
58,52889.5,24850.4,0.6439,41905.7,24,1,78.37,12.0,8,1732.31,1,29.3,30802.3475,0
25,49639.35,20647.66,0.5466,8663.96,24,0,61.56,1.2,7,2358.87,0,2.4,13538.99,1
45,88260.85,9589.6,0.4796,16180.2,24,1,75.27,1.6,1,3599.07,1,17.2,75.83,1
27,65794.47,0.0,0.9862,27430.62,60,0,62.51,6.3,8,2970.33,2,5.0,6690.34,1
34,84027.51,21117.43,0.3408,18732.04,24,0,78.03,1.2,5,2241.7,2,6.1,28696.13,1
46,60106.56,17933.49,0.0965,2000.0,36,1,99.21,2.4,9,3434.11,0,4.3,16010.57,1
23,38032.67,12002.7,0.7597,18074.53,36,0,71.72,7.0,3,1548.71,3,2.7,3189.36,1
31,43333.14,23998.45,0.2195,32341.47,36,1,80.63,2.4,4,2199.34,3,2.0,11290.95,1
39,57059.3,21783.98,0.532,6052.59,36,0,65.21,0.8,4,2408.98,3,16.2,14599.35,1
23,42470.0,16408.76,0.1039,22205.05,48,0,66.16,1.6,1,2274.65,4,2.0,10464.75,1
43,32850.77,15280.47,0.6169,2000.0,36,0,74.22,0.4,3,1514.27,2,7.6,22657.05,1
56,79028.34,15407.74,0.9351,28700.3,60,0,79.59,5.6,4,2820.4,4,9.3,2667.5,1
29,44102.6,20439.52,0.7183,22415.64,48,1,88.06,0.2,4,1835.54,4,1.7,13725.46,1
52,57763.85,8140.19,0.2202,14319.16,24,0,78.27,4.3,3,2966.32,3,20.3,9255.49,1
31,60922.67,18407.86,0.9617,15820.5,36,0,60.98,15.0,8,2067.73,4,10.3,30802.3475,1
39,43236.94,7635.27,0.3109,5009.32,24,1,70.84,9.8,6,2215.16,3,8.8,11517.98,1
68,84015.99,25692.44,0.4379,30076.32,36,2,60.99,0.4,4,4085.2,3,29.7,5679.47,1
40,32657.16,19257.03,0.4982,12006.49,36,0,96.72,6.3,2,825.47,0,9.7,1234.13,1
65,60232.51,9494.17,0.9809,25002.99,48,1,61.16,5.9,8,3246.0,2,18.0,10123.92,0
24,59922.35,15644.77,0.0775,10380.9,36,1,61.98,1.8,3,2538.4,3,2.1,30802.3475,1
57,53914.91,8169.71,0.6928,41984.03,36,0,71.93,0.6,2,3014.76,4,28.3,4035.97,1
67,29061.75,27032.9,0.3647,35596.65,12,1,85.29,9.6,1,737.06,0,31.0,10710.43,0
42,72416.35,27983.01,0.0868,40737.45,60,1,74.32,4.0,7,3890.62,3,16.8,15414.85,1
30,69870.21,20569.79,0.9263,41905.29,60,0,62.46,6.0,1,3540.38,0,2.0,20815.36,1
38,41488.63,27453.25,0.5881,13654.79,24,0,93.45,3.1,2,1951.45,1,7.1,14501.91,1
58,69149.74,16214.37,0.7484,11158.69,24,0,88.01,1.3,7,3107.21,3,9.8,5356.92,1
27,62498.15,21108.1,0.2456,40261.35,48,0,75.85,1.5,3,2811.06,2,2.0,83.92,1
26,54915.35,24797.8,0.7563,18589.29,24,0,87.08,3.8,5,1556.48,0,5.7,8896.04,1
32,37921.42,14954.05,0.8219,28332.18,12,0,70.98,1.3,4,2204.42,2,10.1,8040.9,1
69,77765.63,15568.83,0.4322,13793.19,24,0,81.11,2.5,4,3142.12,0,25.5,5496.97,1
19,61188.32,22469.25,0.5705,13957.67,36,2,95.22,0.4,4,2685.03,2,0.3,10037.98,1
42,43713.94,20171.98,0.9624,28299.58,24,0,64.31,27.0,1,1357.5,4,18.8,428.26,1
30,37830.48,8956.31,0.8398,2000.0,24,0,93.88,4.8,5,1440.01,4,2.1,23978.14,1
51,44692.12,0.0,0.446,27831.75,36,0,91.54,0.8,9,1369.5,4,21.2,3634.75,1
68,46110.41,13595.78,0.6613,25244.74,12,0,97.96,0.7,4,1168.8,3,16.5,1300.16,1
51,38080.74,0.0,0.7785,14698.46,60,0,80.55,3.3,5,1870.46,1,12.6,2187.44,1
52,20164.72,7071.86,0.0338,20241.83,12,0,71.0,0.1,3,709.72,2,22.5,9102.33,1
55,77800.27,8005.7,0.5866,21808.55,12,0,74.12,2.7,9,4201.34,3,4.6,15062.46,1
20,74412.67,10450.86,0.9748,22370.28,48,1,85.59,14.5,2,3078.92,1,0.9,1700.03,1
59,29534.89,21563.51,0.9382,26901.43,48,0,65.63,8.7,2,1530.05,1,15.9,11442.41,0
23,57726.23,23301.44,0.8258,11850.18,36,0,74.07,13.3,1,2258.37,1,1.4,1638.94,1
65,36955.24,19069.93,0.1141,46977.26,48,1,89.06,0.6,2,1949.69,3,36.4,12635.95,1
66,49768.66,20060.06,0.9842,17944.06,60,0,82.95,2.3,2,2664.23,4,21.5,11702.42,1
36,48104.67,20248.96,0.6073,18693.06,36,0,62.51,4.0,6,1951.18,4,7.3,19681.99,1
20,46443.32,0.0,0.2285,39446.89,48,0,79.87,6.4,7,2605.51,0,1.2,11006.71,1
35,95058.94,15081.58,0.6708,2000.0,24,0,80.97,2.5,2,3312.04,1,10.5,693.19,1
56,46193.49,628.33,0.8494,39342.56,48,0,88.03,1.9,7,1730.56,4,10.8,18542.05,1
26,38834.72,19073.12,0.1201,20934.6,60,0,60.43,1.8,5,1587.87,3,2.5,10597.05,1
69,39748.37,0.0,0.9081,14698.24,48,0,77.14,7.8,1,1984.94,2,6.5,2365.42,1
29,75875.54,13556.49,0.9118,8803.48,36,0,95.46,2.4,4,2905.25,4,8.7,28088.51,1
22,21957.95,19382.16,0.0232,7308.98,24,0,61.01,0.1,9,610.29,2,0.4,21122.1,1
20,39747.54,6057.94,0.8923,16581.76,36,0,86.9,7.4,8,996.78,3,0.9,5516.79,1
28,83936.46,22693.73,0.9379,22779.83,24,0,68.93,0.9,2,4540.24,1,4.1,8952.89,1
47,59879.72,19052.98,0.0469,26224.97,24,1,75.5,4.9,4,2774.29,2,19.2,11080.14,1
21,58838.44,18046.6,0.2983,22660.16,60,0,95.36,0.1,6,1804.43,2,0.4,18615.44,1
22,97642.93,20584.01,0.3756,14897.92,12,0,74.5,2.4,1,4929.34625,3,1.3,4385.77,1
18,59926.96,12126.4,0.3519,33395.12,60,0,81.82,3.0,3,2941.02,1,0.0,11331.72,1
44,40836.28,16215.35,0.7538,46738.03,12,2,63.59,18.1,1,2062.6,4,20.4,12383.46,0
45,49358.46,15080.41,0.3609,34946.25,12,1,72.99,0.5,9,1973.49,4,21.5,4603.43,1
46,32291.35,14899.61,0.9474,16407.09,60,1,65.67,7.0,7,1617.84,1,6.3,5524.04,0
35,80118.74,9623.75,0.9851,25020.79,48,0,82.46,16.7,4,3621.24,1,2.6,5512.15,1
29,66491.23,5059.74,0.3205,25661.75,60,0,78.39,1.6,8,3290.41,3,4.9,5211.99,1
30,77488.28,12305.13,0.5086,36036.76,36,0,70.58,1.3,9,2811.2,4,1.5,7750.95,1
58,79259.68,11864.42,0.5566,16618.19,36,0,99.98,15.2,3,3395.01,4,17.2,461.89,1
19,46715.78,9106.15,0.5778,10350.83,36,0,66.13,3.4,2,1223.27,0,0.8,30802.3475,1
54,36104.94,21816.43,0.3767,31338.51,36,0,93.02,8.6,7,1097.95,2,24.8,3662.67,1
62,53965.74,5622.35,0.1727,24063.77,12,0,61.43,7.9,3,2889.69,0,5.8,7787.48,1
33,37544.78,13627.93,0.0635,8912.39,12,0,93.87,2.0,3,1759.66,3,1.7,3371.32,1
65,58299.14,24330.72,0.1142,27055.74,60,1,79.08,1.0,3,3066.57,0,18.5,27503.26,1
41,77641.94,22273.03,0.8933,38382.55,24,1,93.13,6.1,5,3393.16,1,4.1,30802.3475,1
52,51637.21,24730.35,0.2848,13062.4,24,0,89.89,3.5,8,2034.87,2,12.2,30802.3475,1
39,57999.9,10273.76,0.0853,11089.98,12,0,82.91,3.4,1,3025.91,2,12.4,5713.53,1
53,53123.09,21274.31,0.6211,20300.64,48,0,74.86,4.0,6,1411.58,3,11.7,9295.78,1
28,71054.55,6496.24,0.0838,26802.99,12,0,86.62,0.1,7,3402.7,3,3.6,17241.94,1
63,41644.35,12793.01,0.0787,19250.87,48,0,93.3,0.0,1,1887.1,2,7.0,1650.09,1
46,12000.0,13545.95,0.6191,31344.25,24,0,80.13,1.9,7,314.26,3,20.5,4811.94,1
52,64417.38,10393.28,0.5896,22607.07,12,0,76.59,2.0,2,2331.11,2,23.1,3663.83,1
65,74756.69,12105.49,0.0506,30116.54,60,1,65.72,6.3,1,3160.81,2,17.1,6688.12,1
32,63927.48,11052.99,0.4613,12791.75,36,1,95.85,2.0,4,1667.41,4,6.9,15973.7,1
48,42195.39,7140.85,0.4371,7722.78,24,0,70.69,2.2,2,1488.13,1,13.4,9889.6,1
59,32299.76,21851.31,0.5458,16599.66,12,1,64.94,4.0,9,823.49,2,10.3,1236.26,0
58,64889.95,13540.4,0.7331,6535.53,12,0,62.65,4.5,8,2210.22,0,10.5,2276.2,1
60,57829.58,16611.49,0.2871,24093.24,36,0,90.03,2.0,4,3329.98,2,18.9,1422.09,1
33,52484.15,16310.21,0.4341,2000.0,24,0,87.0,4.1,7,2105.72,4,5.9,2450.76,1
27,91449.27,15437.81,0.7869,15472.73,60,0,64.82,4.8,8,4929.34625,2,3.5,312.87,1
66,36064.0,15742.44,0.9141,17140.43,60,0,81.21,1.5,9,1868.32,2,32.9,21430.31,1
49,90500.74,12556.66,0.8835,9533.64,60,0,66.11,1.3,5,3053.51,4,3.6,18592.73,1
68,55635.68,26347.17,0.4781,16936.46,24,0,75.34,11.1,4,3128.09,1,38.6,8099.19,1
19,18288.59,21085.96,0.5204,20042.72,60,0,91.31,5.2,8,640.16,3,0.7,14680.43,1
41,51415.95,15147.06,0.5285,32692.33,48,0,69.11,1.9,3,1877.19,4,16.7,30802.3475,1
40,74189.92,11423.56,0.8613,9592.64,12,1,61.11,4.0,2,2604.96,3,12.2,8719.4,1
19,47698.9,14049.43,0.8331,23573.37,48,0,67.73,6.1,3,1895.66,3,0.3,9515.45,1
55,25504.43,18340.97,0.3153,25557.59,24,0,76.02,0.1,6,700.22,0,17.2,19947.01,1
48,51709.71,26999.52,0.1696,19788.31,60,0,69.67,12.6,8,2699.82,2,12.4,7553.44,1
68,37856.55,4015.62,0.3814,15019.58,60,0,88.89,6.3,3,1049.79,3,11.2,513.25,1
57,64836.29,20278.2,0.2926,8610.08,60,1,91.57,2.5,2,2655.22,3,30.6,4241.5,1
43,70468.0,24013.79,0.9418,38985.65,36,1,69.62,13.5,8,1924.9,3,7.8,12655.11,0
46,33874.59,3106.25,0.2706,20726.41,36,0,70.74,0.3,5,1586.21,0,3.6,12186.55,1
20,40883.92,13550.79,0.1876,16844.44,60,0,82.4,7.0,8,1635.64,4,0.9,30802.3475,1
31,70132.85,6483.86,0.8915,41215.5,12,0,90.1,3.4,4,1755.97,3,2.3,13526.31,1
42,37823.11,18444.24,0.0947,22222.87,36,0,98.37,5.5,6,1489.25,1,16.3,744.97,1
65,33356.84,12133.19,0.2651,45434.98,24,0,72.02,3.2,6,1238.31,0,5.8,30802.3475,1
18,31426.18,13958.89,0.4403,5836.81,60,0,96.44,0.8,1,1743.24,1,0.0,316.42,1
20,62040.77,11711.55,0.5932,17628.61,12,0,67.27,1.5,5,2789.72,4,1.3,10332.69,1
43,61183.15,20761.31,0.3311,6299.81,36,1,61.64,3.1,2,3216.57,1,4.7,2960.42,1
35,41319.08,16832.26,0.4963,18778.77,24,1,91.7,12.6,2,1232.2,2,8.4,2822.62,1
26,55101.71,16847.41,0.2049,18730.92,36,0,79.14,0.4,8,1609.64,1,4.3,8400.33,1
55,85542.65,16284.97,0.5728,15419.68,24,1,63.07,0.6,2,2660.09,1,29.5,292.77,1
40,35518.8,19579.93,0.4097,20538.89,60,1,62.84,0.8,1,2005.22,1,6.1,3292.84,0
38,15965.15,12904.23,0.8423,15907.03,12,0,60.54,5.0,8,452.04,0,6.1,2664.81,0
18,64101.51,28606.2,0.4174,18896.27,48,1,72.25,2.3,5,2635.55,4,0.0,5195.99,1
38,52791.98,5121.64,0.4449,12442.08,36,1,89.41,0.8,2,1454.03,2,2.7,455.39,1
44,40799.5,1192.65,0.5903,34428.21,12,0,86.61,0.7,8,2051.89,4,10.1,3924.13,1
59,68041.6,530.56,0.1307,8912.51,48,0,99.99,5.6,2,2573.88,1,23.0,1967.4,1
23,71784.5,0.0,0.1637,22123.64,60,2,83.76,3.1,9,3258.45,1,2.8,2314.85,1
61,12000.0,20385.36,0.7844,8073.55,24,0,64.42,10.3,1,328.66,1,27.7,17716.36,0
53,41948.04,19410.94,0.278,11650.55,60,0,99.14,2.6,3,1652.05,3,16.7,30802.3475,1
45,101350.32,24662.21,0.681,12717.35,12,1,87.72,5.3,8,2985.73,4,17.7,5774.71,1
62,66668.1,6546.89,0.1055,18682.2,12,0,74.96,7.9,9,2387.82,2,10.0,1011.31,1
34,68522.07,20963.69,0.8154,21754.22,36,0,69.88,15.4,1,2144.43,1,8.7,14968.25,1
57,78457.89,15454.59,0.9785,8932.73,48,0,68.89,10.2,3,3221.29,2,25.1,17980.65,1
69,55341.38,16332.69,0.3762,15864.94,48,0,98.25,7.5,9,3031.91,0,25.5,3471.34,1
20,70933.68,20004.98,0.5054,10088.55,36,0,76.78,2.7,2,2712.76,3,1.2,6013.9,1
29,69361.24,8949.75,0.4439,9646.9,60,0,79.47,20.3,5,3823.26,4,2.2,4375.39,1
56,65780.83,35697.99,0.8863,31335.6,48,0,93.47,1.5,2,3343.74,4,15.6,30802.3475,1
29,48559.76,25655.04,0.0197,6080.15,60,0,98.55,5.4,6,2423.0,2,7.7,18683.57,1
19,58441.18,10746.35,0.6504,20746.85,24,0,60.18,0.7,2,2982.62,1,0.3,3183.98,1
63,43232.77,6274.1,0.6493,36980.73,12,1,99.61,4.7,5,2104.97,3,32.8,11048.53,1
39,54915.35,14296.77,0.3847,32061.58,24,0,63.02,5.9,6,1755.82,2,16.6,9737.3,1
40,31630.18,16458.07,0.2249,24253.59,36,0,93.47,0.5,9,1674.66,0,4.3,6583.8,1
47,39187.52,23524.92,0.2449,19837.46,48,0,98.01,1.7,8,1470.76,2,5.9,12584.44,1
22,49353.76,5650.23,0.7945,27366.42,24,0,82.44,5.1,8,1676.75,1,1.4,17618.42,1
26,36125.89,17283.9,0.0748,23693.94,12,2,82.07,4.6,8,1906.34,2,4.0,29201.31,1
38,44899.65,2767.88,0.5625,34226.26,48,0,86.76,5.5,8,2046.29,4,12.7,6332.68,1
28,51721.48,18490.86,0.3107,18662.81,60,1,74.11,0.7,1,1729.31,1,1.5,10552.48,1
22,63045.25,14139.97,0.2699,30011.02,48,0,66.63,3.6,8,3441.63,2,2.6,13407.89,1
52,73985.15,30493.44,0.5056,16742.74,12,0,62.66,13.1,1,3178.5,2,7.3,7118.03,1
44,45724.31,2631.98,0.8899,38934.96,48,0,95.24,15.4,8,1179.57,2,4.1,17458.71,1
66,81702.09,25964.87,0.6157,18381.54,24,0,81.89,0.7,3,3477.26,4,25.1,183.24,1
19,73772.22,1369.35,0.7828,3810.65,36,0,87.76,11.2,1,4192.9,4,0.2,11947.5,1
41,65081.88,4382.32,0.5987,20777.05,24,0,73.28,4.3,9,1978.5,2,3.5,1958.18,1
48,58072.98,1583.24,0.6938,27646.02,48,0,92.28,7.0,4,2034.45,3,16.0,5096.52,1
50,61382.42,17002.82,0.4338,36286.81,60,0,74.0,0.8,3,2002.07,0,18.9,17391.29,1
56,78741.02,5610.41,0.9175,10038.49,48,0,61.19,6.7,9,2546.78,3,28.3,16341.34,1
47,79471.59,4213.35,0.5019,2555.78,12,1,73.48,0.4,2,2191.45,0,22.3,6096.2,1
63,81698.93,16622.14,0.5507,24967.13,24,1,94.01,5.0,4,3312.73,2,19.5,316.82,1
54,55826.54,18614.2,0.5245,24657.7,24,1,95.04,5.5,3,2918.68,1,19.8,4730.84,1
68,66099.34,15318.79,0.3199,5889.28,48,0,97.39,5.5,8,2181.41,4,32.2,4178.37,1
45,81870.93,13702.25,0.2366,16704.02,36,0,79.98,0.3,6,3987.51,3,20.1,2240.53,1
48,42525.68,29631.28,0.0824,17152.47,48,0,98.26,2.4,2,1875.46,4,3.5,1402.38,1
28,48631.66,16166.69,0.7138,28231.2,36,0,79.97,6.8,9,1559.89,4,2.5,3809.3,1
40,55320.73,21445.53,0.2935,15862.94,48,0,66.16,8.0,3,2433.45,4,10.3,5295.7,1
19,72991.97,16143.38,0.3914,15644.89,24,0,80.08,2.7,6,3096.25,0,0.3,12998.66,1
57,73303.44,6216.99,0.9115,21146.26,36,0,94.74,0.9,9,2384.38,1,18.0,8386.17,1
58,50382.72,19399.1,0.5651,6218.89,12,1,91.43,3.5,1,1288.01,2,23.0,8277.58,1
44,24827.81,9753.62,0.1051,39007.82,36,0,77.36,5.3,6,957.44,3,16.6,18812.77,1
52,59923.68,14272.11,0.7936,29340.68,60,0,68.5,12.7,9,2143.6,1,23.3,23173.29,1
19,36633.68,17443.22,0.261,12982.02,12,2,83.24,5.7,9,1261.21,4,0.8,5096.96,1
56,25201.28,0.0,0.5517,8823.61,48,0,97.25,8.6,2,1216.92,0,27.2,18532.56,1
54,29722.57,2123.98,0.5098,9598.41,60,0,67.1,1.5,6,1445.96,4,12.4,17171.52,1
38,61527.62,22275.67,0.2433,25867.41,12,0,93.08,9.0,2,3438.77,0,6.1,2557.94,1
22,82220.75,9690.03,0.1235,9896.19,48,1,65.89,4.7,7,2130.73,4,1.2,510.96,1
69,55777.89,10069.42,0.217,17506.73,36,0,96.78,4.0,4,3087.03,1,8.4,25491.51,1
62,59227.61,16331.51,0.1054,3091.78,48,1,87.73,1.6,9,2811.85,3,24.8,30802.3475,1
38,78657.9,11914.62,0.2801,25412.66,24,0,64.37,1.1,8,3695.59,3,2.1,9104.37,1
46,24110.9,18340.71,0.9874,25787.49,12,0,68.1,3.9,6,1400.08,0,8.5,4191.41,0
37,65403.53,14591.03,0.4041,18154.31,36,0,97.08,11.1,4,1804.63,4,12.1,10825.75,1
55,54768.2,16588.82,0.8566,21935.58,48,0,80.3,1.3,3,2835.56,2,15.9,536.26,1
37,66321.15,9385.13,0.5482,27957.41,36,0,78.14,1.6,9,2969.75,2,7.4,13934.32,1
67,45330.32,16548.76,0.6633,21666.77,36,0,62.33,14.8,6,1377.61,4,31.9,2319.66,1
42,38641.25,23840.71,0.1632,27808.53,12,0,63.36,0.1,3,1958.85,3,9.2,1009.05,1
19,57810.18,10458.01,0.2793,8320.23,36,0,87.67,3.3,4,2136.37,3,0.4,23086.28,1
49,54915.35,22322.55,0.5102,23786.94,12,1,91.08,3.8,8,2940.66,3,13.8,8171.03,1
43,72218.2,14587.52,0.8735,21934.51,36,0,94.68,5.6,4,3195.16,4,11.4,6737.17,1
23,44846.14,20875.85,0.052,32019.85,36,0,80.11,1.1,4,1834.19,4,0.9,9599.26,1
58,28180.56,16030.17,0.5068,20303.73,48,0,73.14,4.2,9,852.08,3,18.8,30802.3475,1
20,21358.65,14732.71,0.06,19026.39,60,1,85.02,0.6,3,1054.45,4,0.7,2138.46,1
50,81321.99,17797.84,0.4577,14428.67,12,0,84.76,1.6,2,2878.56,3,23.4,2367.81,1
18,35898.35,24708.78,0.6263,34912.29,24,0,61.39,0.1,7,1486.2,4,0.0,12265.15,0
68,48489.73,16888.78,0.7398,2000.0,12,0,97.55,3.0,1,1678.98,4,23.1,17491.0,1
22,81424.22,18828.25,0.1458,25111.71,36,1,85.7,1.0,3,3230.58,1,3.1,27597.66,1
30,22721.97,12052.12,0.1732,19796.18,60,0,60.26,0.5,3,757.12,4,1.3,16073.81,1
36,84845.29,27567.09,0.4707,18163.88,12,1,98.39,2.1,7,3481.0,1,10.5,7425.4,1
29,49927.19,20122.7,0.9881,16706.78,36,1,98.11,0.4,7,1515.56,4,1.3,12525.43,1
65,32028.33,15621.67,0.3589,19441.45,24,0,97.84,5.5,9,1102.6,2,33.1,7628.88,1
42,50052.98,14018.77,0.429,24785.46,48,0,95.56,1.1,2,1607.11,4,5.7,10669.58,1
68,40548.06,22823.27,0.4338,12049.61,48,1,67.39,6.2,6,1501.46,2,33.9,805.2,1
52,63816.4,10150.37,0.0891,21350.27,12,0,99.09,9.2,7,3361.49,4,25.2,10377.29,1
29,42037.35,737.0,0.7687,23507.61,12,1,90.48,6.8,2,1745.09,1,2.1,3830.96,1
47,16767.16,15579.2,0.258,10462.49,24,1,85.63,7.2,1,656.15,4,4.9,7733.55,1
22,50588.75,24520.04,0.6996,25038.72,48,0,97.71,5.2,3,2229.93,0,2.7,1449.41,1
51,27869.1,27730.47,0.4756,23589.23,36,1,75.24,2.4,5,1425.6,0,7.3,7961.57,0
39,59086.4,14141.65,0.6095,12010.35,12,0,97.25,2.1,3,2062.1,0,2.9,10937.6,1
56,31257.39,15348.7,0.0629,8119.19,60,0,84.23,4.2,2,1622.18,2,9.7,2234.61,1
30,45239.74,19156.24,0.8822,11878.87,48,0,83.17,1.4,6,1507.38,2,2.9,1032.49,1
64,58651.76,12885.2,0.249,21353.77,36,0,85.84,2.1,8,3124.06,3,26.3,4733.27,1
20,50750.83,19131.25,0.6667,19240.68,48,0,90.17,0.8,4,2678.85,1,0.9,6060.82,1
37,60008.61,14316.79,0.7921,33939.23,24,0,77.8,7.6,2,2682.11,4,12.1,10193.6,1
48,68605.74,23090.95,0.5392,16328.71,60,1,99.22,6.7,5,2530.73,0,8.0,1953.11,1
22,31841.33,20783.84,0.3406,11109.01,36,0,63.54,3.5,8,1235.72,2,1.8,6348.8,1
41,53712.05,21481.82,0.9683,26570.21,36,1,96.55,2.3,9,2798.44,4,4.0,24822.48,1
57,12000.0,13357.46,0.2829,10199.75,12,0,86.3,6.0,9,332.95,4,16.8,5375.06,1
50,59946.67,30407.42,0.9397,12091.65,24,0,96.4,0.4,4,3070.86,1,14.4,1892.55,1
25,48983.72,18871.3,0.1631,12222.55,24,0,74.75,0.2,3,1442.2,2,5.2,18425.2,1
41,35331.0,16978.35,0.3914,2000.0,36,0,93.16,6.0,1,1843.7,0,17.6,5505.32,1
67,61314.39,8912.46,0.1457,25668.67,48,0,84.64,4.0,3,3375.05,3,34.9,9950.3,1
37,78453.95,14223.43,0.0122,29399.81,36,0,93.24,6.6,9,3304.09,0,14.2,21308.13,1
33,45479.65,15915.04,0.2651,29166.87,36,1,73.0,1.6,5,2278.37,4,2.0,9737.62,1
67,36103.71,8698.58,0.0955,38854.28,36,0,96.69,0.6,5,1146.23,2,33.3,18543.71,1
69,58300.51,12661.46,0.9766,35070.31,36,2,96.97,2.8,2,2957.18,0,7.5,10519.77,0
29,54915.35,13673.6,0.7564,16660.33,36,0,78.99,2.8,5,1369.96,3,5.5,16848.09,1
30,41792.37,15447.37,0.0136,31092.4,36,1,76.01,7.1,3,1204.66,1,1.9,6099.75,1
62,79448.04,898.34,0.2292,19023.6,48,0,83.01,0.7,9,3321.03,2,28.8,30802.3475,1
59,56243.58,13917.84,0.6667,15740.3,60,1,68.01,14.6,2,2842.43,0,4.2,7822.12,1
56,54915.35,11981.23,0.4006,12444.22,60,0,79.85,0.3,1,488.96,4,14.0,11463.85,1
42,19060.17,14832.93,0.8252,17323.76,12,0,95.87,1.9,5,895.1,4,11.3,2133.05,1
63,58241.71,23282.21,0.5048,23289.72,60,1,74.61,6.1,8,3011.56,2,13.0,5313.46,1
49,72247.81,31419.16,0.6506,35811.38,48,0,89.44,6.3,1,2645.1,1,14.1,6274.13,1
41,22647.57,20427.02,0.5951,27286.45,36,0,84.92,4.2,9,854.47,2,16.4,17505.58,1
65,63994.25,5124.62,0.6354,12286.92,24,0,70.46,0.4,7,2185.32,3,24.8,14863.42,1
64,81606.87,12236.74,0.2355,9558.71,48,0,81.27,9.7,9,2548.8,0,22.4,7819.83,1
61,92757.18,19767.71,0.3758,25685.44,24,0,94.1,5.0,7,4929.34625,1,33.8,16355.1,1
26,61624.46,18866.32,0.0596,29023.74,12,0,82.2,7.1,4,2985.85,1,3.0,16663.96,1
57,54915.35,22898.61,0.5859,32274.76,48,0,87.87,2.4,8,1742.84,2,28.0,10779.88,1
67,12336.31,14221.19,0.4601,17312.49,36,1,91.02,1.4,7,689.88,4,27.1,28573.27,1
40,96995.05,12092.0,0.7555,24695.03,36,1,61.98,6.4,6,2798.33,1,14.1,19425.62,1
67,43490.2,29019.39,0.2123,28558.27,48,0,62.05,8.5,3,2426.84,0,15.6,2451.46,1
30,36330.58,15469.36,0.4381,6489.41,48,0,64.6,8.4,1,1455.38,3,6.3,4232.13,1
49,49895.88,6866.6,0.1871,22777.72,36,1,66.52,6.3,3,2055.17,0,21.5,1351.68,1
67,85233.47,26801.07,0.6117,29043.47,24,1,92.46,0.7,7,3665.2,1,26.4,5516.09,1
32,99160.92,3031.24,0.8411,25103.91,48,1,77.42,1.3,7,2788.87,3,8.0,4152.29,1
53,57508.17,0.0,0.7601,19193.53,36,2,67.41,3.5,8,2712.2,4,16.0,15331.39,1
66,74961.68,21155.09,0.9353,46099.45,60,0,81.27,3.5,1,3508.61,2,9.1,16311.11,1
22,55864.08,22285.61,0.9623,39305.19,48,0,90.53,3.4,8,2472.47,2,2.5,6106.78,1
39,34244.09,18312.1,0.7666,20093.96,12,0,65.6,8.7,5,1869.48,3,12.3,7130.26,1
33,84534.87,4580.35,0.2911,18102.73,12,0,73.78,0.7,4,3461.51,2,6.7,20823.58,1
58,42557.45,14529.04,0.2249,27002.79,48,0,67.77,7.9,6,2071.89,0,15.3,7549.15,1
27,85710.62,12774.65,0.4486,19424.71,36,0,85.85,0.1,6,3112.11,3,5.1,26838.35,1
41,80970.83,10701.69,0.984,32715.42,24,1,65.47,2.0,3,4519.88,3,13.6,18055.98,1
35,67280.73,26296.56,0.4144,7327.47,48,0,91.24,1.1,8,3772.46,1,6.3,6024.75,1
66,91579.5,6626.67,0.2051,17593.0,12,0,68.31,3.7,5,3761.15,0,15.1,27347.67,1
35,99646.92,17528.84,0.9355,26852.46,24,2,62.34,3.4,2,4929.34625,1,13.2,15331.42,1
24,51495.13,24552.38,0.3882,30037.48,60,0,96.43,3.5,3,1687.7,3,4.7,30802.3475,1
21,38824.12,18051.53,0.6871,5190.82,24,1,73.33,1.7,9,1803.39,0,1.1,2343.25,1
43,17714.6,24928.95,0.7824,10459.37,60,0,80.11,3.7,8,493.1,3,19.3,11735.16,0
22,99893.65,19509.72,0.8363,3237.41,12,0,64.04,6.1,2,4929.34625,4,2.0,25366.37,1
33,46206.36,18434.8,0.8149,11268.22,60,1,79.18,2.5,8,2266.54,2,1.6,20.3,1
52,77700.74,17934.68,0.8295,7227.86,24,0,68.9,13.2,1,4415.74,1,6.0,1023.9,1
43,40174.89,19907.55,0.6643,25391.31,12,0,93.62,0.4,1,2046.53,4,6.4,1292.58,1
35,85765.31,11915.69,0.4058,22290.05,24,2,88.55,21.8,3,2667.34,0,11.4,5210.31,1
46,40997.65,4585.01,0.6639,18461.71,48,0,86.53,7.2,5,1663.8,3,17.2,20800.93,1
40,31165.62,22632.35,0.83,20260.95,24,0,91.25,4.5,9,1342.63,2,14.9,6526.0,1
31,50829.87,24293.94,0.3536,31942.4,48,0,71.75,1.1,4,2674.44,0,6.0,847.65,1
32,44364.49,17015.83,0.3006,9577.31,48,0,78.15,4.9,8,1923.05,0,6.9,2464.82,1
66,66926.0,10613.0,0.3468,2000.0,60,1,63.46,8.1,7,2736.59,0,6.3,4302.58,1
50,53972.1,2538.26,0.5503,27105.12,48,0,62.71,1.5,3,2632.04,2,8.0,21297.3,1
42,67554.05,15686.46,0.0614,16090.36,60,1,73.16,0.2,9,3134.89,2,10.1,2240.29,1
38,49179.57,4208.4,0.7734,9815.65,48,0,92.91,2.9,6,2456.98,0,13.2,12168.98,1
34,41697.85,3088.1,0.1461,25540.11,12,0,83.91,1.8,4,1702.84,0,8.8,18916.78,1
40,43328.79,14834.15,0.1402,2000.0,60,0,76.98,1.7,4,2128.17,1,11.8,7192.9,1
60,95898.78,8889.84,0.2037,11424.12,24,0,98.68,6.5,5,4929.34625,1,30.5,9562.87,1
34,59503.42,17762.48,0.5754,2000.0,60,0,77.69,0.8,2,1847.8,2,8.3,7757.74,1
31,15324.76,13725.64,0.2899,22590.95,12,0,78.76,5.3,5,409.84,2,3.8,14329.98,1
46,44595.82,10146.92,0.3707,35736.9,48,0,99.7,0.3,8,1963.3,1,12.3,7398.15,1
37,56937.32,1360.68,0.923,14268.21,12,0,65.25,12.6,9,1724.16,2,11.4,28599.48,1
47,91907.99,8176.89,0.8403,12084.56,36,0,70.22,4.4,4,2803.36,4,19.8,20039.01,1
36,75573.97,8470.91,0.8451,37845.54,12,0,78.13,13.4,4,3582.55,0,8.5,13861.94,1
56,36565.64,5197.54,0.5761,26274.35,12,2,82.85,10.1,8,1428.45,0,25.3,4040.31,1
30,103367.12,12367.65,0.8591,43804.39,12,0,65.92,10.2,3,2696.28,4,9.5,9240.68,1
35,54376.79,5821.98,0.773,21608.03,24,0,73.15,0.6,3,2377.4,1,2.4,1377.17,1
40,79926.6,13690.06,0.9442,22266.37,24,0,68.81,6.0,1,2649.27,1,13.5,5049.29,1
63,31899.83,16923.29,0.0731,34448.3,12,0,94.0,2.6,6,1258.75,4,33.7,7798.46,1
50,12000.0,8390.64,0.0382,18513.72,36,0,93.38,3.1,2,315.61,4,14.4,4255.64,1
56,26831.37,18403.27,0.1815,22471.96,36,0,69.59,1.6,4,727.59,2,13.9,956.24,1
57,12000.0,4109.14,0.9205,2000.0,60,0,77.4,0.8,9,376.62,3,19.0,3749.62,1
35,97241.79,6102.58,0.6035,37377.04,12,1,86.07,1.8,7,4759.33,1,12.5,25577.42,1
26,59290.66,14094.26,0.4276,23908.74,60,0,61.93,4.0,8,3043.55,1,5.6,9401.51,1
50,36507.12,20496.33,0.5125,18926.24,48,0,95.34,2.6,2,1331.0,1,16.6,2186.87,1
49,64052.48,21939.2,0.823,29073.45,36,0,80.44,6.1,3,1869.44,4,23.3,15892.94,1
34,58786.68,27899.12,0.9205,8185.39,48,0,69.06,9.1,1,3304.61,1,9.7,23631.67,1
36,67418.67,11987.29,0.7251,14486.21,48,0,75.87,1.2,3,3454.51,1,6.5,8192.16,1
44,79190.63,13979.99,0.7547,25533.36,12,0,96.07,0.3,4,2415.04,2,6.9,5668.13,1
23,49201.58,6738.6,0.324,20440.26,36,1,60.99,23.5,2,1602.23,4,2.7,4464.19,1
52,37403.21,4969.87,0.4677,24466.32,60,0,65.71,10.7,7,980.55,4,21.5,1801.95,1
54,71555.5,16828.58,0.8775,22493.04,48,0,67.71,1.5,3,3937.66,2,20.4,568.78,1
51,71046.66,8793.03,0.7802,26305.43,12,0,62.4,0.9,6,3986.39,3,17.5,2441.16,1
37,57014.72,24859.03,0.6806,6791.98,24,1,69.01,15.1,2,1582.9,4,3.1,6606.84,1
42,98551.08,3300.91,0.0739,32781.45,36,1,92.69,1.3,2,2946.34,2,12.4,530.79,1
21,46243.56,18890.83,0.0487,15161.14,24,0,81.08,1.3,6,1472.56,0,0.3,30802.3475,1
27,37002.84,6954.09,0.1378,20577.32,60,0,84.22,0.6,4,1148.22,2,1.2,11879.24,1
27,63361.83,8436.41,0.5798,13992.24,60,0,66.24,1.7,2,3570.59,0,2.5,4208.68,1
41,41501.24,19312.9,0.5357,17125.95,60,0,71.13,9.2,8,1399.03,3,4.3,5589.53,1
38,64910.33,9592.96,0.9338,22290.94,36,0,96.7,4.2,7,2433.83,2,5.2,30802.3475,1
28,38339.83,10873.73,0.6909,27351.69,48,0,68.42,0.5,7,1046.3,4,7.8,4362.97,1
44,46995.15,8502.73,0.2981,29012.31,12,0,96.27,17.1,7,2159.35,4,19.6,1668.79,1
33,92816.81,29280.24,0.1683,24325.11,48,0,86.53,3.9,4,3143.42,0,2.3,5709.47,1
43,46888.25,10060.11,0.8425,14042.05,36,0,80.11,2.7,8,1555.44,2,4.0,2215.48,1
47,39022.97,15412.42,0.4604,23694.46,24,1,66.96,7.7,3,2246.58,3,14.7,8860.88,1
66,78413.58,13384.69,0.6504,22402.89,12,2,86.94,4.1,4,2061.18,1,36.6,4792.26,1
33,33979.16,16771.34,0.5638,20590.65,60,1,95.46,11.3,5,1061.4,2,9.5,3068.14,1
24,41141.14,10082.1,0.1153,25342.23,24,0,66.39,6.1,1,1732.31,2,3.5,3465.3,1
33,66531.22,13393.46,0.0659,7242.42,48,0,60.25,5.5,9,2910.21,1,5.7,30802.3475,1
52,73768.23,18151.62,0.3795,2000.0,12,0,89.6,2.1,3,3597.56,3,20.2,4733.61,1
33,79409.53,8095.94,0.3643,31899.99,60,0,84.02,22.9,1,2538.75,2,7.8,27819.86,1
57,40055.56,23714.57,0.6703,18686.26,12,0,80.12,5.3,1,1527.52,1,25.5,8026.75,1
29,54915.35,24483.84,0.6296,24159.29,48,0,78.24,2.9,1,2313.61,1,8.2,8276.07,1
52,45677.84,19851.94,0.9596,11324.34,36,0,79.9,0.8,8,2412.54,1,21.0,879.5,1
66,42886.89,15559.01,0.8509,32622.24,48,0,74.98,4.1,6,1586.53,3,12.8,30802.3475,1
38,79064.26,0.0,0.4967,23500.79,36,0,63.29,5.5,7,2664.78,2,8.7,7434.61,1
67,44008.91,18394.33,0.5,18204.82,60,0,91.03,2.3,6,2005.08,3,29.7,19076.58,1
60,60564.09,11869.36,0.6706,22857.92,48,0,78.71,0.3,1,1731.15,3,28.2,11664.66,1
53,58111.59,13029.8,0.1218,2582.99,48,0,93.0,8.0,4,3097.27,4,8.9,6677.28,1
65,33584.91,0.0,0.9899,23731.29,48,0,99.29,5.3,6,1152.0,2,23.1,11729.66,1
34,74321.86,18948.71,0.5184,34868.27,48,0,66.87,5.8,9,3899.45,4,12.1,1164.74,1
49,66205.62,3411.35,0.9017,23152.79,36,0,91.74,1.4,6,3842.96,2,17.7,597.02,1
58,15274.19,15947.4,0.958,21861.43,36,0,99.1,0.7,6,392.71,0,19.1,4388.82,1
23,60548.42,22237.26,0.58,16829.69,24,0,88.98,3.0,3,1901.16,2,2.9,2119.29,1
41,39540.53,11245.37,0.1113,30827.62,60,0,69.84,1.4,4,1972.75,2,11.4,21650.26,1
44,76941.51,24728.41,0.5719,32310.09,60,0,95.86,7.6,7,2135.97,1,7.9,3569.87,1
37,26092.0,9024.08,0.5957,15680.56,36,0,91.73,3.8,2,1040.6,2,7.3,10838.46,1
42,47870.46,19803.46,0.7834,23586.47,24,0,77.97,0.7,9,1437.0,3,16.4,24218.69,1
19,62240.49,4561.71,0.0573,22322.14,24,0,82.9,1.1,3,2530.6,3,0.5,638.75,1
26,56086.81,23249.04,0.467,24017.71,48,0,88.88,10.9,8,1425.66,1,3.2,12347.72,1
45,70259.17,22007.92,0.9143,12272.75,24,0,64.98,5.0,3,2109.05,1,4.8,105.68,1
55,24631.56,18746.86,0.9815,31427.76,60,1,97.08,2.6,2,841.54,2,6.7,19584.76,0
20,88038.29,11853.73,0.1976,25652.18,12,1,99.5,6.4,1,2781.68,3,0.4,30802.3475,1
37,65502.89,3784.0,0.8632,32024.05,36,1,73.22,8.3,2,2426.56,2,14.2,2629.79,1
23,82194.36,11874.88,0.1533,8846.56,48,0,88.6,0.6,6,2451.92,1,3.9,1757.74,1
56,72484.8,23882.46,0.8344,9434.13,24,0,76.85,9.2,5,3795.31,4,23.3,6908.02,1
50,54767.8,16039.69,0.2817,40593.95,36,0,61.11,14.6,7,2318.98,4,4.3,30249.18,1
18,29316.04,2575.7,0.9504,31471.29,36,0,98.35,0.5,1,1035.99,3,0.0,3558.76,1
54,43728.94,6002.18,0.6916,11849.12,36,0,65.69,2.0,7,1523.5,4,19.3,3821.44,1
23,86791.27,25025.21,0.4011,28681.53,60,0,63.0,0.9,2,2875.61,2,3.9,9679.53,1
62,82708.76,18903.3,0.2854,15341.86,48,0,93.49,2.8,2,3460.63,4,11.8,12550.98,1
51,42608.0,5128.0,0.2405,3012.9,12,0,61.35,1.2,7,1819.66,0,20.0,7815.92,1
64,12000.0,873.35,0.6772,2000.0,48,1,87.52,2.3,6,696.63,2,36.6,2531.1,1
32,50746.21,9999.66,0.8879,19780.11,24,1,97.2,1.4,1,2332.66,2,10.6,23297.27,1
62,49245.94,189.13,0.7498,35608.01,48,0,76.25,0.0,2,2103.49,0,15.3,7394.05,1
43,50004.55,13753.32,0.8281,35213.88,60,0,62.73,0.1,3,1313.94,3,5.0,29256.38,1
31,65570.78,34613.0,0.7758,32601.45,12,0,68.73,3.6,3,2841.45,3,2.0,6479.42,1
24,72524.25,2224.35,0.9696,28300.11,48,0,97.93,3.6,1,3009.61,2,0.9,1471.22,1
63,74805.99,13511.79,0.7526,23173.65,24,0,78.62,0.2,3,4105.93,3,7.3,4570.44,1
48,63914.18,25495.41,0.216,31519.64,48,0,81.65,6.0,2,3137.23,2,23.6,7838.18,1
41,18984.59,20992.7,0.7858,2000.0,60,0,66.24,0.1,5,778.1,2,18.2,2149.89,0
48,48176.01,13810.07,0.3256,29897.88,36,0,96.72,3.3,6,1570.7,1,5.4,5209.28,1
46,101081.8,13829.21,0.9859,8789.95,60,0,80.69,2.5,1,4929.34625,4,4.4,1124.74,1
59,62484.33,5752.72,0.3791,10872.77,60,0,81.15,10.7,3,2159.75,4,23.2,22284.02,1
49,62356.39,12858.75,0.2969,26958.52,60,0,83.04,4.3,3,2292.48,0,20.9,30802.3475,1
34,62189.72,16947.53,0.2444,29287.31,12,0,90.7,8.6,8,2990.01,2,10.1,6089.62,1
31,63307.59,23840.91,0.6553,13902.92,48,0,68.12,32.0,4,2241.93,4,1.4,22516.79,1
57,12000.0,10038.6,0.117,26461.93,24,0,97.69,1.0,5,418.74,3,15.8,1951.92,1
53,50209.51,13481.32,0.9445,25629.32,36,1,67.02,0.3,7,1995.3,3,21.1,716.92,0
65,54242.14,7406.29,0.2984,16893.53,36,0,67.9,7.4,6,2555.65,4,31.4,3964.81,1
41,80629.91,16802.6,0.2995,21538.51,12,0,60.5,5.0,4,4547.1,2,13.5,2726.73,1
62,55953.46,21270.24,0.0551,40808.84,24,0,60.79,5.0,8,1676.2,3,14.6,2687.25,1
44,22069.77,20037.18,0.2511,17184.32,36,0,77.15,1.9,7,737.55,4,7.5,15069.65,1
42,63601.78,5638.5,0.4206,17529.08,24,1,67.32,0.5,5,3679.06,0,16.3,16861.64,1
49,38923.51,16174.91,0.3722,21500.07,24,1,68.48,6.4,1,1773.79,1,14.9,8283.94,1
69,30664.29,9581.5,0.2776,18170.47,48,0,99.52,3.9,2,776.44,4,14.2,12803.49,1
35,38316.82,23088.4,0.0499,27905.02,12,0,97.17,3.5,3,2100.57,4,12.0,3332.24,1
63,65850.08,13709.5,0.3046,34692.44,60,0,72.9,6.7,1,2265.48,2,30.2,11974.44,1
35,80175.22,2843.89,0.7728,17533.31,60,0,73.73,22.4,6,3474.36,4,7.6,14049.71,1
54,64658.6,13241.58,0.44,11432.15,36,0,71.68,6.7,8,2407.95,4,24.0,28775.02,1
43,67640.46,18667.78,0.295,39749.08,36,0,95.29,13.6,2,2083.98,3,4.3,912.35,1
26,64460.91,16952.05,0.3087,21198.09,12,2,63.93,2.5,2,2905.02,1,5.9,18776.49,1
52,57026.54,10905.63,0.5533,2954.72,48,0,83.36,11.4,1,1834.28,3,26.7,1761.42,1
25,68938.61,10317.81,0.3062,38622.74,36,1,67.45,6.5,8,2247.45,0,0.8,5598.58,1
37,12000.0,7099.96,0.6282,31261.88,36,0,90.33,2.3,1,621.08,0,13.4,62.76,1
59,57221.77,11842.0,0.9797,36013.43,24,1,85.25,3.6,6,2657.24,3,25.7,30594.81,1
39,34101.5,8154.57,0.0504,34342.48,12,1,75.51,1.1,4,1896.5,4,14.7,30802.3475,1
36,78258.05,22760.69,0.1754,46449.88,60,1,63.92,0.4,2,3098.97,4,5.5,30802.3475,1
47,52056.89,7790.9,0.1855,9630.63,12,0,90.7,3.2,4,2177.75,0,22.3,937.69,1
45,55618.96,15978.28,0.4481,12043.52,60,0,63.08,25.0,8,1519.15,2,18.4,3701.69,1
52,24898.56,15434.43,0.0506,15077.36,24,0,70.95,10.2,2,921.09,0,13.2,5094.32,1
60,75336.62,22565.34,0.478,14791.54,48,0,70.15,0.1,8,2005.86,0,27.4,30802.3475,1
28,67546.56,23714.95,0.9203,21229.51,60,0,83.14,17.5,2,2476.93,0,4.0,15424.81,1
48,66138.96,20567.76,0.0213,15101.01,24,0,80.55,3.2,4,2554.55,3,9.9,10419.23,1
66,38739.54,17823.43,0.3676,8104.49,48,0,71.19,1.0,3,1191.95,2,9.7,4854.82,1
65,39527.2,6610.83,0.7557,11255.62,24,0,77.22,12.3,7,2114.82,3,35.2,30802.3475,1
56,59471.99,6449.04,0.1614,17062.47,48,0,77.45,12.9,8,2154.35,3,10.0,12436.43,1
53,41110.03,8234.47,0.086,31443.0,36,0,82.94,9.4,5,1102.77,3,16.0,7344.85,1
47,63697.86,21015.37,0.6282,14246.9,48,0,95.93,4.9,7,2421.32,0,13.6,7267.17,1
40,12000.0,15586.64,0.0198,28099.68,60,0,65.68,1.3,7,519.22,2,2.7,795.52,1
36,54915.35,21949.26,0.7957,6787.21,48,0,82.31,1.4,6,1852.25,1,11.8,4764.06,1
29,90935.07,23022.42,0.0755,2000.0,12,0,60.74,16.8,3,3981.07,2,6.4,1482.33,1
32,63789.72,9192.38,0.5239,18668.25,48,0,87.93,1.6,4,3471.3,2,4.2,13397.57,1
48,58335.87,15256.59,0.7353,13899.91,24,1,85.62,2.7,9,1515.44,3,22.6,20928.96,1
60,94704.53,14896.05,0.2472,11182.63,60,1,87.76,7.0,5,4859.11,2,33.4,26716.52,1
54,12000.0,12377.7,0.1115,10011.5,36,0,79.0,8.7,2,450.36,2,20.6,30802.3475,1
54,38693.78,10721.26,0.1821,12924.85,36,0,67.47,2.6,8,1462.6,3,22.5,2422.31,1
32,46976.54,24478.04,0.8476,10126.5,24,0,77.92,2.5,2,2098.64,1,2.0,7214.79,1
46,72167.02,15415.77,0.7017,11032.64,36,1,60.94,2.2,3,3232.06,2,11.3,13289.09,1
67,72513.13,15105.16,0.2041,6411.53,60,1,75.26,2.5,6,2068.25,3,5.7,10352.56,1
60,37679.87,8577.78,0.7118,2000.0,24,2,93.54,7.1,7,1738.15,0,25.3,30802.3475,1
43,74959.09,20401.7,0.7044,2000.0,60,0,73.54,0.3,2,2312.2,4,17.0,2937.65,1
61,46933.7,6959.14,0.9878,44610.89,36,0,83.67,8.1,9,1634.78,4,7.9,8851.83,1
19,79232.79,18639.24,0.3937,19367.53,36,0,70.44,1.2,6,3257.96,0,0.2,3159.11,1
37,34347.15,18857.83,0.8576,35245.42,12,0,65.37,0.9,8,1622.71,1,12.9,11127.52,0
32,52533.77,11699.88,0.4475,18224.09,24,0,80.84,0.6,3,2639.29,0,6.4,3429.44,1
69,45196.65,17541.22,0.8898,18557.23,48,0,61.43,1.3,7,2213.25,4,35.3,12890.58,1
21,76120.61,16485.36,0.0998,23066.71,24,0,96.18,9.0,4,3223.11,2,1.1,10172.04,1
39,44544.38,14685.12,0.1818,26400.71,60,0,91.09,3.9,7,1366.31,0,4.7,1907.55,1
67,54151.03,15103.55,0.843,7533.31,36,0,99.92,1.6,4,2575.49,0,17.6,2547.36,1
55,65136.23,15494.25,0.8129,16202.25,12,1,99.73,1.0,1,3748.81,0,10.9,6568.95,1
40,65905.17,16039.29,0.3093,23047.82,24,0,89.16,7.3,3,3441.05,2,10.0,12130.25,1
43,72739.05,15481.94,0.5949,2000.0,60,0,91.07,3.5,2,2863.41,1,18.1,1711.32,1
68,59222.5,6169.09,0.385,32973.38,12,0,81.12,0.6,9,2387.17,1,17.5,3362.56,1
28,46635.02,13782.31,0.0201,30627.57,12,0,68.74,2.4,6,2649.43,1,6.1,1323.39,1
45,48006.03,17119.59,0.0356,2000.0,12,0,92.34,3.4,5,1308.58,0,14.8,944.66,1
19,55513.45,15778.31,0.0632,11210.0,36,0,70.79,2.2,6,2485.01,3,0.3,5623.59,1
25,59991.85,22630.0,0.5922,21048.5,60,0,86.0,1.5,4,1781.77,2,2.3,2528.57,1
46,52056.57,19960.69,0.2836,28418.42,12,0,89.24,2.0,1,1432.22,2,6.8,3441.35,1
28,55384.07,8036.72,0.1511,35261.27,36,3,82.57,6.7,9,1909.6,4,6.3,9910.28,1
54,24654.92,13666.98,0.9323,13626.59,36,0,86.51,15.3,8,804.94,2,6.8,11312.86,1
35,68347.11,12509.31,0.1289,43381.71,36,0,71.72,0.1,2,1812.4,1,8.6,345.63,1
67,58622.25,14965.21,0.6705,19512.41,24,0,90.42,4.9,9,3132.39,1,10.8,4177.3,1
31,75037.41,14976.15,0.8863,17758.72,36,0,97.74,0.4,8,3965.0,1,3.1,4443.89,1
27,55003.21,19892.17,0.1706,25617.25,60,1,79.36,1.1,8,2623.19,3,0.9,20973.59,1
52,20232.05,16418.63,0.2204,23107.91,48,0,64.84,3.9,1,1023.99,3,13.9,5986.28,1
26,47831.08,24844.36,0.5723,22548.84,24,2,84.79,7.9,2,1301.89,2,5.3,4201.14,0
52,51001.4,16928.03,0.5083,39961.61,12,0,73.66,2.9,3,1738.74,4,5.5,1940.17,1
28,69858.07,8355.28,0.5206,22473.71,36,0,76.76,10.6,8,3124.19,4,6.9,18524.77,1
61,13594.53,11261.76,0.5536,10157.26,24,0,66.07,6.3,4,744.12,1,29.7,20981.05,1
29,55823.59,19830.31,0.9409,11602.45,24,0,85.03,1.1,1,2710.96,4,2.9,30802.3475,1
20,65273.5,2086.65,0.0628,34726.25,60,0,91.49,5.8,5,1670.6,1,1.4,21715.31,1
56,41770.24,4232.96,0.7552,26838.29,12,0,90.66,1.9,6,1377.17,1,25.8,14705.68,1
31,56492.56,15085.58,0.2379,4436.51,48,0,99.76,7.3,5,2174.0,3,7.3,6815.87,1
45,42459.27,22607.38,0.3762,3944.75,48,0,68.49,1.3,2,1941.56,3,18.4,12849.99,1
28,40408.54,25456.28,0.0975,20250.55,24,0,96.57,0.8,8,1905.59,0,1.5,9187.69,1
56,46831.6,13263.15,0.4467,26164.88,24,0,89.3,5.1,4,2124.54,0,12.3,13896.57,1
42,40786.16,23486.63,0.7981,13219.52,12,0,88.3,4.8,8,1115.93,0,7.2,12243.93,1
38,68672.37,15578.14,0.1068,3198.3,24,0,87.35,4.3,8,3451.57,2,12.9,6087.56,1
27,40300.96,2748.68,0.2801,8748.28,36,1,81.53,1.4,5,1907.7,4,5.6,6404.66,1
60,36941.8,14935.39,0.3756,36457.51,48,0,75.15,1.2,2,1186.3,0,30.4,10579.82,1
32,90358.57,10048.74,0.1118,24969.7,36,1,97.73,12.2,7,3753.84,1,4.2,20069.29,1
36,74214.8,22345.85,0.7571,30000.82,60,1,66.04,3.8,2,2489.05,2,7.8,6036.43,1
65,17769.73,14794.6,0.7812,31649.93,24,0,67.04,2.6,5,850.91,4,5.3,4709.24,0
39,39704.63,4776.7,0.8292,13739.94,12,0,60.67,8.6,3,1278.38,0,16.7,19137.89,1
38,59849.26,3002.28,0.5822,16269.65,60,0,89.58,0.3,3,1536.45,4,7.8,3425.09,1
69,61475.1,14832.16,0.5071,18319.95,60,0,95.76,5.6,1,2421.51,0,25.0,24730.1,1
61,25190.14,0.0,0.2673,24166.85,12,0,67.44,0.8,1,665.88,1,20.3,7765.01,1
49,78171.31,10854.68,0.6521,30895.05,60,0,61.38,1.3,4,2066.88,3,11.5,4503.03,1
67,71504.49,16848.24,0.4457,38698.81,36,1,69.76,5.1,9,2243.2,4,12.9,5122.05,1
40,64638.03,6543.87,0.9614,28143.02,60,3,95.35,1.6,5,3169.56,3,13.7,7877.44,0
30,82134.57,22951.9,0.9588,28215.86,12,0,60.65,7.5,9,4634.61,3,4.4,3879.6,1
22,64045.8,24528.05,0.8971,39266.31,48,0,64.05,3.7,6,2695.59,1,2.3,14931.43,0
21,63971.62,6866.39,0.3629,17949.41,24,1,61.0,2.0,6,3044.97,3,1.8,30802.3475,1
45,86153.59,12615.65,0.3706,31890.03,12,0,97.73,10.0,3,2296.18,4,16.4,17212.6,1
31,77024.39,22957.55,0.8456,25782.83,36,0,65.42,5.0,4,3954.83,2,2.0,1300.79,1
25,38169.85,14989.54,0.7246,26149.52,36,0,96.02,2.7,7,1524.61,4,5.5,3991.55,1
26,67663.9,3844.17,0.7003,17854.72,48,0,78.94,3.0,4,2779.57,0,5.1,7223.0,1
68,41714.64,13853.43,0.284,6057.67,36,0,75.79,1.6,2,2158.99,0,25.9,21456.43,1
52,65083.09,8176.57,0.8267,23448.34,12,0,77.06,0.6,4,1879.87,0,10.3,6226.69,1
54,64532.27,23865.58,0.5778,23490.84,36,0,76.75,1.8,4,2593.49,4,7.4,3875.25,1
38,27330.65,19847.46,0.4479,14245.57,48,1,73.67,3.4,8,1174.62,4,13.1,14946.46,1
35,52563.09,12489.94,0.8581,19032.65,48,0,92.43,2.0,8,2388.89,3,6.4,13441.54,1
50,60305.14,16137.18,0.3963,11181.07,60,0,80.32,3.2,3,2929.79,3,23.6,1518.38,1
25,46274.2,4535.03,0.6508,11265.89,60,0,99.64,0.3,4,2130.27,4,5.3,1793.05,1
68,61294.2,8969.78,0.4666,15190.37,36,0,80.71,0.6,7,3264.27,2,6.9,7089.69,1
66,71117.96,27426.23,0.5909,6715.62,36,1,92.74,6.5,5,4105.85,1,24.3,19520.2,1
34,54388.14,15428.12,0.0497,14165.22,36,1,89.8,1.0,2,1390.36,3,5.9,3278.1,1
60,59491.99,22440.69,0.4619,27137.35,36,0,76.04,2.1,4,2306.78,3,16.2,10046.19,1
48,82668.48,16856.1,0.5554,34561.18,60,1,91.55,5.1,8,3193.94,4,15.9,5592.68,1
51,64463.93,25514.25,0.4929,40754.38,12,0,66.2,18.8,2,3224.22,2,21.3,238.73,1
23,59016.49,0.0,0.8405,15998.67,12,0,68.13,0.7,7,2046.88,3,2.4,6352.11,1
39,35838.41,13494.26,0.3149,32001.07,12,0,84.76,7.1,2,913.96,0,13.2,10097.41,1
31,68420.52,28158.25,0.8764,23361.74,60,1,88.46,3.4,5,1880.78,0,10.1,20106.12,1
20,61603.0,22649.39,0.4054,17626.46,12,0,85.75,0.5,2,3436.66,3,0.8,3393.82,1
29,80674.79,25602.98,0.6906,24022.03,12,1,80.38,0.9,3,4486.11,4,4.5,8928.44,1
53,55937.57,14945.88,0.095,31021.26,60,1,65.5,5.9,3,1876.36,4,20.0,26078.84,1
29,18674.67,10703.15,0.2062,15016.99,24,0,74.91,10.6,4,1049.51,4,1.4,9211.54,1
62,20997.58,6782.68,0.7559,14786.8,36,1,84.2,0.1,4,1138.05,2,8.0,23788.48,1
19,69713.62,6224.58,0.0221,15902.2,36,0,69.04,1.3,2,3343.97,0,0.2,8985.55,1
19,43596.13,21456.48,0.9592,13732.26,24,0,85.51,2.2,4,1445.5,1,0.5,9421.19,1
32,63735.36,19105.69,0.1968,31988.83,48,0,69.37,22.5,7,1844.82,3,6.7,12664.41,1
40,57284.65,14467.41,0.8933,12361.51,12,0,63.91,5.3,1,1752.35,2,6.9,13865.06,1
46,51663.21,19065.53,0.5156,14123.85,24,0,72.97,2.2,6,1632.19,2,14.1,7096.15,1
34,53072.77,16139.61,0.5633,23112.03,12,0,70.91,1.1,8,2754.73,4,12.4,10439.76,1
49,37692.21,22697.74,0.0924,22303.26,24,1,92.42,1.3,6,1345.41,3,21.8,11919.14,1
24,54915.35,22621.49,0.3679,15901.5,36,0,79.34,0.3,8,2602.92,2,2.1,1713.31,1
47,43310.13,6473.01,0.1631,36836.21,12,0,62.56,26.2,7,2192.1,0,22.2,3620.57,1
45,47554.87,17189.17,0.5254,13693.64,60,0,92.62,20.2,3,1876.12,1,9.4,22461.26,1
31,48527.02,1649.07,0.5497,18289.14,36,1,70.75,0.1,7,1559.2,3,6.5,2742.32,1
61,50466.13,16064.17,0.7055,2000.0,36,0,82.71,1.6,5,2059.91,2,25.0,10148.28,1
47,73443.47,19834.43,0.8707,16950.02,36,0,81.66,0.1,3,2164.58,2,15.3,550.94,1
34,52404.18,4490.25,0.4688,6770.43,12,0,98.86,1.8,7,2734.54,0,11.1,17319.29,1
49,75474.05,11668.3,0.2387,10837.35,48,0,70.2,11.6,3,3915.39,3,15.4,8958.75,1
63,85757.1,15076.21,0.3369,2000.0,24,1,65.81,10.4,2,4813.57,2,16.3,7029.08,1
23,72098.89,16871.32,0.8401,11074.96,24,1,70.34,5.8,7,3753.58,1,2.4,13520.15,1
68,65689.37,12771.17,0.1529,19249.39,60,0,83.06,21.8,1,3063.31,1,37.7,14378.18,1
41,61536.64,5621.69,0.6247,17558.18,48,0,68.7,6.9,1,2313.23,1,13.7,2827.48,1
23,72307.17,14567.94,0.0228,15852.28,36,0,73.62,1.4,5,3004.47,3,1.5,30802.3475,1
44,56787.21,1782.05,0.2508,16750.96,24,1,86.32,9.0,2,1772.66,1,3.0,24253.51,1
35,74691.4,13138.87,0.5896,14950.1,12,0,64.66,3.5,1,3544.24,4,8.9,2385.48,1
41,67282.12,11469.01,0.4573,19653.96,36,0,97.81,3.5,8,3554.16,1,4.7,3975.03,1
54,47803.19,13925.87,0.4937,18897.74,36,1,81.29,8.9,1,2305.98,3,16.3,4700.99,1
41,72917.02,10525.42,0.6574,22749.81,48,0,79.34,3.8,9,4148.8,0,6.3,15307.04,1
55,56829.6,2938.55,0.2399,17990.38,48,1,74.52,2.0,8,3264.02,4,26.9,4064.91,1
51,52877.36,12069.25,0.2852,15663.4,24,1,69.83,13.2,1,2549.56,2,6.3,11061.48,1
57,45476.02,22446.56,0.6808,27782.22,24,1,79.34,0.4,7,2267.87,1,30.8,10725.39,0
64,58320.38,25091.69,0.5375,26028.73,36,1,79.45,5.4,3,2094.35,0,8.2,8343.74,1
32,74929.25,34514.67,0.0243,19675.74,60,0,62.24,7.7,6,1985.9,4,7.3,9691.4,1
